-- phpMyAdmin SQL Dump
-- version 5.0.4
-- https://www.phpmyadmin.net/
--
-- Host: localhost
-- Generation Time: Apr 07, 2021 at 02:32 PM
-- Server version: 10.5.9-MariaDB-1
-- PHP Version: 7.4.15

SET SQL_MODE = "NO_AUTO_VALUE_ON_ZERO";
START TRANSACTION;
SET time_zone = "+00:00";


/*!40101 SET @OLD_CHARACTER_SET_CLIENT=@@CHARACTER_SET_CLIENT */;
/*!40101 SET @OLD_CHARACTER_SET_RESULTS=@@CHARACTER_SET_RESULTS */;
/*!40101 SET @OLD_COLLATION_CONNECTION=@@COLLATION_CONNECTION */;
/*!40101 SET NAMES utf8mb4 */;

--
-- Database: `webCupENI`
--

-- --------------------------------------------------------

--
-- Table structure for table `cactus_albums`
--

CREATE TABLE `cactus_albums` (
  `id` bigint(20) UNSIGNED NOT NULL,
  `titre` varchar(255) COLLATE utf8mb4_unicode_ci NOT NULL,
  `description` longtext COLLATE utf8mb4_unicode_ci NOT NULL,
  `photos` varchar(255) COLLATE utf8mb4_unicode_ci DEFAULT NULL,
  `created_at` timestamp NULL DEFAULT NULL,
  `updated_at` timestamp NULL DEFAULT NULL
) ENGINE=InnoDB DEFAULT CHARSET=utf8mb4 COLLATE=utf8mb4_unicode_ci;

-- --------------------------------------------------------

--
-- Table structure for table `cactus_annee_universitaires`
--

CREATE TABLE `cactus_annee_universitaires` (
  `id` bigint(20) UNSIGNED NOT NULL,
  `niveau_id` bigint(20) UNSIGNED DEFAULT NULL,
  `etudiant_id` bigint(20) UNSIGNED DEFAULT NULL,
  `annee_id` bigint(20) UNSIGNED DEFAULT NULL
) ENGINE=InnoDB DEFAULT CHARSET=utf8mb4 COLLATE=utf8mb4_unicode_ci;

--
-- Dumping data for table `cactus_annee_universitaires`
--

INSERT INTO `cactus_annee_universitaires` (`id`, `niveau_id`, `etudiant_id`, `annee_id`) VALUES
(1, 1, 1, 1),
(2, 1, 2, 1),
(3, 1, 3, 1),
(4, 1, 4, 1),
(5, 1, 5, 1),
(6, 1, 6, 1),
(7, 1, 7, 1),
(8, 1, 8, 1),
(9, 1, 9, 1),
(10, 1, 10, 1),
(11, 1, 11, 1),
(12, 1, 12, 1),
(13, 1, 13, 1),
(14, 1, 14, 1),
(15, 1, 15, 1),
(16, 1, 16, 1),
(17, 1, 17, 1),
(18, 1, 18, 1),
(19, 1, 19, 1),
(20, 1, 20, 1),
(21, 1, 21, 1),
(22, 1, 22, 1),
(23, 1, 23, 1),
(24, 1, 24, 1),
(25, 1, 25, 1),
(26, 1, 26, 1),
(27, 1, 27, 1),
(28, 1, 28, 1),
(29, 1, 29, 1),
(30, 1, 30, 1),
(31, 1, 31, 1),
(32, 1, 32, 1),
(33, 1, 33, 1),
(34, 1, 34, 1),
(35, 1, 35, 1),
(36, 1, 36, 1),
(37, 1, 37, 1),
(38, 1, 38, 1),
(39, 1, 39, 1),
(40, 1, 40, 1),
(41, 1, 41, 1),
(42, 1, 42, 1),
(43, 1, 43, 1),
(44, 1, 44, 1),
(45, 1, 45, 1),
(46, 1, 46, 1),
(47, 1, 47, 1),
(48, 1, 48, 1),
(49, 1, 49, 1),
(50, 1, 50, 1),
(51, 2, 51, 1),
(52, 2, 52, 1),
(53, 2, 53, 1),
(54, 2, 54, 1),
(55, 2, 55, 1),
(56, 2, 56, 1),
(57, 2, 57, 1),
(58, 2, 58, 1),
(59, 2, 59, 1),
(60, 2, 60, 1),
(61, 2, 61, 1),
(62, 2, 62, 1),
(63, 2, 63, 1),
(64, 2, 64, 1),
(65, 2, 65, 1),
(66, 2, 66, 1),
(67, 2, 67, 1),
(68, 2, 68, 1),
(69, 2, 69, 1),
(70, 2, 70, 1),
(71, 2, 71, 1),
(72, 2, 72, 1),
(73, 2, 73, 1),
(74, 2, 74, 1),
(75, 2, 75, 1),
(76, 2, 76, 1),
(77, 2, 77, 1),
(78, 2, 78, 1),
(79, 2, 79, 1),
(80, 2, 80, 1),
(81, 2, 81, 1),
(82, 2, 82, 1),
(83, 2, 83, 1),
(84, 2, 84, 1),
(85, 2, 85, 1),
(86, 2, 86, 1),
(87, 2, 87, 1),
(88, 2, 88, 1),
(89, 2, 89, 1),
(90, 2, 90, 1),
(91, 2, 91, 1),
(92, 2, 92, 1),
(93, 2, 93, 1),
(94, 2, 94, 1),
(95, 2, 95, 1),
(96, 2, 96, 1),
(97, 2, 97, 1),
(98, 2, 98, 1),
(99, 2, 99, 1),
(100, 2, 100, 1),
(101, 3, 101, 1),
(102, 3, 102, 1),
(103, 3, 103, 1),
(104, 3, 104, 1),
(105, 3, 105, 1),
(106, 3, 106, 1),
(107, 3, 107, 1),
(108, 3, 108, 1),
(109, 3, 109, 1),
(110, 3, 110, 1),
(111, 3, 111, 1),
(112, 3, 112, 1),
(113, 3, 113, 1),
(114, 3, 114, 1),
(115, 3, 115, 1),
(116, 3, 116, 1),
(117, 3, 117, 1),
(118, 3, 118, 1),
(119, 3, 119, 1),
(120, 3, 120, 1),
(121, 3, 121, 1),
(122, 3, 122, 1),
(123, 3, 123, 1),
(124, 3, 124, 1),
(125, 3, 125, 1),
(126, 3, 126, 1),
(127, 3, 127, 1),
(128, 3, 128, 1),
(129, 3, 129, 1),
(130, 3, 130, 1),
(131, 3, 131, 1),
(132, 3, 132, 1),
(133, 3, 133, 1),
(134, 3, 134, 1),
(135, 3, 135, 1),
(136, 3, 136, 1),
(137, 3, 137, 1),
(138, 3, 138, 1),
(139, 3, 139, 1),
(140, 3, 140, 1),
(141, 3, 141, 1),
(142, 3, 142, 1),
(143, 3, 143, 1),
(144, 3, 144, 1),
(145, 3, 145, 1),
(146, 3, 146, 1),
(147, 3, 147, 1),
(148, 3, 148, 1),
(149, 3, 149, 1),
(150, 3, 150, 1),
(151, 4, 151, 1),
(152, 4, 152, 1),
(153, 4, 153, 1),
(154, 4, 154, 1),
(155, 4, 155, 1),
(156, 4, 156, 1),
(157, 4, 157, 1),
(158, 4, 158, 1),
(159, 4, 159, 1),
(160, 4, 160, 1),
(161, 4, 161, 1),
(162, 4, 162, 1),
(163, 4, 163, 1),
(164, 4, 164, 1),
(165, 4, 165, 1),
(166, 4, 166, 1),
(167, 4, 167, 1),
(168, 4, 168, 1),
(169, 4, 169, 1),
(170, 4, 170, 1),
(171, 4, 171, 1),
(172, 4, 172, 1),
(173, 4, 173, 1),
(174, 4, 174, 1),
(175, 4, 175, 1),
(176, 4, 176, 1),
(177, 4, 177, 1),
(178, 4, 178, 1),
(179, 4, 179, 1),
(180, 4, 180, 1),
(181, 4, 181, 1),
(182, 4, 182, 1),
(183, 4, 183, 1),
(184, 4, 184, 1),
(185, 4, 185, 1),
(186, 4, 186, 1),
(187, 4, 187, 1),
(188, 4, 188, 1),
(189, 4, 189, 1),
(190, 4, 190, 1),
(191, 4, 191, 1),
(192, 4, 192, 1),
(193, 4, 193, 1),
(194, 4, 194, 1),
(195, 4, 195, 1),
(196, 4, 196, 1),
(197, 4, 197, 1),
(198, 4, 198, 1),
(199, 4, 199, 1),
(200, 4, 200, 1),
(201, 5, 201, 1),
(202, 5, 202, 1),
(203, 5, 203, 1),
(204, 5, 204, 1),
(205, 5, 205, 1),
(206, 5, 206, 1),
(207, 5, 207, 1),
(208, 5, 208, 1),
(209, 5, 209, 1),
(210, 5, 210, 1),
(211, 5, 211, 1),
(212, 5, 212, 1),
(213, 5, 213, 1),
(214, 5, 214, 1),
(215, 5, 215, 1),
(216, 5, 216, 1),
(217, 5, 217, 1),
(218, 5, 218, 1),
(219, 5, 219, 1),
(220, 5, 220, 1),
(221, 5, 221, 1),
(222, 5, 222, 1),
(223, 5, 223, 1),
(224, 5, 224, 1),
(225, 5, 225, 1),
(226, 5, 226, 1),
(227, 5, 227, 1),
(228, 5, 228, 1),
(229, 5, 229, 1),
(230, 5, 230, 1),
(231, 5, 231, 1),
(232, 5, 232, 1),
(233, 5, 233, 1),
(234, 5, 234, 1),
(235, 5, 235, 1),
(236, 5, 236, 1),
(237, 5, 237, 1),
(238, 5, 238, 1),
(239, 5, 239, 1),
(240, 5, 240, 1),
(241, 5, 241, 1),
(242, 5, 242, 1),
(243, 5, 243, 1),
(244, 5, 244, 1),
(245, 5, 245, 1),
(246, 5, 246, 1),
(247, 5, 247, 1),
(248, 5, 248, 1),
(249, 5, 249, 1),
(250, 5, 250, 1),
(251, 1, 251, 1),
(252, 1, 252, 1),
(253, 1, 253, 1),
(254, 1, 254, 1),
(255, 1, 255, 1),
(256, 1, 256, 1),
(257, 1, 257, 1),
(258, 1, 258, 1),
(259, 1, 259, 1),
(260, 1, 260, 1),
(261, 1, 261, 1),
(262, 1, 262, 1),
(263, 1, 263, 1),
(264, 1, 264, 1),
(265, 1, 265, 1),
(266, 1, 266, 1),
(267, 1, 267, 1),
(268, 1, 268, 1),
(269, 1, 269, 1),
(270, 1, 270, 1),
(271, 1, 271, 1),
(272, 1, 272, 1),
(273, 1, 273, 1),
(274, 1, 274, 1),
(275, 1, 275, 1),
(276, 1, 276, 1),
(277, 1, 277, 1),
(278, 1, 278, 1),
(279, 1, 279, 1),
(280, 1, 280, 1),
(281, 1, 281, 1),
(282, 1, 282, 1),
(283, 1, 283, 1),
(284, 1, 284, 1),
(285, 1, 285, 1),
(286, 1, 286, 1),
(287, 1, 287, 1),
(288, 1, 288, 1),
(289, 1, 289, 1),
(290, 1, 290, 1),
(291, 1, 291, 1),
(292, 1, 292, 1),
(293, 1, 293, 1),
(294, 1, 294, 1),
(295, 1, 295, 1),
(296, 1, 296, 1),
(297, 1, 297, 1),
(298, 1, 298, 1),
(299, 1, 299, 1),
(300, 1, 300, 1),
(301, 2, 301, 1),
(302, 2, 302, 1),
(303, 2, 303, 1),
(304, 2, 304, 1),
(305, 2, 305, 1),
(306, 2, 306, 1),
(307, 2, 307, 1),
(308, 2, 308, 1),
(309, 2, 309, 1),
(310, 2, 310, 1),
(311, 2, 311, 1),
(312, 2, 312, 1),
(313, 2, 313, 1),
(314, 2, 314, 1),
(315, 2, 315, 1),
(316, 2, 316, 1),
(317, 2, 317, 1),
(318, 2, 318, 1),
(319, 2, 319, 1),
(320, 2, 320, 1),
(321, 2, 321, 1),
(322, 2, 322, 1),
(323, 2, 323, 1),
(324, 2, 324, 1),
(325, 2, 325, 1),
(326, 2, 326, 1),
(327, 2, 327, 1),
(328, 2, 328, 1),
(329, 2, 329, 1),
(330, 2, 330, 1),
(331, 2, 331, 1),
(332, 2, 332, 1),
(333, 2, 333, 1),
(334, 2, 334, 1),
(335, 2, 335, 1),
(336, 2, 336, 1),
(337, 2, 337, 1),
(338, 2, 338, 1),
(339, 2, 339, 1),
(340, 2, 340, 1),
(341, 2, 341, 1),
(342, 2, 342, 1),
(343, 2, 343, 1),
(344, 2, 344, 1),
(345, 2, 345, 1),
(346, 2, 346, 1),
(347, 2, 347, 1),
(348, 2, 348, 1),
(349, 2, 349, 1),
(350, 2, 350, 1),
(351, 3, 351, 1),
(352, 3, 352, 1),
(353, 3, 353, 1),
(354, 3, 354, 1),
(355, 3, 355, 1),
(356, 3, 356, 1),
(357, 3, 357, 1),
(358, 3, 358, 1),
(359, 3, 359, 1),
(360, 3, 360, 1),
(361, 3, 361, 1),
(362, 3, 362, 1),
(363, 3, 363, 1),
(364, 3, 364, 1),
(365, 3, 365, 1),
(366, 3, 366, 1),
(367, 3, 367, 1),
(368, 3, 368, 1),
(369, 3, 369, 1),
(370, 3, 370, 1),
(371, 3, 371, 1),
(372, 3, 372, 1),
(373, 3, 373, 1),
(374, 3, 374, 1),
(375, 3, 375, 1),
(376, 3, 376, 1),
(377, 3, 377, 1),
(378, 3, 378, 1),
(379, 3, 379, 1),
(380, 3, 380, 1),
(381, 3, 381, 1),
(382, 3, 382, 1),
(383, 3, 383, 1),
(384, 3, 384, 1),
(385, 3, 385, 1),
(386, 3, 386, 1),
(387, 3, 387, 1),
(388, 3, 388, 1),
(389, 3, 389, 1),
(390, 3, 390, 1),
(391, 3, 391, 1),
(392, 3, 392, 1),
(393, 3, 393, 1),
(394, 3, 394, 1),
(395, 3, 395, 1),
(396, 3, 396, 1),
(397, 3, 397, 1),
(398, 3, 398, 1),
(399, 3, 399, 1),
(400, 3, 400, 1),
(401, 4, 401, 1),
(402, 4, 402, 1),
(403, 4, 403, 1),
(404, 4, 404, 1),
(405, 4, 405, 1),
(406, 4, 406, 1),
(407, 4, 407, 1),
(408, 4, 408, 1),
(409, 4, 409, 1),
(410, 4, 410, 1),
(411, 4, 411, 1),
(412, 4, 412, 1),
(413, 4, 413, 1),
(414, 4, 414, 1),
(415, 4, 415, 1),
(416, 4, 416, 1),
(417, 4, 417, 1),
(418, 4, 418, 1),
(419, 4, 419, 1),
(420, 4, 420, 1),
(421, 4, 421, 1),
(422, 4, 422, 1),
(423, 4, 423, 1),
(424, 4, 424, 1),
(425, 4, 425, 1),
(426, 4, 426, 1),
(427, 4, 427, 1),
(428, 4, 428, 1),
(429, 4, 429, 1),
(430, 4, 430, 1),
(431, 4, 431, 1),
(432, 4, 432, 1),
(433, 4, 433, 1),
(434, 4, 434, 1),
(435, 4, 435, 1),
(436, 4, 436, 1),
(437, 4, 437, 1),
(438, 4, 438, 1),
(439, 4, 439, 1),
(440, 4, 440, 1),
(441, 4, 441, 1),
(442, 4, 442, 1),
(443, 4, 443, 1),
(444, 4, 444, 1),
(445, 4, 445, 1),
(446, 4, 446, 1),
(447, 4, 447, 1),
(448, 4, 448, 1),
(449, 4, 449, 1),
(450, 4, 450, 1),
(451, 5, 451, 1),
(452, 5, 452, 1),
(453, 5, 453, 1),
(454, 5, 454, 1),
(455, 5, 455, 1),
(456, 5, 456, 1),
(457, 5, 457, 1),
(458, 5, 458, 1),
(459, 5, 459, 1),
(460, 5, 460, 1),
(461, 5, 461, 1),
(462, 5, 462, 1),
(463, 5, 463, 1),
(464, 5, 464, 1),
(465, 5, 465, 1),
(466, 5, 466, 1),
(467, 5, 467, 1),
(468, 5, 468, 1),
(469, 5, 469, 1),
(470, 5, 470, 1),
(471, 5, 471, 1),
(472, 5, 472, 1),
(473, 5, 473, 1),
(474, 5, 474, 1),
(475, 5, 475, 1),
(476, 5, 476, 1),
(477, 5, 477, 1),
(478, 5, 478, 1),
(479, 5, 479, 1),
(480, 5, 480, 1),
(481, 5, 481, 1),
(482, 5, 482, 1),
(483, 5, 483, 1),
(484, 5, 484, 1),
(485, 5, 485, 1),
(486, 5, 486, 1),
(487, 5, 487, 1),
(488, 5, 488, 1),
(489, 5, 489, 1),
(490, 5, 490, 1),
(491, 5, 491, 1),
(492, 5, 492, 1),
(493, 5, 493, 1),
(494, 5, 494, 1),
(495, 5, 495, 1),
(496, 5, 496, 1),
(497, 5, 497, 1),
(498, 5, 498, 1),
(499, 5, 499, 1),
(500, 5, 500, 1),
(501, 1, 501, 1),
(502, 1, 502, 1),
(503, 1, 503, 1),
(504, 1, 504, 1),
(505, 1, 505, 1),
(506, 1, 506, 1),
(507, 1, 507, 1),
(508, 1, 508, 1),
(509, 1, 509, 1),
(510, 1, 510, 1),
(511, 1, 511, 1),
(512, 1, 512, 1),
(513, 1, 513, 1),
(514, 1, 514, 1),
(515, 1, 515, 1),
(516, 1, 516, 1),
(517, 1, 517, 1),
(518, 1, 518, 1),
(519, 1, 519, 1),
(520, 1, 520, 1),
(521, 1, 521, 1),
(522, 1, 522, 1),
(523, 1, 523, 1),
(524, 1, 524, 1),
(525, 1, 525, 1),
(526, 1, 526, 1),
(527, 1, 527, 1),
(528, 1, 528, 1),
(529, 1, 529, 1),
(530, 1, 530, 1),
(531, 1, 531, 1),
(532, 1, 532, 1),
(533, 1, 533, 1),
(534, 1, 534, 1),
(535, 1, 535, 1),
(536, 1, 536, 1),
(537, 1, 537, 1),
(538, 1, 538, 1),
(539, 1, 539, 1),
(540, 1, 540, 1),
(541, 1, 541, 1),
(542, 1, 542, 1),
(543, 1, 543, 1),
(544, 1, 544, 1),
(545, 1, 545, 1),
(546, 1, 546, 1),
(547, 1, 547, 1),
(548, 1, 548, 1),
(549, 1, 549, 1),
(550, 1, 550, 1),
(551, 2, 551, 1),
(552, 2, 552, 1),
(553, 2, 553, 1),
(554, 2, 554, 1),
(555, 2, 555, 1),
(556, 2, 556, 1),
(557, 2, 557, 1),
(558, 2, 558, 1),
(559, 2, 559, 1),
(560, 2, 560, 1),
(561, 2, 561, 1),
(562, 2, 562, 1),
(563, 2, 563, 1),
(564, 2, 564, 1),
(565, 2, 565, 1),
(566, 2, 566, 1),
(567, 2, 567, 1),
(568, 2, 568, 1),
(569, 2, 569, 1),
(570, 2, 570, 1),
(571, 2, 571, 1),
(572, 2, 572, 1),
(573, 2, 573, 1),
(574, 2, 574, 1),
(575, 2, 575, 1),
(576, 2, 576, 1),
(577, 2, 577, 1),
(578, 2, 578, 1),
(579, 2, 579, 1),
(580, 2, 580, 1),
(581, 2, 581, 1),
(582, 2, 582, 1),
(583, 2, 583, 1),
(584, 2, 584, 1),
(585, 2, 585, 1),
(586, 2, 586, 1),
(587, 2, 587, 1),
(588, 2, 588, 1),
(589, 2, 589, 1),
(590, 2, 590, 1),
(591, 2, 591, 1),
(592, 2, 592, 1),
(593, 2, 593, 1),
(594, 2, 594, 1),
(595, 2, 595, 1),
(596, 2, 596, 1),
(597, 2, 597, 1),
(598, 2, 598, 1),
(599, 2, 599, 1),
(600, 2, 600, 1),
(601, 3, 601, 1),
(602, 3, 602, 1),
(603, 3, 603, 1),
(604, 3, 604, 1),
(605, 3, 605, 1),
(606, 3, 606, 1),
(607, 3, 607, 1),
(608, 3, 608, 1),
(609, 3, 609, 1),
(610, 3, 610, 1),
(611, 3, 611, 1),
(612, 3, 612, 1),
(613, 3, 613, 1),
(614, 3, 614, 1),
(615, 3, 615, 1),
(616, 3, 616, 1),
(617, 3, 617, 1),
(618, 3, 618, 1),
(619, 3, 619, 1),
(620, 3, 620, 1),
(621, 3, 621, 1),
(622, 3, 622, 1),
(623, 3, 623, 1),
(624, 3, 624, 1),
(625, 3, 625, 1),
(626, 3, 626, 1),
(627, 3, 627, 1),
(628, 3, 628, 1),
(629, 3, 629, 1),
(630, 3, 630, 1),
(631, 3, 631, 1),
(632, 3, 632, 1),
(633, 3, 633, 1),
(634, 3, 634, 1),
(635, 3, 635, 1),
(636, 3, 636, 1),
(637, 3, 637, 1),
(638, 3, 638, 1),
(639, 3, 639, 1),
(640, 3, 640, 1),
(641, 3, 641, 1),
(642, 3, 642, 1),
(643, 3, 643, 1),
(644, 3, 644, 1),
(645, 3, 645, 1),
(646, 3, 646, 1),
(647, 3, 647, 1),
(648, 3, 648, 1),
(649, 3, 649, 1),
(650, 3, 650, 1),
(651, 4, 651, 1),
(652, 4, 652, 1),
(653, 4, 653, 1),
(654, 4, 654, 1),
(655, 4, 655, 1),
(656, 4, 656, 1),
(657, 4, 657, 1),
(658, 4, 658, 1),
(659, 4, 659, 1),
(660, 4, 660, 1),
(661, 4, 661, 1),
(662, 4, 662, 1),
(663, 4, 663, 1),
(664, 4, 664, 1),
(665, 4, 665, 1),
(666, 4, 666, 1),
(667, 4, 667, 1),
(668, 4, 668, 1),
(669, 4, 669, 1),
(670, 4, 670, 1),
(671, 4, 671, 1),
(672, 4, 672, 1),
(673, 4, 673, 1),
(674, 4, 674, 1),
(675, 4, 675, 1),
(676, 4, 676, 1),
(677, 4, 677, 1),
(678, 4, 678, 1),
(679, 4, 679, 1),
(680, 4, 680, 1),
(681, 4, 681, 1),
(682, 4, 682, 1),
(683, 4, 683, 1),
(684, 4, 684, 1),
(685, 4, 685, 1),
(686, 4, 686, 1),
(687, 4, 687, 1),
(688, 4, 688, 1),
(689, 4, 689, 1),
(690, 4, 690, 1),
(691, 4, 691, 1),
(692, 4, 692, 1),
(693, 4, 693, 1),
(694, 4, 694, 1),
(695, 4, 695, 1),
(696, 4, 696, 1),
(697, 4, 697, 1),
(698, 4, 698, 1),
(699, 4, 699, 1),
(700, 4, 700, 1),
(701, 5, 701, 1),
(702, 5, 702, 1),
(703, 5, 703, 1),
(704, 5, 704, 1),
(705, 5, 705, 1),
(706, 5, 706, 1),
(707, 5, 707, 1),
(708, 5, 708, 1),
(709, 5, 709, 1),
(710, 5, 710, 1),
(711, 5, 711, 1),
(712, 5, 712, 1),
(713, 5, 713, 1),
(714, 5, 714, 1),
(715, 5, 715, 1),
(716, 5, 716, 1),
(717, 5, 717, 1),
(718, 5, 718, 1),
(719, 5, 719, 1),
(720, 5, 720, 1),
(721, 5, 721, 1),
(722, 5, 722, 1),
(723, 5, 723, 1),
(724, 5, 724, 1),
(725, 5, 725, 1),
(726, 5, 726, 1),
(727, 5, 727, 1),
(728, 5, 728, 1),
(729, 5, 729, 1),
(730, 5, 730, 1),
(731, 5, 731, 1),
(732, 5, 732, 1),
(733, 5, 733, 1),
(734, 5, 734, 1),
(735, 5, 735, 1),
(736, 5, 736, 1),
(737, 5, 737, 1),
(738, 5, 738, 1),
(739, 5, 739, 1),
(740, 5, 740, 1),
(741, 5, 741, 1),
(742, 5, 742, 1),
(743, 5, 743, 1),
(744, 5, 744, 1),
(745, 5, 745, 1),
(746, 5, 746, 1),
(747, 5, 747, 1),
(748, 5, 748, 1),
(749, 5, 749, 1),
(750, 5, 750, 1);

-- --------------------------------------------------------

--
-- Table structure for table `cactus_annee_universitaire_libelles`
--

CREATE TABLE `cactus_annee_universitaire_libelles` (
  `id` bigint(20) UNSIGNED NOT NULL,
  `libelle` varchar(255) COLLATE utf8mb4_unicode_ci NOT NULL,
  `created_at` timestamp NULL DEFAULT NULL,
  `updated_at` timestamp NULL DEFAULT NULL
) ENGINE=InnoDB DEFAULT CHARSET=utf8mb4 COLLATE=utf8mb4_unicode_ci;

--
-- Dumping data for table `cactus_annee_universitaire_libelles`
--

INSERT INTO `cactus_annee_universitaire_libelles` (`id`, `libelle`, `created_at`, `updated_at`) VALUES
(1, '2020-2021', NULL, NULL),
(2, '2019-2020', NULL, NULL),
(3, '2018-2019', NULL, NULL),
(4, '2017-2018', NULL, NULL);

-- --------------------------------------------------------

--
-- Table structure for table `cactus_annonces`
--

CREATE TABLE `cactus_annonces` (
  `id` bigint(20) UNSIGNED NOT NULL,
  `titre` varchar(255) COLLATE utf8mb4_unicode_ci NOT NULL,
  `description` longtext COLLATE utf8mb4_unicode_ci NOT NULL,
  `image` varchar(255) COLLATE utf8mb4_unicode_ci DEFAULT NULL,
  `galerie` varchar(255) COLLATE utf8mb4_unicode_ci DEFAULT NULL,
  `created_at` timestamp NULL DEFAULT NULL,
  `updated_at` timestamp NULL DEFAULT NULL
) ENGINE=InnoDB DEFAULT CHARSET=utf8mb4 COLLATE=utf8mb4_unicode_ci;

--
-- Dumping data for table `cactus_annonces`
--

INSERT INTO `cactus_annonces` (`id`, `titre`, `description`, `image`, `galerie`, `created_at`, `updated_at`) VALUES
(1, 'et', 'Minus optio molestias sit in deleniti ut possimus tenetur.', NULL, NULL, '2021-04-07 09:18:18', '2021-04-07 09:18:18'),
(2, 'enim', 'Consectetur repellat consectetur laboriosam quia.', NULL, NULL, '2021-04-07 09:18:18', '2021-04-07 09:18:18'),
(3, 'consequuntur', 'Quod impedit repellat vero nisi incidunt.', NULL, NULL, '2021-04-07 09:18:18', '2021-04-07 09:18:18'),
(4, 'et', 'Est vel commodi eos et.', NULL, NULL, '2021-04-07 09:18:18', '2021-04-07 09:18:18'),
(5, 'dolorem', 'Impedit sapiente harum qui modi asperiores explicabo.', NULL, NULL, '2021-04-07 09:18:18', '2021-04-07 09:18:18'),
(6, 'sunt', 'Non illum totam eum natus.', NULL, NULL, '2021-04-07 09:18:18', '2021-04-07 09:18:18'),
(7, 'ipsum', 'Velit est quae recusandae aut.', NULL, NULL, '2021-04-07 09:18:18', '2021-04-07 09:18:18'),
(8, 'est', 'Et ea temporibus sed velit id tempora.', NULL, NULL, '2021-04-07 09:18:18', '2021-04-07 09:18:18'),
(9, 'est', 'Et beatae enim sit qui voluptatum vel.', NULL, NULL, '2021-04-07 09:18:18', '2021-04-07 09:18:18'),
(10, 'id', 'Quos ducimus voluptatem animi nihil et qui corporis.', NULL, NULL, '2021-04-07 09:18:18', '2021-04-07 09:18:18');

-- --------------------------------------------------------

--
-- Table structure for table `cactus_apropos`
--

CREATE TABLE `cactus_apropos` (
  `id` bigint(20) UNSIGNED NOT NULL,
  `description` longtext COLLATE utf8mb4_unicode_ci NOT NULL,
  `image` varchar(255) COLLATE utf8mb4_unicode_ci DEFAULT NULL,
  `galerie` varchar(255) COLLATE utf8mb4_unicode_ci DEFAULT NULL,
  `created_at` timestamp NULL DEFAULT NULL,
  `updated_at` timestamp NULL DEFAULT NULL
) ENGINE=InnoDB DEFAULT CHARSET=utf8mb4 COLLATE=utf8mb4_unicode_ci;

-- --------------------------------------------------------

--
-- Table structure for table `cactus_articles`
--

CREATE TABLE `cactus_articles` (
  `id` bigint(20) UNSIGNED NOT NULL,
  `titre` varchar(255) COLLATE utf8mb4_unicode_ci NOT NULL,
  `description` longtext COLLATE utf8mb4_unicode_ci NOT NULL,
  `posteur` varchar(255) COLLATE utf8mb4_unicode_ci NOT NULL,
  `slug` varchar(255) COLLATE utf8mb4_unicode_ci NOT NULL,
  `image` varchar(255) COLLATE utf8mb4_unicode_ci DEFAULT NULL,
  `galerie` varchar(255) COLLATE utf8mb4_unicode_ci DEFAULT NULL,
  `created_at` timestamp NULL DEFAULT NULL,
  `updated_at` timestamp NULL DEFAULT NULL,
  `club_id` bigint(20) UNSIGNED NOT NULL
) ENGINE=InnoDB DEFAULT CHARSET=utf8mb4 COLLATE=utf8mb4_unicode_ci;

--
-- Dumping data for table `cactus_articles`
--

INSERT INTO `cactus_articles` (`id`, `titre`, `description`, `posteur`, `slug`, `image`, `galerie`, `created_at`, `updated_at`, `club_id`) VALUES
(1, 'enim', 'Ad quis recusandae sed qui perferendis ea.', 'Adolphus Thiel', 'sapiente-ex-nisi-facilis-velit', NULL, NULL, '2021-04-07 09:18:18', '2021-04-07 09:18:18', 1),
(2, 'enim', 'Id repellat velit id accusamus.', 'Gerhard Effertz II', 'pariatur-eaque-vel-a-consectetur-assumenda', NULL, NULL, '2021-04-07 09:18:18', '2021-04-07 09:18:18', 1),
(3, 'qui', 'Itaque et quo quia tempora ab sunt commodi.', 'General D\'Amore MD', 'non-dolores-nesciunt-et-eveniet-aut-similique', NULL, NULL, '2021-04-07 09:18:18', '2021-04-07 09:18:18', 1),
(4, 'odio', 'Aut aut ipsa porro atque non laboriosam.', 'Mr. Emmett Harris DDS', 'qui-ad-perferendis-assumenda-corporis-quibusdam-debitis', NULL, NULL, '2021-04-07 09:18:18', '2021-04-07 09:18:18', 1),
(5, 'est', 'Quod et nam velit quo omnis occaecati qui.', 'Philip Rempel', 'tenetur-odio-ut-ut-id-corrupti-provident', NULL, NULL, '2021-04-07 09:18:18', '2021-04-07 09:18:18', 1),
(6, 'perferendis', 'Eos et laudantium voluptas magnam dolor nihil sint libero.', 'Victor McCullough', 'et-quia-alias-adipisci-reiciendis-voluptate-dolor-fugiat', NULL, NULL, '2021-04-07 09:18:18', '2021-04-07 09:18:18', 2),
(7, 'vel', 'Maiores velit illum nihil cumque magni est eaque.', 'Sim Prohaska', 'sit-harum-enim-unde-perferendis-modi', NULL, NULL, '2021-04-07 09:18:18', '2021-04-07 09:18:18', 2),
(8, 'ut', 'Ratione iste ea nam facere provident impedit.', 'Aiden McKenzie', 'eum-sapiente-sunt-deserunt-ut-asperiores-mollitia', NULL, NULL, '2021-04-07 09:18:18', '2021-04-07 09:18:18', 2),
(9, 'numquam', 'Illum voluptatem qui qui non.', 'Mrs. Abbey Gislason', 'saepe-incidunt-quae-quis-accusamus', NULL, NULL, '2021-04-07 09:18:18', '2021-04-07 09:18:18', 2),
(10, 'est', 'Blanditiis veritatis repellat esse sed officia delectus excepturi.', 'Miss Eulah Welch', 'magnam-ut-impedit-deleniti-sit-minus-enim', NULL, NULL, '2021-04-07 09:18:18', '2021-04-07 09:18:18', 2),
(11, 'qui', 'Repudiandae doloribus omnis labore velit expedita ipsam.', 'Rene Welch', 'similique-et-adipisci-rerum-similique', NULL, NULL, '2021-04-07 09:18:18', '2021-04-07 09:18:18', 3),
(12, 'praesentium', 'Et officiis illum omnis ipsa.', 'Aaliyah Zemlak Jr.', 'quia-nisi-qui-tempora', NULL, NULL, '2021-04-07 09:18:18', '2021-04-07 09:18:18', 3),
(13, 'voluptatem', 'In id ut similique aut repellendus architecto possimus.', 'Prof. Marjory Koss', 'dolores-quas-laboriosam-ut-sed-magnam-et-corrupti', NULL, NULL, '2021-04-07 09:18:18', '2021-04-07 09:18:18', 3),
(14, 'ea', 'Quia porro laboriosam sunt rerum ipsam id.', 'Aniya Schoen', 'iste-assumenda-aut-aspernatur-voluptatem-laudantium', NULL, NULL, '2021-04-07 09:18:18', '2021-04-07 09:18:18', 3),
(15, 'sed', 'Ad in tempora et est impedit est magni.', 'Craig Legros', 'ut-vel-quo-similique-aut-aut', NULL, NULL, '2021-04-07 09:18:18', '2021-04-07 09:18:18', 3),
(16, 'aut', 'Et ipsam aut sunt vel.', 'Jacklyn Marvin', 'at-aut-soluta-molestias-aut-explicabo-esse-aspernatur', NULL, NULL, '2021-04-07 09:18:18', '2021-04-07 09:18:18', 4),
(17, 'totam', 'Iusto fuga voluptatibus ut sed corporis.', 'Sherman Moen', 'ipsa-provident-rerum-nobis-cupiditate-ipsam', NULL, NULL, '2021-04-07 09:18:18', '2021-04-07 09:18:18', 4),
(18, 'provident', 'Quod sint voluptates et quo dolor qui.', 'Maurice Stoltenberg', 'magnam-impedit-vel-est', NULL, NULL, '2021-04-07 09:18:18', '2021-04-07 09:18:18', 4),
(19, 'similique', 'Earum ut ut autem voluptatem magnam qui.', 'Mossie Blanda', 'non-nobis-necessitatibus-vitae-ab-dolor-vel', NULL, NULL, '2021-04-07 09:18:18', '2021-04-07 09:18:18', 4),
(20, 'molestiae', 'Aperiam minima consequatur harum sapiente.', 'Terence Kunze', 'dolorum-reprehenderit-excepturi-sint-et-commodi-animi-dolor', NULL, NULL, '2021-04-07 09:18:18', '2021-04-07 09:18:18', 4);

-- --------------------------------------------------------

--
-- Table structure for table `cactus_clubs`
--

CREATE TABLE `cactus_clubs` (
  `id` bigint(20) UNSIGNED NOT NULL,
  `libelle` varchar(255) COLLATE utf8mb4_unicode_ci NOT NULL,
  `description` longtext COLLATE utf8mb4_unicode_ci NOT NULL,
  `image` varchar(255) COLLATE utf8mb4_unicode_ci DEFAULT NULL,
  `created_at` timestamp NULL DEFAULT NULL,
  `updated_at` timestamp NULL DEFAULT NULL
) ENGINE=InnoDB DEFAULT CHARSET=utf8mb4 COLLATE=utf8mb4_unicode_ci;

--
-- Dumping data for table `cactus_clubs`
--

INSERT INTO `cactus_clubs` (`id`, `libelle`, `description`, `image`, `created_at`, `updated_at`) VALUES
(1, 'Linux', 'Lorem Ipsum is simply dummy text of the printing and typesetting industry. ', NULL, NULL, NULL),
(2, 'Ente Aide', 'Lorem Ipsum is simply dummy text of the printing and typesetting industry. ', NULL, NULL, NULL),
(3, 'Danse', 'Lorem Ipsum is simply dummy text of the printing and typesetting industry. ', NULL, NULL, NULL),
(4, 'Hack', 'Lorem Ipsum is simply dummy text of the printing and typesetting industry. ', NULL, NULL, NULL);

-- --------------------------------------------------------

--
-- Table structure for table `cactus_configurations`
--

CREATE TABLE `cactus_configurations` (
  `id` bigint(20) UNSIGNED NOT NULL,
  `cle` varchar(255) COLLATE utf8mb4_unicode_ci NOT NULL,
  `valeur` longtext COLLATE utf8mb4_unicode_ci NOT NULL
) ENGINE=InnoDB DEFAULT CHARSET=utf8mb4 COLLATE=utf8mb4_unicode_ci;

--
-- Dumping data for table `cactus_configurations`
--

INSERT INTO `cactus_configurations` (`id`, `cle`, `valeur`) VALUES
(1, 'mot_directeur', 'Lorem Ipsum is simply dummy text of the printing and typesetting industry. Lorem Ipsum has been the industry\'s standard dummy text ever since the 1500s, when an unknown printer took a galley of type and scrambled it to make a type specimen book'),
(2, 'image_directeur', 'image.png'),
(3, 'nom_directeur', 'Monsieur Bertin Olivier'),
(4, 'lien_facebook', 'facebook'),
(5, 'lien_twitter', 'twitter'),
(6, 'lien_youtube', 'youtube'),
(7, 'lien_instagram', 'instagram'),
(8, 'lien_map', 'lien_map'),
(9, 'telephone', '0341202021'),
(10, 'email', 'email@eni.mg'),
(11, 'adresse', 'tanambao');

-- --------------------------------------------------------

--
-- Table structure for table `cactus_emploi_du_temps`
--

CREATE TABLE `cactus_emploi_du_temps` (
  `id` bigint(20) UNSIGNED NOT NULL,
  `date_debut` date NOT NULL,
  `date_fin` date NOT NULL
) ENGINE=InnoDB DEFAULT CHARSET=utf8mb4 COLLATE=utf8mb4_unicode_ci;

-- --------------------------------------------------------

--
-- Table structure for table `cactus_emploi_du_temps_items`
--

CREATE TABLE `cactus_emploi_du_temps_items` (
  `id` bigint(20) UNSIGNED NOT NULL,
  `matiere` varchar(255) COLLATE utf8mb4_unicode_ci NOT NULL,
  `jour` varchar(255) COLLATE utf8mb4_unicode_ci NOT NULL,
  `heure_debut` time NOT NULL,
  `heure_fin` time NOT NULL,
  `specification` varchar(255) COLLATE utf8mb4_unicode_ci NOT NULL,
  `emploi_du_temps_id` bigint(20) UNSIGNED NOT NULL,
  `niveau_id` bigint(20) UNSIGNED NOT NULL,
  `parcours_id` bigint(20) UNSIGNED NOT NULL,
  `enseignant_id` bigint(20) UNSIGNED NOT NULL
) ENGINE=InnoDB DEFAULT CHARSET=utf8mb4 COLLATE=utf8mb4_unicode_ci;

-- --------------------------------------------------------

--
-- Table structure for table `cactus_enseignants`
--

CREATE TABLE `cactus_enseignants` (
  `id` bigint(20) UNSIGNED NOT NULL,
  `nom` varchar(255) COLLATE utf8mb4_unicode_ci NOT NULL,
  `prenom` varchar(255) COLLATE utf8mb4_unicode_ci NOT NULL,
  `titre` varchar(255) COLLATE utf8mb4_unicode_ci NOT NULL,
  `grade` varchar(255) COLLATE utf8mb4_unicode_ci NOT NULL,
  `identifiant` varchar(255) COLLATE utf8mb4_unicode_ci NOT NULL,
  `mot_de_passe` varchar(255) COLLATE utf8mb4_unicode_ci NOT NULL,
  `email` varchar(255) COLLATE utf8mb4_unicode_ci NOT NULL,
  `telephone` varchar(255) COLLATE utf8mb4_unicode_ci NOT NULL,
  `adresse` varchar(255) COLLATE utf8mb4_unicode_ci NOT NULL,
  `photo` varchar(255) COLLATE utf8mb4_unicode_ci DEFAULT NULL,
  `created_at` timestamp NULL DEFAULT NULL,
  `updated_at` timestamp NULL DEFAULT NULL
) ENGINE=InnoDB DEFAULT CHARSET=utf8mb4 COLLATE=utf8mb4_unicode_ci;

--
-- Dumping data for table `cactus_enseignants`
--

INSERT INTO `cactus_enseignants` (`id`, `nom`, `prenom`, `titre`, `grade`, `identifiant`, `mot_de_passe`, `email`, `telephone`, `adresse`, `photo`, `created_at`, `updated_at`) VALUES
(1, 'Wehner', 'Frederique', 'illo', 'sit', 'Maggio14', '$2y$10$92IXUNpkjO0rOQ5byMi.Ye4oKoEa3Ro9llC/.og/at2.uheWG/igi', 'queenie.altenwerth@example.com', '1201111111111', '7679 Carroll Wells Apt. 594\nPadbergbury, WI 52912-4046', NULL, '2021-04-07 09:18:19', '2021-04-07 09:18:19'),
(2, 'Kuhic', 'Elmo', 'hic', 'nostrum', 'Lebsack17', '$2y$10$92IXUNpkjO0rOQ5byMi.Ye4oKoEa3Ro9llC/.og/at2.uheWG/igi', 'ellis08@example.net', '1201111111111', '32271 Cordelia Trafficway Apt. 635\nWest Verlamouth, UT 64217', NULL, '2021-04-07 09:18:19', '2021-04-07 09:18:19'),
(3, 'Christiansen', 'Jade', 'dolor', 'odit', 'VonRueden6', '$2y$10$92IXUNpkjO0rOQ5byMi.Ye4oKoEa3Ro9llC/.og/at2.uheWG/igi', 'oma.pouros@example.net', '1201111111111', '9344 Sydnee Plains Suite 002\nNew Matt, CA 53267-0375', NULL, '2021-04-07 09:18:19', '2021-04-07 09:18:19'),
(4, 'Homenick', 'Johan', 'soluta', 'pariatur', 'Frami16', '$2y$10$92IXUNpkjO0rOQ5byMi.Ye4oKoEa3Ro9llC/.og/at2.uheWG/igi', 'ivy.smith@example.net', '1201111111111', '58655 McClure Key Apt. 233\nPort Lucy, NM 30414-2285', NULL, '2021-04-07 09:18:19', '2021-04-07 09:18:19'),
(5, 'Leffler', 'Zoey', 'doloribus', 'nihil', 'Mills4', '$2y$10$92IXUNpkjO0rOQ5byMi.Ye4oKoEa3Ro9llC/.og/at2.uheWG/igi', 'gjacobi@example.net', '1201111111111', '4670 Elissa Camp\nNorth Rusty, AL 37874', NULL, '2021-04-07 09:18:19', '2021-04-07 09:18:19'),
(6, 'Donnelly', 'Novella', 'quia', 'quia', 'Carroll8', '$2y$10$92IXUNpkjO0rOQ5byMi.Ye4oKoEa3Ro9llC/.og/at2.uheWG/igi', 'carleton.sanford@example.com', '1201111111111', '132 Sanford Camp\nBoydborough, WA 03450-7899', NULL, '2021-04-07 09:18:19', '2021-04-07 09:18:19'),
(7, 'Wyman', 'Blaise', 'non', 'id', 'Parisian8', '$2y$10$92IXUNpkjO0rOQ5byMi.Ye4oKoEa3Ro9llC/.og/at2.uheWG/igi', 'mgreen@example.org', '1201111111111', '58024 Elbert Ridge\nSouth Naomie, SC 07675-9779', NULL, '2021-04-07 09:18:19', '2021-04-07 09:18:19'),
(8, 'Wisoky', 'King', 'praesentium', 'recusandae', 'Wyman19', '$2y$10$92IXUNpkjO0rOQ5byMi.Ye4oKoEa3Ro9llC/.og/at2.uheWG/igi', 'hector33@example.com', '1201111111111', '56859 Batz Brook\nJerelchester, MN 97979-7678', NULL, '2021-04-07 09:18:19', '2021-04-07 09:18:19'),
(9, 'Torp', 'Justina', 'nesciunt', 'fuga', 'Steuber12', '$2y$10$92IXUNpkjO0rOQ5byMi.Ye4oKoEa3Ro9llC/.og/at2.uheWG/igi', 'astanton@example.com', '1201111111111', '83649 Powlowski Well Suite 000\nEast Ansley, DE 01688', NULL, '2021-04-07 09:18:19', '2021-04-07 09:18:19'),
(10, 'Christiansen', 'Pansy', 'error', 'accusamus', 'Shields5', '$2y$10$92IXUNpkjO0rOQ5byMi.Ye4oKoEa3Ro9llC/.og/at2.uheWG/igi', 'beahan.tevin@example.net', '1201111111111', '611 Solon Lakes Apt. 614\nBarrowschester, NJ 53847-5706', NULL, '2021-04-07 09:18:19', '2021-04-07 09:18:19'),
(11, 'VonRueden', 'Eudora', 'molestiae', 'deleniti', 'Kreiger19', '$2y$10$92IXUNpkjO0rOQ5byMi.Ye4oKoEa3Ro9llC/.og/at2.uheWG/igi', 'madie.hoeger@example.com', '1201111111111', '70911 Woodrow Route\nCruickshankberg, CA 41584-4051', NULL, '2021-04-07 09:18:19', '2021-04-07 09:18:19'),
(12, 'Bashirian', 'D\'angelo', 'repellendus', 'maxime', 'Kozey9', '$2y$10$92IXUNpkjO0rOQ5byMi.Ye4oKoEa3Ro9llC/.og/at2.uheWG/igi', 'alfreda.west@example.org', '1201111111111', '62680 Wyman Fields Apt. 991\nPort Annamae, MN 44930-0286', NULL, '2021-04-07 09:18:19', '2021-04-07 09:18:19'),
(13, 'Littel', 'Loy', 'expedita', 'adipisci', 'Kozey15', '$2y$10$92IXUNpkjO0rOQ5byMi.Ye4oKoEa3Ro9llC/.og/at2.uheWG/igi', 'tyrese57@example.com', '1201111111111', '89109 Roderick Spurs\nPort Tinamouth, CO 58116-0329', NULL, '2021-04-07 09:18:19', '2021-04-07 09:18:19'),
(14, 'Boehm', 'Friedrich', 'itaque', 'quos', 'Beer17', '$2y$10$92IXUNpkjO0rOQ5byMi.Ye4oKoEa3Ro9llC/.og/at2.uheWG/igi', 'jammie.satterfield@example.org', '1201111111111', '1990 Yessenia Well\nArnulfochester, DC 27155', NULL, '2021-04-07 09:18:19', '2021-04-07 09:18:19'),
(15, 'Walter', 'Sanford', 'earum', 'vel', 'Wolff17', '$2y$10$92IXUNpkjO0rOQ5byMi.Ye4oKoEa3Ro9llC/.og/at2.uheWG/igi', 'trudie.kuhn@example.org', '1201111111111', '296 Mittie Brook Suite 036\nPort Zechariah, IN 26119-3126', NULL, '2021-04-07 09:18:19', '2021-04-07 09:18:19'),
(16, 'Moore', 'Daphne', 'non', 'voluptas', 'Stanton14', '$2y$10$92IXUNpkjO0rOQ5byMi.Ye4oKoEa3Ro9llC/.og/at2.uheWG/igi', 'kiehn.jalen@example.org', '1201111111111', '433 Armstrong Plaza Suite 908\nWatersmouth, NE 57881', NULL, '2021-04-07 09:18:19', '2021-04-07 09:18:19'),
(17, 'Beier', 'Pauline', 'minima', 'delectus', 'Lang10', '$2y$10$92IXUNpkjO0rOQ5byMi.Ye4oKoEa3Ro9llC/.og/at2.uheWG/igi', 'becker.carmella@example.com', '1201111111111', '7529 Reichert Road\nEast Mathiasbury, CA 58953', NULL, '2021-04-07 09:18:19', '2021-04-07 09:18:19'),
(18, 'Hermann', 'Esteban', 'officiis', 'ipsam', 'Bashirian8', '$2y$10$92IXUNpkjO0rOQ5byMi.Ye4oKoEa3Ro9llC/.og/at2.uheWG/igi', 'hkulas@example.org', '1201111111111', '8215 Flossie Bypass\nEast Adelia, IL 63761-7115', NULL, '2021-04-07 09:18:19', '2021-04-07 09:18:19'),
(19, 'O\'Hara', 'Schuyler', 'velit', 'consequuntur', 'Greenholt16', '$2y$10$92IXUNpkjO0rOQ5byMi.Ye4oKoEa3Ro9llC/.og/at2.uheWG/igi', 'johanna45@example.com', '1201111111111', '388 Koby Light Suite 635\nConorberg, MT 22242', NULL, '2021-04-07 09:18:19', '2021-04-07 09:18:19'),
(20, 'Barrows', 'Rodger', 'dolorem', 'reprehenderit', 'Schmidt11', '$2y$10$92IXUNpkjO0rOQ5byMi.Ye4oKoEa3Ro9llC/.og/at2.uheWG/igi', 'sheldon.willms@example.org', '1201111111111', '9613 Margarette Course Apt. 570\nNew Meggie, PA 87199-0792', NULL, '2021-04-07 09:18:19', '2021-04-07 09:18:19');

-- --------------------------------------------------------

--
-- Table structure for table `cactus_espace_numeriques`
--

CREATE TABLE `cactus_espace_numeriques` (
  `id` bigint(20) UNSIGNED NOT NULL,
  `libelle` varchar(255) COLLATE utf8mb4_unicode_ci NOT NULL,
  `description` longtext COLLATE utf8mb4_unicode_ci NOT NULL,
  `pieces_jointes` varchar(255) COLLATE utf8mb4_unicode_ci DEFAULT NULL,
  `created_at` timestamp NULL DEFAULT NULL,
  `updated_at` timestamp NULL DEFAULT NULL,
  `niveau_id` bigint(20) UNSIGNED NOT NULL,
  `parcours_id` bigint(20) UNSIGNED NOT NULL,
  `enseignant_id` bigint(20) UNSIGNED NOT NULL
) ENGINE=InnoDB DEFAULT CHARSET=utf8mb4 COLLATE=utf8mb4_unicode_ci;

-- --------------------------------------------------------

--
-- Table structure for table `cactus_etudiants`
--

CREATE TABLE `cactus_etudiants` (
  `id` bigint(20) UNSIGNED NOT NULL,
  `nom` varchar(255) COLLATE utf8mb4_unicode_ci NOT NULL,
  `prenom` varchar(255) COLLATE utf8mb4_unicode_ci NOT NULL,
  `email` varchar(255) COLLATE utf8mb4_unicode_ci NOT NULL,
  `email_verified_at` timestamp NULL DEFAULT NULL,
  `password` varchar(255) COLLATE utf8mb4_unicode_ci NOT NULL,
  `cin` varchar(255) COLLATE utf8mb4_unicode_ci NOT NULL,
  `date_naissance` date NOT NULL,
  `lieu_naissance` varchar(255) COLLATE utf8mb4_unicode_ci NOT NULL,
  `adresse` varchar(255) COLLATE utf8mb4_unicode_ci NOT NULL,
  `status` enum('actif','ancien') COLLATE utf8mb4_unicode_ci NOT NULL DEFAULT 'actif',
  `photo` varchar(255) COLLATE utf8mb4_unicode_ci DEFAULT NULL,
  `remember_token` varchar(100) COLLATE utf8mb4_unicode_ci DEFAULT NULL,
  `created_at` timestamp NULL DEFAULT NULL,
  `updated_at` timestamp NULL DEFAULT NULL,
  `parcours_id` bigint(20) UNSIGNED NOT NULL
) ENGINE=InnoDB DEFAULT CHARSET=utf8mb4 COLLATE=utf8mb4_unicode_ci;

--
-- Dumping data for table `cactus_etudiants`
--

INSERT INTO `cactus_etudiants` (`id`, `nom`, `prenom`, `email`, `email_verified_at`, `password`, `cin`, `date_naissance`, `lieu_naissance`, `adresse`, `status`, `photo`, `remember_token`, `created_at`, `updated_at`, `parcours_id`) VALUES
(1, 'Conn', 'Jackson', 'barbara.runolfsson@example.net', '2021-04-07 09:17:55', '$2y$10$92IXUNpkjO0rOQ5byMi.Ye4oKoEa3Ro9llC/.og/at2.uheWG/igi', '1234567890', '2006-02-23', '444 Kemmer Island\nLake Saulshire, NV 32846', '42276 Bruen Valley Apt. 959\nPort Cassandra, NV 99958-7328', 'actif', NULL, NULL, '2021-04-07 09:17:55', '2021-04-07 09:17:55', 1),
(2, 'Howe', 'Asa', 'nikolaus.jennyfer@example.com', '2021-04-07 09:17:55', '$2y$10$92IXUNpkjO0rOQ5byMi.Ye4oKoEa3Ro9llC/.og/at2.uheWG/igi', '1234567890', '2012-11-30', '8671 Breitenberg Corners\nEast Rebekaton, VA 27254-6633', '46947 Furman Ferry\nNorth Jennyferton, FL 14161-6188', 'ancien', NULL, NULL, '2021-04-07 09:17:55', '2021-04-07 09:17:55', 1),
(3, 'Schimmel', 'Leif', 'nicholaus69@example.com', '2021-04-07 09:17:55', '$2y$10$92IXUNpkjO0rOQ5byMi.Ye4oKoEa3Ro9llC/.og/at2.uheWG/igi', '1234567890', '2018-01-12', '838 Wilderman Garden Apt. 462\nEast Matteoborough, NY 61856', '4580 Misty Circles\nSouth Agustinachester, WY 39668', 'actif', NULL, NULL, '2021-04-07 09:17:55', '2021-04-07 09:17:55', 1),
(4, 'Lockman', 'Dariana', 'judy83@example.com', '2021-04-07 09:17:55', '$2y$10$92IXUNpkjO0rOQ5byMi.Ye4oKoEa3Ro9llC/.og/at2.uheWG/igi', '1234567890', '2012-10-14', '1741 Rice Plaza Apt. 760\nWest Albina, CA 69107-0158', '871 Kristian Springs\nWest Crystalville, VA 16519-9479', 'actif', NULL, NULL, '2021-04-07 09:17:55', '2021-04-07 09:17:55', 1),
(5, 'Pollich', 'Samson', 'larson.florence@example.org', '2021-04-07 09:17:55', '$2y$10$92IXUNpkjO0rOQ5byMi.Ye4oKoEa3Ro9llC/.og/at2.uheWG/igi', '1234567890', '2006-12-16', '4170 Eldon Port Apt. 856\nMyrtieland, CO 27576', '97457 Wehner Street\nPort Percival, VA 16408', 'actif', NULL, NULL, '2021-04-07 09:17:55', '2021-04-07 09:17:55', 1),
(6, 'Bechtelar', 'Guiseppe', 'alfreda.sauer@example.com', '2021-04-07 09:17:55', '$2y$10$92IXUNpkjO0rOQ5byMi.Ye4oKoEa3Ro9llC/.og/at2.uheWG/igi', '1234567890', '2008-01-07', '59136 Maud Corners Suite 943\nJacquelyntown, PA 70884', '3439 Mertz Cove\nMattiemouth, VA 35177', 'actif', NULL, NULL, '2021-04-07 09:17:55', '2021-04-07 09:17:55', 1),
(7, 'Romaguera', 'Theo', 'phyllis.nicolas@example.org', '2021-04-07 09:17:56', '$2y$10$92IXUNpkjO0rOQ5byMi.Ye4oKoEa3Ro9llC/.og/at2.uheWG/igi', '1234567890', '2001-10-04', '1822 Marina Extensions Apt. 362\nPort Rowanstad, WI 93105-5634', '29007 Maud View\nHayleebury, MS 39531-7406', 'actif', NULL, NULL, '2021-04-07 09:17:56', '2021-04-07 09:17:56', 1),
(8, 'Becker', 'Laurel', 'gturner@example.com', '2021-04-07 09:17:56', '$2y$10$92IXUNpkjO0rOQ5byMi.Ye4oKoEa3Ro9llC/.og/at2.uheWG/igi', '1234567890', '2020-01-06', '77707 Mackenzie Avenue\nLake Garrison, ID 51349', '330 Beau Hollow Apt. 524\nWest Zion, HI 86508', 'actif', NULL, NULL, '2021-04-07 09:17:56', '2021-04-07 09:17:56', 1),
(9, 'Bailey', 'Kelvin', 'katarina.fritsch@example.net', '2021-04-07 09:17:56', '$2y$10$92IXUNpkjO0rOQ5byMi.Ye4oKoEa3Ro9llC/.og/at2.uheWG/igi', '1234567890', '2006-07-27', '27142 Schuster Way Apt. 344\nLake Amely, NC 09334', '33020 Pollich Ferry\nHansenhaven, LA 15230-9970', 'ancien', NULL, NULL, '2021-04-07 09:17:56', '2021-04-07 09:17:56', 1),
(10, 'Dickinson', 'Kenyatta', 'zackery.streich@example.com', '2021-04-07 09:17:56', '$2y$10$92IXUNpkjO0rOQ5byMi.Ye4oKoEa3Ro9llC/.og/at2.uheWG/igi', '1234567890', '2018-05-18', '5616 Aliza Mall Apt. 132\nJerodmouth, WY 64650-4894', '57825 Bauch Route\nEast Rosendomouth, PA 35666-3815', 'actif', NULL, NULL, '2021-04-07 09:17:56', '2021-04-07 09:17:56', 1),
(11, 'Dickens', 'Ashton', 'joelle10@example.net', '2021-04-07 09:17:56', '$2y$10$92IXUNpkjO0rOQ5byMi.Ye4oKoEa3Ro9llC/.og/at2.uheWG/igi', '1234567890', '2018-08-28', '565 Trantow Island Apt. 401\nSouth Leonora, WV 04729-1900', '767 Cronin Valley Suite 210\nPort Lizaberg, IA 90019', 'ancien', NULL, NULL, '2021-04-07 09:17:56', '2021-04-07 09:17:56', 1),
(12, 'Heidenreich', 'Sheridan', 'jerald.weissnat@example.org', '2021-04-07 09:17:56', '$2y$10$92IXUNpkjO0rOQ5byMi.Ye4oKoEa3Ro9llC/.og/at2.uheWG/igi', '1234567890', '2006-04-01', '367 Mayert Dam Suite 331\nEast Jayme, AR 31605-8961', '2241 Spinka Union Apt. 843\nOrtizfort, MA 47443', 'ancien', NULL, NULL, '2021-04-07 09:17:56', '2021-04-07 09:17:56', 1),
(13, 'Hackett', 'Elwin', 'rhea79@example.com', '2021-04-07 09:17:56', '$2y$10$92IXUNpkjO0rOQ5byMi.Ye4oKoEa3Ro9llC/.og/at2.uheWG/igi', '1234567890', '2013-05-13', '391 Nienow Trafficway Apt. 929\nBarbarachester, AL 45013-0542', '49506 Cordelia Trace Suite 344\nWest Rebeca, DE 89384', 'actif', NULL, NULL, '2021-04-07 09:17:56', '2021-04-07 09:17:56', 1),
(14, 'Berge', 'Elisa', 'harber.ernestina@example.net', '2021-04-07 09:17:56', '$2y$10$92IXUNpkjO0rOQ5byMi.Ye4oKoEa3Ro9llC/.og/at2.uheWG/igi', '1234567890', '2017-12-15', '770 Crist Creek Suite 732\nNew Ryder, DC 47548-6934', '39969 Marquardt Camp\nFriedaview, NE 62155-8856', 'ancien', NULL, NULL, '2021-04-07 09:17:56', '2021-04-07 09:17:56', 1),
(15, 'Wilderman', 'Helene', 'lind.luisa@example.org', '2021-04-07 09:17:56', '$2y$10$92IXUNpkjO0rOQ5byMi.Ye4oKoEa3Ro9llC/.og/at2.uheWG/igi', '1234567890', '2018-08-20', '17704 Scot Route Apt. 725\nNew Roslynport, TN 16414-0834', '76633 Juston Fork Apt. 929\nAltenwerthside, OR 19362', 'ancien', NULL, NULL, '2021-04-07 09:17:56', '2021-04-07 09:17:56', 1),
(16, 'Aufderhar', 'Felicity', 'dbotsford@example.com', '2021-04-07 09:17:56', '$2y$10$92IXUNpkjO0rOQ5byMi.Ye4oKoEa3Ro9llC/.og/at2.uheWG/igi', '1234567890', '2007-08-29', '6883 Lamar Garden\nCordeliatown, LA 94473', '44424 Dino Crest\nSchmittmouth, AK 55473', 'ancien', NULL, NULL, '2021-04-07 09:17:56', '2021-04-07 09:17:56', 1),
(17, 'Hane', 'Adrien', 'missouri.okuneva@example.com', '2021-04-07 09:17:56', '$2y$10$92IXUNpkjO0rOQ5byMi.Ye4oKoEa3Ro9llC/.og/at2.uheWG/igi', '1234567890', '2001-07-30', '290 Antone Ferry Apt. 864\nDibbertchester, MI 79960-5961', '84708 Hailee Tunnel\nRempelbury, OK 49888-1377', 'actif', NULL, NULL, '2021-04-07 09:17:56', '2021-04-07 09:17:56', 1),
(18, 'Cassin', 'Jaydon', 'vbogisich@example.org', '2021-04-07 09:17:56', '$2y$10$92IXUNpkjO0rOQ5byMi.Ye4oKoEa3Ro9llC/.og/at2.uheWG/igi', '1234567890', '2011-05-08', '88278 Anna Lakes\nHaleyfurt, RI 98129-4255', '316 Grant Extensions\nNew Colleenside, UT 18589', 'actif', NULL, NULL, '2021-04-07 09:17:56', '2021-04-07 09:17:56', 1),
(19, 'Johnston', 'Eleanora', 'brekke.melvina@example.com', '2021-04-07 09:17:56', '$2y$10$92IXUNpkjO0rOQ5byMi.Ye4oKoEa3Ro9llC/.og/at2.uheWG/igi', '1234567890', '2020-07-23', '817 Hackett Mission\nWeimannfort, SD 39577-3834', '4159 Donnell Junction\nDavisfort, ME 69424-8725', 'actif', NULL, NULL, '2021-04-07 09:17:56', '2021-04-07 09:17:56', 1),
(20, 'Braun', 'Name', 'gschaefer@example.org', '2021-04-07 09:17:56', '$2y$10$92IXUNpkjO0rOQ5byMi.Ye4oKoEa3Ro9llC/.og/at2.uheWG/igi', '1234567890', '2021-03-02', '2387 Greenfelder Mills Suite 916\nSouth Colten, ND 51312', '119 Ethel Squares\nDangeloview, SD 94804-3776', 'actif', NULL, NULL, '2021-04-07 09:17:56', '2021-04-07 09:17:56', 1),
(21, 'Muller', 'Susan', 'vschinner@example.net', '2021-04-07 09:17:56', '$2y$10$92IXUNpkjO0rOQ5byMi.Ye4oKoEa3Ro9llC/.og/at2.uheWG/igi', '1234567890', '2003-04-13', '4626 Coralie Ridges\nMarksburgh, KY 71002', '78908 Konopelski Route\nSouth Brianneberg, MN 30046', 'ancien', NULL, NULL, '2021-04-07 09:17:56', '2021-04-07 09:17:56', 1),
(22, 'Smith', 'Tyrel', 'gaylord.hugh@example.com', '2021-04-07 09:17:56', '$2y$10$92IXUNpkjO0rOQ5byMi.Ye4oKoEa3Ro9llC/.og/at2.uheWG/igi', '1234567890', '2015-07-14', '17506 Miller Pines Apt. 715\nNew Darron, AL 67005-1650', '98179 Hudson Knolls Apt. 814\nNorth Cooperchester, UT 39053-2754', 'ancien', NULL, NULL, '2021-04-07 09:17:56', '2021-04-07 09:17:56', 1),
(23, 'Veum', 'Holly', 'chelsie08@example.com', '2021-04-07 09:17:56', '$2y$10$92IXUNpkjO0rOQ5byMi.Ye4oKoEa3Ro9llC/.og/at2.uheWG/igi', '1234567890', '2001-08-24', '487 Gleichner Wells Apt. 829\nFeeneyberg, DE 56794', '909 Erna Ferry\nWest Mayrahaven, VA 60715-3637', 'actif', NULL, NULL, '2021-04-07 09:17:56', '2021-04-07 09:17:56', 1),
(24, 'Veum', 'Destin', 'orrin.murphy@example.com', '2021-04-07 09:17:56', '$2y$10$92IXUNpkjO0rOQ5byMi.Ye4oKoEa3Ro9llC/.og/at2.uheWG/igi', '1234567890', '2014-07-21', '434 Weissnat Hills\nKohlerstad, MS 83922', '439 Ava Roads\nWest Seth, UT 73336', 'actif', NULL, NULL, '2021-04-07 09:17:56', '2021-04-07 09:17:56', 1),
(25, 'Hagenes', 'Bria', 'hazle35@example.com', '2021-04-07 09:17:56', '$2y$10$92IXUNpkjO0rOQ5byMi.Ye4oKoEa3Ro9llC/.og/at2.uheWG/igi', '1234567890', '2001-10-07', '867 Lucienne Islands\nSouth Briannebury, NY 67393', '1087 Moses Mall Suite 233\nLake Nasir, FL 52859', 'actif', NULL, NULL, '2021-04-07 09:17:56', '2021-04-07 09:17:56', 1),
(26, 'Howell', 'Jamar', 'xzavier97@example.org', '2021-04-07 09:17:56', '$2y$10$92IXUNpkjO0rOQ5byMi.Ye4oKoEa3Ro9llC/.og/at2.uheWG/igi', '1234567890', '2011-04-25', '481 Osinski Forge Suite 907\nSouth Casimirborough, MD 56671-8864', '504 Jerde Views Suite 419\nHodkiewiczfort, TX 43969-9583', 'actif', NULL, NULL, '2021-04-07 09:17:56', '2021-04-07 09:17:56', 1),
(27, 'VonRueden', 'Sydnee', 'holden.welch@example.org', '2021-04-07 09:17:56', '$2y$10$92IXUNpkjO0rOQ5byMi.Ye4oKoEa3Ro9llC/.og/at2.uheWG/igi', '1234567890', '2018-04-01', '251 Monahan Island\nSchroedershire, IN 19901-7556', '80720 Metz Key Suite 778\nNew Bulah, NE 09527-9283', 'actif', NULL, NULL, '2021-04-07 09:17:56', '2021-04-07 09:17:56', 1),
(28, 'Corwin', 'Hadley', 'carmine44@example.org', '2021-04-07 09:17:56', '$2y$10$92IXUNpkjO0rOQ5byMi.Ye4oKoEa3Ro9llC/.og/at2.uheWG/igi', '1234567890', '2016-06-17', '110 Runte Stravenue Suite 341\nNew Quentin, AL 89870', '227 Wayne Lake\nPort Janessa, NM 81659', 'ancien', NULL, NULL, '2021-04-07 09:17:56', '2021-04-07 09:17:56', 1),
(29, 'Stiedemann', 'Jamison', 'hazle98@example.org', '2021-04-07 09:17:56', '$2y$10$92IXUNpkjO0rOQ5byMi.Ye4oKoEa3Ro9llC/.og/at2.uheWG/igi', '1234567890', '2018-06-10', '1156 Braulio Estate Apt. 584\nNovahaven, NM 44530', '643 Elise Station\nSouth Jalon, OH 79248', 'ancien', NULL, NULL, '2021-04-07 09:17:56', '2021-04-07 09:17:56', 1),
(30, 'Herzog', 'Jaylin', 'clinton02@example.org', '2021-04-07 09:17:56', '$2y$10$92IXUNpkjO0rOQ5byMi.Ye4oKoEa3Ro9llC/.og/at2.uheWG/igi', '1234567890', '2012-01-31', '71384 Alberta Forest Apt. 150\nCliffordmouth, NM 13315-6400', '35833 Alexandrea Rapid\nEast Quintenstad, NE 76674', 'actif', NULL, NULL, '2021-04-07 09:17:56', '2021-04-07 09:17:56', 1),
(31, 'Rogahn', 'Henderson', 'danika63@example.com', '2021-04-07 09:17:56', '$2y$10$92IXUNpkjO0rOQ5byMi.Ye4oKoEa3Ro9llC/.og/at2.uheWG/igi', '1234567890', '2008-01-11', '9850 Stanton Drives Apt. 340\nNorth Raleighmouth, NM 20233-5364', '676 Franecki Prairie\nEast Myahstad, IL 99234', 'actif', NULL, NULL, '2021-04-07 09:17:56', '2021-04-07 09:17:56', 1),
(32, 'O\'Keefe', 'Kobe', 'kulas.betty@example.org', '2021-04-07 09:17:56', '$2y$10$92IXUNpkjO0rOQ5byMi.Ye4oKoEa3Ro9llC/.og/at2.uheWG/igi', '1234567890', '2002-12-20', '4185 Miles Shoals\nMaximilianbury, OK 73614', '5184 Magnolia Squares\nKuvalishaven, AL 64853-0156', 'ancien', NULL, NULL, '2021-04-07 09:17:56', '2021-04-07 09:17:56', 1),
(33, 'Kozey', 'Kenton', 'deckow.ike@example.net', '2021-04-07 09:17:56', '$2y$10$92IXUNpkjO0rOQ5byMi.Ye4oKoEa3Ro9llC/.og/at2.uheWG/igi', '1234567890', '2008-11-23', '90694 Rudy Coves\nNorth Rolando, WY 29073', '47463 Sporer Gateway\nNorth Sterlingberg, NJ 42517-7201', 'actif', NULL, NULL, '2021-04-07 09:17:56', '2021-04-07 09:17:56', 1),
(34, 'Abernathy', 'Mozelle', 'vmoore@example.com', '2021-04-07 09:17:56', '$2y$10$92IXUNpkjO0rOQ5byMi.Ye4oKoEa3Ro9llC/.og/at2.uheWG/igi', '1234567890', '2013-04-14', '41460 Jaskolski Squares Apt. 813\nLake Reymundofort, AK 01549-5892', '62152 Mueller Trail\nNew Hayley, WV 61195', 'actif', NULL, NULL, '2021-04-07 09:17:56', '2021-04-07 09:17:56', 1),
(35, 'Carroll', 'Brionna', 'bergnaum.gennaro@example.net', '2021-04-07 09:17:56', '$2y$10$92IXUNpkjO0rOQ5byMi.Ye4oKoEa3Ro9llC/.og/at2.uheWG/igi', '1234567890', '2019-01-01', '99620 Durgan Bridge\nO\'Harabury, WY 12589-0281', '2439 Charlie Radial Apt. 444\nAngelicaville, LA 19235', 'actif', NULL, NULL, '2021-04-07 09:17:56', '2021-04-07 09:17:56', 1),
(36, 'Zulauf', 'Jalen', 'arden05@example.org', '2021-04-07 09:17:56', '$2y$10$92IXUNpkjO0rOQ5byMi.Ye4oKoEa3Ro9llC/.og/at2.uheWG/igi', '1234567890', '2005-08-01', '813 Alexander Lane\nEast Wendy, NJ 28140-6115', '42306 Hudson Viaduct Suite 298\nBeierchester, MO 81276-3485', 'actif', NULL, NULL, '2021-04-07 09:17:56', '2021-04-07 09:17:56', 1),
(37, 'Baumbach', 'Orrin', 'deckow.pink@example.net', '2021-04-07 09:17:56', '$2y$10$92IXUNpkjO0rOQ5byMi.Ye4oKoEa3Ro9llC/.og/at2.uheWG/igi', '1234567890', '2018-07-12', '400 Halvorson Junctions\nPort Aishaport, ND 84211-6332', '90409 Gibson Glen Suite 173\nPowlowskimouth, MA 86499', 'actif', NULL, NULL, '2021-04-07 09:17:56', '2021-04-07 09:17:56', 1),
(38, 'Beier', 'Enid', 'apurdy@example.net', '2021-04-07 09:17:56', '$2y$10$92IXUNpkjO0rOQ5byMi.Ye4oKoEa3Ro9llC/.og/at2.uheWG/igi', '1234567890', '2002-12-02', '54112 Roberts Garden Apt. 305\nSchimmeltown, ID 27943-7263', '961 Tomasa Dale Suite 198\nEast Rosemaryton, MN 33639-9415', 'actif', NULL, NULL, '2021-04-07 09:17:56', '2021-04-07 09:17:56', 1),
(39, 'Lehner', 'Verda', 'jarret52@example.com', '2021-04-07 09:17:56', '$2y$10$92IXUNpkjO0rOQ5byMi.Ye4oKoEa3Ro9llC/.og/at2.uheWG/igi', '1234567890', '2017-10-24', '2310 Ward Camp\nLake Heathfurt, MA 46670', '4657 Schultz Corners\nNew Calitown, MA 47798', 'actif', NULL, NULL, '2021-04-07 09:17:56', '2021-04-07 09:17:56', 1),
(40, 'Robel', 'Wilburn', 'mortimer.volkman@example.net', '2021-04-07 09:17:56', '$2y$10$92IXUNpkjO0rOQ5byMi.Ye4oKoEa3Ro9llC/.og/at2.uheWG/igi', '1234567890', '2013-09-05', '16345 Novella Via Suite 651\nSawaynchester, ND 14412', '6870 Kassulke Flat\nPort Damianmouth, WI 53468', 'ancien', NULL, NULL, '2021-04-07 09:17:56', '2021-04-07 09:17:56', 1),
(41, 'Feest', 'Donald', 'noel64@example.com', '2021-04-07 09:17:56', '$2y$10$92IXUNpkjO0rOQ5byMi.Ye4oKoEa3Ro9llC/.og/at2.uheWG/igi', '1234567890', '2006-09-28', '51718 Vito Lodge\nTerryside, IA 70384-8458', '21643 Bernhard Park Apt. 799\nLake Ellis, DC 62525-2759', 'actif', NULL, NULL, '2021-04-07 09:17:56', '2021-04-07 09:17:56', 1),
(42, 'Thiel', 'Miguel', 'jayson.wiegand@example.org', '2021-04-07 09:17:56', '$2y$10$92IXUNpkjO0rOQ5byMi.Ye4oKoEa3Ro9llC/.og/at2.uheWG/igi', '1234567890', '2002-10-29', '33217 Trantow Curve Suite 046\nRutherfordfurt, AK 17041-0107', '5983 Eliane Fords\nConsidineport, DE 66974', 'actif', NULL, NULL, '2021-04-07 09:17:56', '2021-04-07 09:17:56', 1),
(43, 'Beatty', 'Travis', 'oconner.neoma@example.net', '2021-04-07 09:17:57', '$2y$10$92IXUNpkjO0rOQ5byMi.Ye4oKoEa3Ro9llC/.og/at2.uheWG/igi', '1234567890', '2020-01-18', '95605 Dicki Manor\nParisianville, MN 46444-5009', '51923 Turcotte Views Suite 796\nLake Kailyn, FL 62868', 'actif', NULL, NULL, '2021-04-07 09:17:57', '2021-04-07 09:17:57', 1),
(44, 'Gulgowski', 'Olaf', 'ppurdy@example.net', '2021-04-07 09:17:57', '$2y$10$92IXUNpkjO0rOQ5byMi.Ye4oKoEa3Ro9llC/.og/at2.uheWG/igi', '1234567890', '2017-01-13', '73003 Schumm Highway\nKatlynport, IN 64181-6927', '85949 Hackett Neck\nSouth Boydborough, ID 99999', 'actif', NULL, NULL, '2021-04-07 09:17:57', '2021-04-07 09:17:57', 1),
(45, 'Ritchie', 'Yolanda', 'cali10@example.net', '2021-04-07 09:17:57', '$2y$10$92IXUNpkjO0rOQ5byMi.Ye4oKoEa3Ro9llC/.og/at2.uheWG/igi', '1234567890', '2009-07-24', '453 Deckow Drives\nLake Yasmin, VT 63969', '23395 Loyce Plains\nPort Guadalupe, MS 09068-3781', 'actif', NULL, NULL, '2021-04-07 09:17:57', '2021-04-07 09:17:57', 1),
(46, 'Murphy', 'Nikita', 'reyna40@example.org', '2021-04-07 09:17:57', '$2y$10$92IXUNpkjO0rOQ5byMi.Ye4oKoEa3Ro9llC/.og/at2.uheWG/igi', '1234567890', '2002-06-04', '7295 Rosina Flat Apt. 848\nDejuanport, DE 34009-1188', '410 Ayden Rue Apt. 510\nSchaeferfort, GA 41693', 'actif', NULL, NULL, '2021-04-07 09:17:57', '2021-04-07 09:17:57', 1),
(47, 'Keeling', 'Virginie', 'bernie21@example.com', '2021-04-07 09:17:57', '$2y$10$92IXUNpkjO0rOQ5byMi.Ye4oKoEa3Ro9llC/.og/at2.uheWG/igi', '1234567890', '2011-06-25', '851 Marks Lights Suite 590\nIgnaciobury, WY 21627', '76413 Pattie Shore Apt. 062\nEast Johnson, CA 76980', 'actif', NULL, NULL, '2021-04-07 09:17:57', '2021-04-07 09:17:57', 1),
(48, 'Jones', 'Alanis', 'lupe92@example.net', '2021-04-07 09:17:57', '$2y$10$92IXUNpkjO0rOQ5byMi.Ye4oKoEa3Ro9llC/.og/at2.uheWG/igi', '1234567890', '2006-10-09', '346 Kaylah Village\nWindlerland, WY 43741-8857', '7593 Marvin Pike\nBednarbury, NM 13333', 'actif', NULL, NULL, '2021-04-07 09:17:57', '2021-04-07 09:17:57', 1),
(49, 'Feest', 'Maynard', 'gloria.crooks@example.org', '2021-04-07 09:17:57', '$2y$10$92IXUNpkjO0rOQ5byMi.Ye4oKoEa3Ro9llC/.og/at2.uheWG/igi', '1234567890', '2016-09-27', '9808 Thelma Course\nHaydenmouth, AZ 26627-1378', '865 Willms Turnpike Apt. 621\nEmelieview, RI 44608-2863', 'ancien', NULL, NULL, '2021-04-07 09:17:57', '2021-04-07 09:17:57', 1),
(50, 'Gerlach', 'Alanna', 'stacey14@example.net', '2021-04-07 09:17:57', '$2y$10$92IXUNpkjO0rOQ5byMi.Ye4oKoEa3Ro9llC/.og/at2.uheWG/igi', '1234567890', '2012-01-29', '675 Ortiz Plaza Suite 435\nCoytown, MD 48952-4215', '3953 Doyle Ways\nFramiview, NE 53952', 'actif', NULL, NULL, '2021-04-07 09:17:57', '2021-04-07 09:17:57', 1),
(51, 'Herman', 'Karen', 'amely.deckow@example.org', '2021-04-07 09:17:57', '$2y$10$92IXUNpkjO0rOQ5byMi.Ye4oKoEa3Ro9llC/.og/at2.uheWG/igi', '1234567890', '2001-07-17', '760 Beth Court\nPort Cassandrachester, PA 75910-8153', '904 Samir Drive\nSouth Cleve, OH 83686-7112', 'ancien', NULL, NULL, '2021-04-07 09:17:57', '2021-04-07 09:17:57', 1),
(52, 'Heller', 'Maria', 'fabiola58@example.com', '2021-04-07 09:17:57', '$2y$10$92IXUNpkjO0rOQ5byMi.Ye4oKoEa3Ro9llC/.og/at2.uheWG/igi', '1234567890', '2008-05-17', '50038 Judd Trail Suite 389\nHintzton, KS 37247-3424', '796 Schultz Trafficway\nBogisichton, OK 81963', 'actif', NULL, NULL, '2021-04-07 09:17:57', '2021-04-07 09:17:57', 1),
(53, 'Gulgowski', 'Wendell', 'cgulgowski@example.com', '2021-04-07 09:17:57', '$2y$10$92IXUNpkjO0rOQ5byMi.Ye4oKoEa3Ro9llC/.og/at2.uheWG/igi', '1234567890', '2004-06-06', '37401 Stuart Springs Apt. 021\nHettingerburgh, SC 86342-2684', '72661 Wehner Point Suite 162\nPort Floy, SC 39243-5783', 'ancien', NULL, NULL, '2021-04-07 09:17:57', '2021-04-07 09:17:57', 1),
(54, 'Cartwright', 'Adrienne', 'rachael11@example.com', '2021-04-07 09:17:57', '$2y$10$92IXUNpkjO0rOQ5byMi.Ye4oKoEa3Ro9llC/.og/at2.uheWG/igi', '1234567890', '2011-05-09', '61058 Grady Route Suite 656\nPort Stellafort, RI 97312', '166 Shanahan River\nRyleeview, WA 51371', 'actif', NULL, NULL, '2021-04-07 09:17:57', '2021-04-07 09:17:57', 1),
(55, 'Gaylord', 'Jonas', 'hertha56@example.net', '2021-04-07 09:17:57', '$2y$10$92IXUNpkjO0rOQ5byMi.Ye4oKoEa3Ro9llC/.og/at2.uheWG/igi', '1234567890', '2009-10-24', '30753 Oceane Causeway Suite 781\nJohnstown, NY 35534-5499', '97916 Dario Street Apt. 496\nSchulisthaven, TX 65291', 'actif', NULL, NULL, '2021-04-07 09:17:57', '2021-04-07 09:17:57', 1),
(56, 'Nikolaus', 'Nolan', 'hilpert.maybell@example.org', '2021-04-07 09:17:57', '$2y$10$92IXUNpkjO0rOQ5byMi.Ye4oKoEa3Ro9llC/.og/at2.uheWG/igi', '1234567890', '2002-07-10', '106 Wava Green Suite 546\nNorth Carlie, UT 57253-0182', '34670 Davion Court Apt. 994\nOlsonburgh, MD 58157-5285', 'actif', NULL, NULL, '2021-04-07 09:17:57', '2021-04-07 09:17:57', 1),
(57, 'Shanahan', 'Ruthe', 'strosin.lizzie@example.org', '2021-04-07 09:17:57', '$2y$10$92IXUNpkjO0rOQ5byMi.Ye4oKoEa3Ro9llC/.og/at2.uheWG/igi', '1234567890', '2001-08-07', '80914 Orlando View Apt. 349\nNorth David, MI 46226', '95784 Ardella Ranch\nDickensland, WY 24604', 'actif', NULL, NULL, '2021-04-07 09:17:57', '2021-04-07 09:17:57', 1),
(58, 'Schowalter', 'Virginie', 'ferne88@example.com', '2021-04-07 09:17:57', '$2y$10$92IXUNpkjO0rOQ5byMi.Ye4oKoEa3Ro9llC/.og/at2.uheWG/igi', '1234567890', '2013-04-12', '5839 Danny Forges Suite 056\nFeeneyhaven, CO 22296', '104 Alvena Plain Apt. 187\nNew Meggiechester, WY 29119-8318', 'actif', NULL, NULL, '2021-04-07 09:17:57', '2021-04-07 09:17:57', 1),
(59, 'Schmitt', 'Alejandra', 'ncarter@example.com', '2021-04-07 09:17:57', '$2y$10$92IXUNpkjO0rOQ5byMi.Ye4oKoEa3Ro9llC/.og/at2.uheWG/igi', '1234567890', '2013-05-10', '189 Murl Expressway\nEast Alexis, MN 03340', '94208 Ted Well Suite 009\nNorth Clotildestad, AR 37597-0190', 'actif', NULL, NULL, '2021-04-07 09:17:57', '2021-04-07 09:17:57', 1),
(60, 'Schaefer', 'Cedrick', 'pinkie.wolf@example.net', '2021-04-07 09:17:57', '$2y$10$92IXUNpkjO0rOQ5byMi.Ye4oKoEa3Ro9llC/.og/at2.uheWG/igi', '1234567890', '2012-12-11', '4991 Gislason Divide\nJuvenalton, SC 26626', '467 Sipes Crossing\nNorth Jackelineshire, NJ 45306-6299', 'actif', NULL, NULL, '2021-04-07 09:17:57', '2021-04-07 09:17:57', 1),
(61, 'Romaguera', 'Valerie', 'lyla92@example.net', '2021-04-07 09:17:57', '$2y$10$92IXUNpkjO0rOQ5byMi.Ye4oKoEa3Ro9llC/.og/at2.uheWG/igi', '1234567890', '2009-11-29', '2491 Rau Shores Apt. 350\nTerrychester, OK 20112', '9877 Cathryn Mall\nLake Kylabury, SD 92471-0249', 'actif', NULL, NULL, '2021-04-07 09:17:57', '2021-04-07 09:17:57', 1),
(62, 'Doyle', 'Agustina', 'elna.roberts@example.org', '2021-04-07 09:17:57', '$2y$10$92IXUNpkjO0rOQ5byMi.Ye4oKoEa3Ro9llC/.og/at2.uheWG/igi', '1234567890', '2020-01-15', '1641 Jamie Roads\nWest Salma, NJ 50298', '8605 Stark Gardens\nNorth Marleyfurt, DC 55998-5987', 'actif', NULL, NULL, '2021-04-07 09:17:57', '2021-04-07 09:17:57', 1),
(63, 'Ortiz', 'Nedra', 'camryn55@example.net', '2021-04-07 09:17:57', '$2y$10$92IXUNpkjO0rOQ5byMi.Ye4oKoEa3Ro9llC/.og/at2.uheWG/igi', '1234567890', '2013-10-17', '73712 Destini Motorway Suite 690\nKianabury, MS 94923-3915', '300 Annamae Lane\nFraneckihaven, PA 91716', 'ancien', NULL, NULL, '2021-04-07 09:17:57', '2021-04-07 09:17:57', 1),
(64, 'Toy', 'Leda', 'madie.buckridge@example.net', '2021-04-07 09:17:57', '$2y$10$92IXUNpkjO0rOQ5byMi.Ye4oKoEa3Ro9llC/.og/at2.uheWG/igi', '1234567890', '2011-10-09', '621 Marty Alley Suite 528\nCartermouth, IL 07868-0378', '518 Wiza Passage\nNew Bentonville, MS 88035', 'ancien', NULL, NULL, '2021-04-07 09:17:57', '2021-04-07 09:17:57', 1),
(65, 'Gorczany', 'Laverne', 'iwaters@example.com', '2021-04-07 09:17:57', '$2y$10$92IXUNpkjO0rOQ5byMi.Ye4oKoEa3Ro9llC/.og/at2.uheWG/igi', '1234567890', '2014-08-03', '68486 Ashley Motorway\nEast Gertrudechester, NM 90706', '149 Rusty Falls\nOleland, OR 62915', 'ancien', NULL, NULL, '2021-04-07 09:17:57', '2021-04-07 09:17:57', 1),
(66, 'Reichel', 'Albina', 'ohuels@example.net', '2021-04-07 09:17:57', '$2y$10$92IXUNpkjO0rOQ5byMi.Ye4oKoEa3Ro9llC/.og/at2.uheWG/igi', '1234567890', '2006-07-21', '875 Karelle Walk\nSouth Jennyfer, NY 25237', '5120 Emmerich Stravenue\nAryannaview, WV 96988-5497', 'actif', NULL, NULL, '2021-04-07 09:17:57', '2021-04-07 09:17:57', 1),
(67, 'Smitham', 'Erich', 'ghill@example.org', '2021-04-07 09:17:57', '$2y$10$92IXUNpkjO0rOQ5byMi.Ye4oKoEa3Ro9llC/.og/at2.uheWG/igi', '1234567890', '2013-11-16', '18879 Cummerata Fork Apt. 284\nWest Scarlettside, RI 53051', '7904 Pouros River Suite 153\nSouth Francoton, MI 17069-4832', 'actif', NULL, NULL, '2021-04-07 09:17:57', '2021-04-07 09:17:57', 1),
(68, 'Roob', 'Mitchell', 'alberta.goldner@example.com', '2021-04-07 09:17:57', '$2y$10$92IXUNpkjO0rOQ5byMi.Ye4oKoEa3Ro9llC/.og/at2.uheWG/igi', '1234567890', '2003-12-25', '410 Roob Avenue Apt. 700\nLake Celestino, TN 73851', '891 Huels Greens Apt. 130\nJolieborough, GA 40127', 'actif', NULL, NULL, '2021-04-07 09:17:57', '2021-04-07 09:17:57', 1),
(69, 'Batz', 'Monique', 'davis.arlo@example.com', '2021-04-07 09:17:57', '$2y$10$92IXUNpkjO0rOQ5byMi.Ye4oKoEa3Ro9llC/.og/at2.uheWG/igi', '1234567890', '2016-04-02', '73365 Price Islands\nKuphalside, ND 49546', '65156 Alex Knolls Apt. 980\nVandervortburgh, ID 12193', 'ancien', NULL, NULL, '2021-04-07 09:17:57', '2021-04-07 09:17:57', 1),
(70, 'Huel', 'Elinor', 'mcglynn.kamryn@example.com', '2021-04-07 09:17:57', '$2y$10$92IXUNpkjO0rOQ5byMi.Ye4oKoEa3Ro9llC/.og/at2.uheWG/igi', '1234567890', '2002-01-10', '198 Stracke Causeway\nLake Addieton, AZ 09972-2842', '421 Stark Flat\nGlenmouth, NE 39896-1914', 'actif', NULL, NULL, '2021-04-07 09:17:57', '2021-04-07 09:17:57', 1),
(71, 'Stracke', 'Cassidy', 'udooley@example.net', '2021-04-07 09:17:57', '$2y$10$92IXUNpkjO0rOQ5byMi.Ye4oKoEa3Ro9llC/.og/at2.uheWG/igi', '1234567890', '2002-09-09', '8787 Nikolaus Loaf Suite 962\nPort Taylormouth, PA 30457', '4770 Kautzer Bypass Apt. 342\nWest Ara, IA 10705', 'actif', NULL, NULL, '2021-04-07 09:17:57', '2021-04-07 09:17:57', 1),
(72, 'Wunsch', 'Greta', 'evie15@example.net', '2021-04-07 09:17:57', '$2y$10$92IXUNpkjO0rOQ5byMi.Ye4oKoEa3Ro9llC/.og/at2.uheWG/igi', '1234567890', '2020-08-28', '313 Brayan Stream\nNorth Andy, NC 75811', '94178 Wyman Oval\nMoenborough, OR 69100', 'ancien', NULL, NULL, '2021-04-07 09:17:57', '2021-04-07 09:17:57', 1),
(73, 'Glover', 'Darrick', 'orice@example.org', '2021-04-07 09:17:57', '$2y$10$92IXUNpkjO0rOQ5byMi.Ye4oKoEa3Ro9llC/.og/at2.uheWG/igi', '1234567890', '2009-12-30', '17896 Deron Shore\nCamillafort, UT 49936', '5248 Homenick Circle Apt. 770\nLubowitzborough, VA 00206-4465', 'actif', NULL, NULL, '2021-04-07 09:17:57', '2021-04-07 09:17:57', 1),
(74, 'Waelchi', 'Bianka', 'forrest88@example.org', '2021-04-07 09:17:57', '$2y$10$92IXUNpkjO0rOQ5byMi.Ye4oKoEa3Ro9llC/.og/at2.uheWG/igi', '1234567890', '2018-10-11', '1333 Kip Underpass\nCletamouth, MI 69813', '8936 Marco Camp Apt. 525\nMannville, KS 01271', 'ancien', NULL, NULL, '2021-04-07 09:17:57', '2021-04-07 09:17:57', 1),
(75, 'Vandervort', 'Dannie', 'caterina65@example.com', '2021-04-07 09:17:57', '$2y$10$92IXUNpkjO0rOQ5byMi.Ye4oKoEa3Ro9llC/.og/at2.uheWG/igi', '1234567890', '2002-02-02', '48173 Stamm Expressway Apt. 202\nNorth Jalonchester, DE 81520', '1876 Katrine Trail Suite 870\nNew Nathan, NJ 07082', 'actif', NULL, NULL, '2021-04-07 09:17:57', '2021-04-07 09:17:57', 1),
(76, 'Pacocha', 'Tressie', 'kbrekke@example.net', '2021-04-07 09:17:57', '$2y$10$92IXUNpkjO0rOQ5byMi.Ye4oKoEa3Ro9llC/.og/at2.uheWG/igi', '1234567890', '2005-01-31', '597 Wellington Parkway\nSouth Keanufort, VA 55392', '2974 Bashirian Ranch\nVernonport, WA 65167', 'actif', NULL, NULL, '2021-04-07 09:17:57', '2021-04-07 09:17:57', 1),
(77, 'Lang', 'Muhammad', 'elwin.lowe@example.net', '2021-04-07 09:17:57', '$2y$10$92IXUNpkjO0rOQ5byMi.Ye4oKoEa3Ro9llC/.og/at2.uheWG/igi', '1234567890', '2006-03-31', '828 Claudie Garden Apt. 180\nMalachiville, IL 48569-8174', '45884 Reba Route\nCormierborough, NH 38859-8825', 'actif', NULL, NULL, '2021-04-07 09:17:57', '2021-04-07 09:17:57', 1),
(78, 'Nitzsche', 'Jaunita', 'winifred.halvorson@example.org', '2021-04-07 09:17:58', '$2y$10$92IXUNpkjO0rOQ5byMi.Ye4oKoEa3Ro9llC/.og/at2.uheWG/igi', '1234567890', '2005-06-07', '20193 Casper Spurs Apt. 737\nEast Carlie, WI 74185-6974', '3322 Kutch Pine\nEast Siennafurt, AK 64643-6899', 'actif', NULL, NULL, '2021-04-07 09:17:58', '2021-04-07 09:17:58', 1),
(79, 'Zulauf', 'Hobart', 'meredith.marvin@example.com', '2021-04-07 09:17:58', '$2y$10$92IXUNpkjO0rOQ5byMi.Ye4oKoEa3Ro9llC/.og/at2.uheWG/igi', '1234567890', '2005-07-14', '40646 Abbott Radial\nNew Leilaniborough, DC 58802', '38539 Bosco Dam Apt. 621\nAlenatown, WI 35151-7433', 'actif', NULL, NULL, '2021-04-07 09:17:58', '2021-04-07 09:17:58', 1),
(80, 'Rutherford', 'Don', 'bruen.jocelyn@example.com', '2021-04-07 09:17:58', '$2y$10$92IXUNpkjO0rOQ5byMi.Ye4oKoEa3Ro9llC/.og/at2.uheWG/igi', '1234567890', '2002-08-28', '825 Schuyler Lights Suite 212\nPort Louieland, NV 52533', '635 Bradly Corners\nPort Nellie, WA 39858', 'actif', NULL, NULL, '2021-04-07 09:17:58', '2021-04-07 09:17:58', 1),
(81, 'Eichmann', 'Jacques', 'kuvalis.deshaun@example.net', '2021-04-07 09:17:58', '$2y$10$92IXUNpkjO0rOQ5byMi.Ye4oKoEa3Ro9llC/.og/at2.uheWG/igi', '1234567890', '2019-04-07', '718 Farrell Ports\nWatsicahaven, IN 79907-3273', '84599 Kelsie Neck Suite 683\nElmiraville, OH 47077', 'actif', NULL, NULL, '2021-04-07 09:17:58', '2021-04-07 09:17:58', 1),
(82, 'Koelpin', 'Kellie', 'macejkovic.sadye@example.net', '2021-04-07 09:17:58', '$2y$10$92IXUNpkjO0rOQ5byMi.Ye4oKoEa3Ro9llC/.og/at2.uheWG/igi', '1234567890', '2005-06-05', '446 Michael Underpass Apt. 080\nWest Gilbert, HI 54575', '9794 Sauer Gateway\nPort Alfredo, AZ 48697-0174', 'actif', NULL, NULL, '2021-04-07 09:17:58', '2021-04-07 09:17:58', 1),
(83, 'Sauer', 'Dwight', 'shanna17@example.com', '2021-04-07 09:17:58', '$2y$10$92IXUNpkjO0rOQ5byMi.Ye4oKoEa3Ro9llC/.og/at2.uheWG/igi', '1234567890', '2003-04-26', '421 Adriel Station\nNorbertostad, VT 09731', '5961 Meda Park Apt. 157\nSouth Ahmed, MN 85506-8459', 'actif', NULL, NULL, '2021-04-07 09:17:58', '2021-04-07 09:17:58', 1),
(84, 'Hintz', 'Giovanni', 'okoss@example.org', '2021-04-07 09:17:58', '$2y$10$92IXUNpkjO0rOQ5byMi.Ye4oKoEa3Ro9llC/.og/at2.uheWG/igi', '1234567890', '2019-05-29', '236 Daphne Manors Apt. 222\nWest Garrickbury, NJ 56596-4040', '5069 Kemmer Union\nWhitehaven, MN 42357', 'actif', NULL, NULL, '2021-04-07 09:17:58', '2021-04-07 09:17:58', 1),
(85, 'Wolff', 'Kamren', 'clara.ledner@example.com', '2021-04-07 09:17:58', '$2y$10$92IXUNpkjO0rOQ5byMi.Ye4oKoEa3Ro9llC/.og/at2.uheWG/igi', '1234567890', '2018-08-24', '29378 Clotilde Junctions\nNew Kailey, MO 57475', '8055 Raphaelle Dam Apt. 503\nLebsackton, KS 52800-5011', 'actif', NULL, NULL, '2021-04-07 09:17:58', '2021-04-07 09:17:58', 1),
(86, 'Runte', 'Hayden', 'madalyn79@example.org', '2021-04-07 09:17:58', '$2y$10$92IXUNpkjO0rOQ5byMi.Ye4oKoEa3Ro9llC/.og/at2.uheWG/igi', '1234567890', '2020-01-15', '3786 Batz Inlet Apt. 598\nWest Odiefurt, UT 83889-1473', '43361 Kuvalis Glen Suite 677\nEast Deshaunfurt, AR 96432-3414', 'actif', NULL, NULL, '2021-04-07 09:17:58', '2021-04-07 09:17:58', 1),
(87, 'O\'Hara', 'Tanya', 'elizabeth.schroeder@example.com', '2021-04-07 09:17:58', '$2y$10$92IXUNpkjO0rOQ5byMi.Ye4oKoEa3Ro9llC/.og/at2.uheWG/igi', '1234567890', '2011-12-26', '1194 Minnie Hills\nTrantowborough, OR 57507', '848 Gislason Groves\nDenesikmouth, AZ 33958', 'actif', NULL, NULL, '2021-04-07 09:17:58', '2021-04-07 09:17:58', 1),
(88, 'Jacobs', 'Dakota', 'columbus.nienow@example.net', '2021-04-07 09:17:58', '$2y$10$92IXUNpkjO0rOQ5byMi.Ye4oKoEa3Ro9llC/.og/at2.uheWG/igi', '1234567890', '2005-08-08', '366 Luettgen Loaf\nVerdaport, OK 06216-4536', '9440 Rafael Springs Apt. 023\nAnaberg, NV 11037-2859', 'actif', NULL, NULL, '2021-04-07 09:17:58', '2021-04-07 09:17:58', 1),
(89, 'Tillman', 'Lottie', 'bbartoletti@example.org', '2021-04-07 09:17:58', '$2y$10$92IXUNpkjO0rOQ5byMi.Ye4oKoEa3Ro9llC/.og/at2.uheWG/igi', '1234567890', '2011-06-30', '1923 Emma Spurs\nKilbackside, MA 09827-6065', '246 Tre Court Apt. 036\nNorth Bellfort, NM 23568-0083', 'actif', NULL, NULL, '2021-04-07 09:17:58', '2021-04-07 09:17:58', 1),
(90, 'Hauck', 'Madyson', 'leopoldo.wyman@example.com', '2021-04-07 09:17:58', '$2y$10$92IXUNpkjO0rOQ5byMi.Ye4oKoEa3Ro9llC/.og/at2.uheWG/igi', '1234567890', '2012-02-21', '20952 Mertz Dam\nLake Teresa, AR 58661-8948', '63403 Creola Centers Suite 465\nSigmundland, WV 19697-6518', 'actif', NULL, NULL, '2021-04-07 09:17:58', '2021-04-07 09:17:58', 1),
(91, 'Wolff', 'Ona', 'kelvin52@example.com', '2021-04-07 09:17:58', '$2y$10$92IXUNpkjO0rOQ5byMi.Ye4oKoEa3Ro9llC/.og/at2.uheWG/igi', '1234567890', '2004-04-20', '18238 Miller Row Suite 655\nLake Geneview, NV 75562', '93029 Dooley Junctions\nPatrickfurt, MO 93111-9691', 'actif', NULL, NULL, '2021-04-07 09:17:58', '2021-04-07 09:17:58', 1),
(92, 'Lang', 'Virginia', 'rosalind.heathcote@example.net', '2021-04-07 09:17:58', '$2y$10$92IXUNpkjO0rOQ5byMi.Ye4oKoEa3Ro9llC/.og/at2.uheWG/igi', '1234567890', '2017-05-12', '946 Kacey Divide Suite 023\nLake Faustino, PA 24166-4627', '1861 Dejah Ridge\nIrvingmouth, MS 50030-7686', 'actif', NULL, NULL, '2021-04-07 09:17:58', '2021-04-07 09:17:58', 1),
(93, 'Parisian', 'Cedrick', 'jeff.brown@example.org', '2021-04-07 09:17:58', '$2y$10$92IXUNpkjO0rOQ5byMi.Ye4oKoEa3Ro9llC/.og/at2.uheWG/igi', '1234567890', '2018-03-20', '112 Swaniawski Squares\nYundtfurt, NC 31139', '501 Hyatt Gardens Suite 070\nNorth Linneamouth, OK 38327-3864', 'actif', NULL, NULL, '2021-04-07 09:17:58', '2021-04-07 09:17:58', 1),
(94, 'Smith', 'Kaelyn', 'wellington.douglas@example.org', '2021-04-07 09:17:58', '$2y$10$92IXUNpkjO0rOQ5byMi.Ye4oKoEa3Ro9llC/.og/at2.uheWG/igi', '1234567890', '2006-07-18', '36348 Dustin Lake Suite 363\nLauryton, VA 51911-0843', '2252 Kirk Cliffs\nSydneychester, AK 30498-2558', 'ancien', NULL, NULL, '2021-04-07 09:17:58', '2021-04-07 09:17:58', 1),
(95, 'Veum', 'Leila', 'brandi.huels@example.org', '2021-04-07 09:17:58', '$2y$10$92IXUNpkjO0rOQ5byMi.Ye4oKoEa3Ro9llC/.og/at2.uheWG/igi', '1234567890', '2020-06-09', '396 Antonio Keys Apt. 534\nNew Shea, VA 48710', '5377 Hans Pine\nWest Waino, VA 68566', 'actif', NULL, NULL, '2021-04-07 09:17:58', '2021-04-07 09:17:58', 1),
(96, 'Hilpert', 'Madonna', 'tristin81@example.org', '2021-04-07 09:17:58', '$2y$10$92IXUNpkjO0rOQ5byMi.Ye4oKoEa3Ro9llC/.og/at2.uheWG/igi', '1234567890', '2007-03-07', '154 Reichert Center Suite 423\nLeannonport, MN 41180-5713', '6401 Zita Mountain Suite 446\nLarryview, WV 06915', 'actif', NULL, NULL, '2021-04-07 09:17:58', '2021-04-07 09:17:58', 1),
(97, 'Cassin', 'Vernice', 'nmccullough@example.com', '2021-04-07 09:17:58', '$2y$10$92IXUNpkjO0rOQ5byMi.Ye4oKoEa3Ro9llC/.og/at2.uheWG/igi', '1234567890', '2009-03-07', '275 Brown Freeway\nNew Ernestomouth, ND 32551-4564', '63517 Walsh Cliff\nAngelitaburgh, ME 44979', 'actif', NULL, NULL, '2021-04-07 09:17:58', '2021-04-07 09:17:58', 1),
(98, 'Strosin', 'Elmo', 'lewis58@example.org', '2021-04-07 09:17:58', '$2y$10$92IXUNpkjO0rOQ5byMi.Ye4oKoEa3Ro9llC/.og/at2.uheWG/igi', '1234567890', '2010-12-23', '78670 Camryn Inlet Suite 476\nWestleyville, MS 93998', '4413 Willms Terrace Suite 838\nKunzeton, KS 21042', 'ancien', NULL, NULL, '2021-04-07 09:17:58', '2021-04-07 09:17:58', 1),
(99, 'Connelly', 'Edd', 'umetz@example.org', '2021-04-07 09:17:58', '$2y$10$92IXUNpkjO0rOQ5byMi.Ye4oKoEa3Ro9llC/.og/at2.uheWG/igi', '1234567890', '2014-02-25', '6620 Huel Meadow\nNew Beatricechester, MT 97404', '7456 Lawson Point\nEast Reillyville, SC 89245', 'actif', NULL, NULL, '2021-04-07 09:17:58', '2021-04-07 09:17:58', 1),
(100, 'Romaguera', 'Orval', 'ryan.meda@example.net', '2021-04-07 09:17:58', '$2y$10$92IXUNpkjO0rOQ5byMi.Ye4oKoEa3Ro9llC/.og/at2.uheWG/igi', '1234567890', '2002-05-01', '4417 Richie Run\nWest Keeganhaven, SC 82235-7991', '397 Rolfson Mountains\nEast Robin, AK 08526', 'actif', NULL, NULL, '2021-04-07 09:17:58', '2021-04-07 09:17:58', 1),
(101, 'Ledner', 'Jacklyn', 'wwelch@example.com', '2021-04-07 09:17:58', '$2y$10$92IXUNpkjO0rOQ5byMi.Ye4oKoEa3Ro9llC/.og/at2.uheWG/igi', '1234567890', '2011-02-21', '2613 Conroy Lane\nNorth Joesph, SD 33646-2652', '9807 Daugherty Mission\nPort Carolport, AZ 91990', 'actif', NULL, NULL, '2021-04-07 09:17:58', '2021-04-07 09:17:58', 1),
(102, 'Bogan', 'Howell', 'nziemann@example.org', '2021-04-07 09:17:58', '$2y$10$92IXUNpkjO0rOQ5byMi.Ye4oKoEa3Ro9llC/.og/at2.uheWG/igi', '1234567890', '2014-11-24', '836 Gregorio Valley Suite 405\nNorwoodtown, DE 00178', '671 Gerhold Spurs Suite 385\nWest Nathanielside, MN 12184', 'actif', NULL, NULL, '2021-04-07 09:17:58', '2021-04-07 09:17:58', 1),
(103, 'Shields', 'Elliot', 'mullrich@example.org', '2021-04-07 09:17:58', '$2y$10$92IXUNpkjO0rOQ5byMi.Ye4oKoEa3Ro9llC/.og/at2.uheWG/igi', '1234567890', '2002-01-13', '21821 Douglas Ports Suite 367\nKamronmouth, MN 24757', '480 Gunnar Hill Suite 378\nCreminville, SD 96435', 'ancien', NULL, NULL, '2021-04-07 09:17:58', '2021-04-07 09:17:58', 1),
(104, 'Weimann', 'Davin', 'huels.anabelle@example.net', '2021-04-07 09:17:58', '$2y$10$92IXUNpkjO0rOQ5byMi.Ye4oKoEa3Ro9llC/.og/at2.uheWG/igi', '1234567890', '2011-07-14', '96222 Roel Stravenue\nWizaview, KY 02349', '23808 Lila Village\nWest Reginald, DC 43343', 'actif', NULL, NULL, '2021-04-07 09:17:58', '2021-04-07 09:17:58', 1),
(105, 'Beahan', 'Cleora', 'friesen.orrin@example.com', '2021-04-07 09:17:58', '$2y$10$92IXUNpkjO0rOQ5byMi.Ye4oKoEa3Ro9llC/.og/at2.uheWG/igi', '1234567890', '2019-02-20', '964 Maye Isle\nNew Garnet, CA 56693-7633', '24362 Willis Flat Apt. 535\nErdmanshire, IL 07682', 'actif', NULL, NULL, '2021-04-07 09:17:58', '2021-04-07 09:17:58', 1),
(106, 'Lockman', 'Tom', 'skemmer@example.net', '2021-04-07 09:17:58', '$2y$10$92IXUNpkjO0rOQ5byMi.Ye4oKoEa3Ro9llC/.og/at2.uheWG/igi', '1234567890', '2009-12-13', '212 Osborne Row Apt. 766\nBraunport, VA 89825', '354 Keeley Skyway\nSouth Alexandroborough, IN 15367-8790', 'ancien', NULL, NULL, '2021-04-07 09:17:58', '2021-04-07 09:17:58', 1),
(107, 'Russel', 'Garrick', 'nmorissette@example.net', '2021-04-07 09:17:58', '$2y$10$92IXUNpkjO0rOQ5byMi.Ye4oKoEa3Ro9llC/.og/at2.uheWG/igi', '1234567890', '2017-02-25', '50999 Smith Rue Suite 811\nNew Dandreburgh, SD 76501-4739', '3976 Huel Branch\nLake Kaitlin, AK 67002-0277', 'actif', NULL, NULL, '2021-04-07 09:17:58', '2021-04-07 09:17:58', 1),
(108, 'Mann', 'Giovanny', 'ramiro.ferry@example.org', '2021-04-07 09:17:58', '$2y$10$92IXUNpkjO0rOQ5byMi.Ye4oKoEa3Ro9llC/.og/at2.uheWG/igi', '1234567890', '2012-01-03', '16666 Weimann Throughway\nIsadoreborough, NJ 79797', '659 Danny Forks Suite 857\nPort Alana, MA 33280-5472', 'actif', NULL, NULL, '2021-04-07 09:17:58', '2021-04-07 09:17:58', 1),
(109, 'Bauch', 'Koby', 'nels.feil@example.net', '2021-04-07 09:17:58', '$2y$10$92IXUNpkjO0rOQ5byMi.Ye4oKoEa3Ro9llC/.og/at2.uheWG/igi', '1234567890', '2004-02-10', '176 Hilton Road\nNorth Alphonso, KS 92196', '82424 Jacobs Mills Suite 032\nGabrielleside, MA 19117', 'actif', NULL, NULL, '2021-04-07 09:17:58', '2021-04-07 09:17:58', 1),
(110, 'Crooks', 'Tod', 'vandervort.abby@example.com', '2021-04-07 09:17:58', '$2y$10$92IXUNpkjO0rOQ5byMi.Ye4oKoEa3Ro9llC/.og/at2.uheWG/igi', '1234567890', '2018-01-07', '45907 Blanda Track Suite 468\nNew Sylvia, ME 48103-6452', '511 Hauck Center\nFlatleyfort, NV 05720-9475', 'actif', NULL, NULL, '2021-04-07 09:17:58', '2021-04-07 09:17:58', 1),
(111, 'Sanford', 'Murphy', 'german.gerhold@example.net', '2021-04-07 09:17:58', '$2y$10$92IXUNpkjO0rOQ5byMi.Ye4oKoEa3Ro9llC/.og/at2.uheWG/igi', '1234567890', '2011-05-15', '41550 Willms Mews\nAlberthashire, VT 36367-5440', '28690 Will Track\nSouth Cleta, RI 02674-1141', 'actif', NULL, NULL, '2021-04-07 09:17:58', '2021-04-07 09:17:58', 1),
(112, 'Dach', 'Remington', 'jaron92@example.net', '2021-04-07 09:17:58', '$2y$10$92IXUNpkjO0rOQ5byMi.Ye4oKoEa3Ro9llC/.og/at2.uheWG/igi', '1234567890', '2017-10-14', '628 Zander Curve\nSantinoland, GA 81731', '46783 Barbara Hollow\nSouth Tristian, AL 10974-9791', 'actif', NULL, NULL, '2021-04-07 09:17:58', '2021-04-07 09:17:58', 1),
(113, 'Lemke', 'Willow', 'juana68@example.com', '2021-04-07 09:17:59', '$2y$10$92IXUNpkjO0rOQ5byMi.Ye4oKoEa3Ro9llC/.og/at2.uheWG/igi', '1234567890', '2014-11-29', '9737 Jalen Valley\nSchimmelfort, VA 15748-8788', '11660 Dashawn Orchard\nLake Kyra, ND 42343-4941', 'ancien', NULL, NULL, '2021-04-07 09:17:59', '2021-04-07 09:17:59', 1),
(114, 'Keeling', 'Jaqueline', 'lamont31@example.net', '2021-04-07 09:17:59', '$2y$10$92IXUNpkjO0rOQ5byMi.Ye4oKoEa3Ro9llC/.og/at2.uheWG/igi', '1234567890', '2005-05-09', '774 Flatley Branch\nWest Jamey, WY 37530', '743 Susana Street\nVerniehaven, ME 85201-2895', 'actif', NULL, NULL, '2021-04-07 09:17:59', '2021-04-07 09:17:59', 1),
(115, 'Lebsack', 'Johnathon', 'gene.schulist@example.com', '2021-04-07 09:17:59', '$2y$10$92IXUNpkjO0rOQ5byMi.Ye4oKoEa3Ro9llC/.og/at2.uheWG/igi', '1234567890', '2013-05-22', '17530 Celia Circle Apt. 913\nWest Jocelyn, KS 43988-9201', '1334 Schaefer Forest\nElizabethhaven, KY 20213-1466', 'ancien', NULL, NULL, '2021-04-07 09:17:59', '2021-04-07 09:17:59', 1),
(116, 'Runolfsson', 'Chesley', 'zieme.jayda@example.com', '2021-04-07 09:17:59', '$2y$10$92IXUNpkjO0rOQ5byMi.Ye4oKoEa3Ro9llC/.og/at2.uheWG/igi', '1234567890', '2013-05-23', '21090 Leonel Turnpike\nLake Alenestad, AR 93318-3978', '285 Rosenbaum Estate Suite 666\nNew Leonardo, NY 60963-2270', 'ancien', NULL, NULL, '2021-04-07 09:17:59', '2021-04-07 09:17:59', 1),
(117, 'Koelpin', 'Dan', 'emard.janis@example.com', '2021-04-07 09:17:59', '$2y$10$92IXUNpkjO0rOQ5byMi.Ye4oKoEa3Ro9llC/.og/at2.uheWG/igi', '1234567890', '2001-09-02', '4346 Esther Well Suite 511\nCatharinefurt, KY 40940-1745', '496 Winona Overpass\nEast Elinoreborough, HI 85822-2587', 'ancien', NULL, NULL, '2021-04-07 09:17:59', '2021-04-07 09:17:59', 1),
(118, 'Smith', 'Alfonzo', 'alverta56@example.com', '2021-04-07 09:17:59', '$2y$10$92IXUNpkjO0rOQ5byMi.Ye4oKoEa3Ro9llC/.og/at2.uheWG/igi', '1234567890', '2004-09-02', '28859 Conn Centers Apt. 902\nLake Gregville, CA 36015-5582', '4884 Kilback Glen\nWest Kenyon, FL 39363', 'actif', NULL, NULL, '2021-04-07 09:17:59', '2021-04-07 09:17:59', 1),
(119, 'Anderson', 'Leora', 'grimes.berneice@example.org', '2021-04-07 09:17:59', '$2y$10$92IXUNpkjO0rOQ5byMi.Ye4oKoEa3Ro9llC/.og/at2.uheWG/igi', '1234567890', '2012-03-06', '934 Mose Landing\nShieldston, VA 29850', '934 Connor Wells\nEast Bryon, SC 98710-7359', 'actif', NULL, NULL, '2021-04-07 09:17:59', '2021-04-07 09:17:59', 1),
(120, 'Leuschke', 'Jacky', 'neal.schinner@example.com', '2021-04-07 09:17:59', '$2y$10$92IXUNpkjO0rOQ5byMi.Ye4oKoEa3Ro9llC/.og/at2.uheWG/igi', '1234567890', '2012-01-12', '5684 Rosenbaum Lights\nWardbury, KS 45865-3162', '9868 Marlin Mews\nErnserside, MO 18979-7058', 'actif', NULL, NULL, '2021-04-07 09:17:59', '2021-04-07 09:17:59', 1),
(121, 'Kunze', 'Maxine', 'keyon.littel@example.net', '2021-04-07 09:17:59', '$2y$10$92IXUNpkjO0rOQ5byMi.Ye4oKoEa3Ro9llC/.og/at2.uheWG/igi', '1234567890', '2016-09-21', '149 Carter Hollow Apt. 132\nElroymouth, HI 17293-6930', '4276 Ethel Springs Suite 534\nGiovannyton, HI 74618', 'actif', NULL, NULL, '2021-04-07 09:17:59', '2021-04-07 09:17:59', 1),
(122, 'Walsh', 'Marcus', 'ibrahim08@example.com', '2021-04-07 09:17:59', '$2y$10$92IXUNpkjO0rOQ5byMi.Ye4oKoEa3Ro9llC/.og/at2.uheWG/igi', '1234567890', '2007-06-06', '210 Maryjane Walks Apt. 219\nNorth Nikitachester, NY 73922-9837', '339 Keeling Neck\nLemkebury, ME 57694-8044', 'actif', NULL, NULL, '2021-04-07 09:17:59', '2021-04-07 09:17:59', 1),
(123, 'Mayert', 'Darwin', 'jaime.stiedemann@example.org', '2021-04-07 09:17:59', '$2y$10$92IXUNpkjO0rOQ5byMi.Ye4oKoEa3Ro9llC/.og/at2.uheWG/igi', '1234567890', '2019-04-25', '115 Neoma Stream Apt. 485\nLake Jonathon, CT 49973', '8751 Tracy Field Suite 197\nWest Dino, IN 35779-8922', 'actif', NULL, NULL, '2021-04-07 09:17:59', '2021-04-07 09:17:59', 1),
(124, 'Swaniawski', 'Rosamond', 'brendon.frami@example.org', '2021-04-07 09:17:59', '$2y$10$92IXUNpkjO0rOQ5byMi.Ye4oKoEa3Ro9llC/.og/at2.uheWG/igi', '1234567890', '2009-09-06', '4022 Daugherty Spring Suite 196\nHahnside, VT 99500', '28632 Conroy Islands\nLaurianebury, ME 76810-2123', 'actif', NULL, NULL, '2021-04-07 09:17:59', '2021-04-07 09:17:59', 1),
(125, 'Satterfield', 'Quinten', 'kutch.antonia@example.org', '2021-04-07 09:17:59', '$2y$10$92IXUNpkjO0rOQ5byMi.Ye4oKoEa3Ro9llC/.og/at2.uheWG/igi', '1234567890', '2010-12-24', '90949 Conroy Neck Suite 371\nEldonburgh, DE 11004-0360', '9526 Stanton Shoal\nFerryfort, PA 69090', 'actif', NULL, NULL, '2021-04-07 09:17:59', '2021-04-07 09:17:59', 1),
(126, 'Jacobi', 'Royal', 'aoreilly@example.org', '2021-04-07 09:17:59', '$2y$10$92IXUNpkjO0rOQ5byMi.Ye4oKoEa3Ro9llC/.og/at2.uheWG/igi', '1234567890', '2007-01-25', '981 Dach Summit Suite 760\nOrtizfurt, HI 81860-9306', '120 Ben Freeway Suite 057\nGoyetteville, UT 31348-1724', 'actif', NULL, NULL, '2021-04-07 09:17:59', '2021-04-07 09:17:59', 1),
(127, 'Grimes', 'Amanda', 'elisabeth48@example.net', '2021-04-07 09:17:59', '$2y$10$92IXUNpkjO0rOQ5byMi.Ye4oKoEa3Ro9llC/.og/at2.uheWG/igi', '1234567890', '2021-01-18', '49333 Krajcik Springs Apt. 089\nEsperanzaport, MO 66264-7584', '208 Boyle Fall\nSouth Maybellebury, MI 05490', 'actif', NULL, NULL, '2021-04-07 09:17:59', '2021-04-07 09:17:59', 1),
(128, 'Mills', 'Cleveland', 'funk.petra@example.org', '2021-04-07 09:17:59', '$2y$10$92IXUNpkjO0rOQ5byMi.Ye4oKoEa3Ro9llC/.og/at2.uheWG/igi', '1234567890', '2016-08-08', '59027 Bednar Ranch\nKuphalhaven, VT 57220', '27779 Charley Freeway Suite 125\nSouth Stephanymouth, TX 32345-8780', 'actif', NULL, NULL, '2021-04-07 09:17:59', '2021-04-07 09:17:59', 1),
(129, 'Prohaska', 'Eloise', 'dickens.cecelia@example.net', '2021-04-07 09:17:59', '$2y$10$92IXUNpkjO0rOQ5byMi.Ye4oKoEa3Ro9llC/.og/at2.uheWG/igi', '1234567890', '2013-03-11', '1995 Ericka Street\nWest Alek, TN 17999', '2978 Grimes Corners Suite 604\nMacieton, OK 74637-1527', 'ancien', NULL, NULL, '2021-04-07 09:17:59', '2021-04-07 09:17:59', 1),
(130, 'Bruen', 'Krystina', 'shawn41@example.com', '2021-04-07 09:17:59', '$2y$10$92IXUNpkjO0rOQ5byMi.Ye4oKoEa3Ro9llC/.og/at2.uheWG/igi', '1234567890', '2007-05-03', '5105 Quentin Spurs\nTurcotteland, NJ 00885-5203', '975 McKenzie Lock Apt. 715\nLeannonmouth, OH 25099-6214', 'actif', NULL, NULL, '2021-04-07 09:17:59', '2021-04-07 09:17:59', 1),
(131, 'Swift', 'Zula', 'myrtie58@example.net', '2021-04-07 09:17:59', '$2y$10$92IXUNpkjO0rOQ5byMi.Ye4oKoEa3Ro9llC/.og/at2.uheWG/igi', '1234567890', '2005-02-28', '73541 Mante Forest\nEast Evemouth, HI 73842', '258 Schimmel Valleys Apt. 048\nMonteborough, AL 91543-2072', 'actif', NULL, NULL, '2021-04-07 09:17:59', '2021-04-07 09:17:59', 1),
(132, 'Kreiger', 'Euna', 'muller.abe@example.org', '2021-04-07 09:17:59', '$2y$10$92IXUNpkjO0rOQ5byMi.Ye4oKoEa3Ro9llC/.og/at2.uheWG/igi', '1234567890', '2009-03-06', '1609 Ortiz Row Suite 493\nNew Quentin, WI 37082-8217', '40214 Collier Via Apt. 164\nNew Katrine, SD 61253', 'actif', NULL, NULL, '2021-04-07 09:17:59', '2021-04-07 09:17:59', 1),
(133, 'Nikolaus', 'Isom', 'damore.tom@example.net', '2021-04-07 09:17:59', '$2y$10$92IXUNpkjO0rOQ5byMi.Ye4oKoEa3Ro9llC/.og/at2.uheWG/igi', '1234567890', '2012-02-13', '307 Hosea Ferry\nLake Dameonville, TN 07893', '996 Parker Street Suite 692\nWillowstad, HI 30388', 'actif', NULL, NULL, '2021-04-07 09:17:59', '2021-04-07 09:17:59', 1),
(134, 'Satterfield', 'Magnolia', 'mante.terry@example.org', '2021-04-07 09:17:59', '$2y$10$92IXUNpkjO0rOQ5byMi.Ye4oKoEa3Ro9llC/.og/at2.uheWG/igi', '1234567890', '2014-04-06', '37019 Lea Neck\nKlockoland, ME 74853-5139', '5937 Kuphal Rest\nEast Sibylburgh, SD 90734', 'actif', NULL, NULL, '2021-04-07 09:17:59', '2021-04-07 09:17:59', 1),
(135, 'Beatty', 'Joan', 'echristiansen@example.org', '2021-04-07 09:17:59', '$2y$10$92IXUNpkjO0rOQ5byMi.Ye4oKoEa3Ro9llC/.og/at2.uheWG/igi', '1234567890', '2008-12-21', '5989 Kira Port Suite 417\nLake Agustin, RI 92430', '553 Armani Turnpike Apt. 402\nLake Ibrahimville, IL 37567', 'actif', NULL, NULL, '2021-04-07 09:17:59', '2021-04-07 09:17:59', 1),
(136, 'Hansen', 'Asha', 'janie.johns@example.net', '2021-04-07 09:17:59', '$2y$10$92IXUNpkjO0rOQ5byMi.Ye4oKoEa3Ro9llC/.og/at2.uheWG/igi', '1234567890', '2020-03-13', '24902 Marks Glens Suite 527\nWest Tevin, WI 28175', '68257 Angelica Branch Suite 966\nErnaborough, NV 78159', 'actif', NULL, NULL, '2021-04-07 09:17:59', '2021-04-07 09:17:59', 1),
(137, 'Cummings', 'Jena', 'brenda27@example.org', '2021-04-07 09:17:59', '$2y$10$92IXUNpkjO0rOQ5byMi.Ye4oKoEa3Ro9llC/.og/at2.uheWG/igi', '1234567890', '2003-06-05', '916 Emmerich Village\nEast Llewellynbury, AR 13287', '186 Adrien Glen\nEulaliafurt, MO 91190-7828', 'actif', NULL, NULL, '2021-04-07 09:17:59', '2021-04-07 09:17:59', 1),
(138, 'Bednar', 'Brendon', 'bethel.veum@example.net', '2021-04-07 09:17:59', '$2y$10$92IXUNpkjO0rOQ5byMi.Ye4oKoEa3Ro9llC/.og/at2.uheWG/igi', '1234567890', '2002-05-25', '2052 Rempel Villages\nWest Yolanda, DE 80854', '9513 Monahan Ports Suite 517\nWest Hughhaven, ID 37925', 'ancien', NULL, NULL, '2021-04-07 09:17:59', '2021-04-07 09:17:59', 1),
(139, 'Wunsch', 'Eladio', 'liliana67@example.org', '2021-04-07 09:17:59', '$2y$10$92IXUNpkjO0rOQ5byMi.Ye4oKoEa3Ro9llC/.og/at2.uheWG/igi', '1234567890', '2019-02-22', '446 Hettinger Station\nWest Kenna, SC 58602', '559 Lehner Corners\nLebsackville, HI 85317', 'ancien', NULL, NULL, '2021-04-07 09:17:59', '2021-04-07 09:17:59', 1),
(140, 'Turcotte', 'Sonia', 'mayer.dexter@example.org', '2021-04-07 09:17:59', '$2y$10$92IXUNpkjO0rOQ5byMi.Ye4oKoEa3Ro9llC/.og/at2.uheWG/igi', '1234567890', '2001-11-12', '74720 Karl Islands Suite 998\nLittelside, WV 24924-5276', '495 Leuschke Vista Apt. 294\nNew Darionburgh, MA 22398', 'actif', NULL, NULL, '2021-04-07 09:17:59', '2021-04-07 09:17:59', 1),
(141, 'Schimmel', 'Deshaun', 'kenyatta90@example.org', '2021-04-07 09:17:59', '$2y$10$92IXUNpkjO0rOQ5byMi.Ye4oKoEa3Ro9llC/.og/at2.uheWG/igi', '1234567890', '2007-04-16', '929 O\'Conner Park\nWest Darbyburgh, KY 09266', '24926 Mann Summit\nWest Anyaville, NC 38849-0217', 'actif', NULL, NULL, '2021-04-07 09:17:59', '2021-04-07 09:17:59', 1),
(142, 'Adams', 'Hilbert', 'agustin93@example.org', '2021-04-07 09:17:59', '$2y$10$92IXUNpkjO0rOQ5byMi.Ye4oKoEa3Ro9llC/.og/at2.uheWG/igi', '1234567890', '2002-03-07', '3767 Valentine Unions\nHickleville, AR 40377-6428', '87815 Leffler Crossroad\nWest Cassidyland, OH 38694', 'actif', NULL, NULL, '2021-04-07 09:17:59', '2021-04-07 09:17:59', 1),
(143, 'Kuphal', 'Louvenia', 'norene.lowe@example.org', '2021-04-07 09:17:59', '$2y$10$92IXUNpkjO0rOQ5byMi.Ye4oKoEa3Ro9llC/.og/at2.uheWG/igi', '1234567890', '2014-04-25', '2097 Brent Dale\nNorth Levi, WA 36457', '4534 Erna Plaza Apt. 286\nTannerview, OR 17602', 'actif', NULL, NULL, '2021-04-07 09:17:59', '2021-04-07 09:17:59', 1),
(144, 'Schimmel', 'Thora', 'mozell64@example.org', '2021-04-07 09:17:59', '$2y$10$92IXUNpkjO0rOQ5byMi.Ye4oKoEa3Ro9llC/.og/at2.uheWG/igi', '1234567890', '2001-05-30', '5301 Johnson Port Suite 755\nWest Rozellaburgh, AK 89604-0348', '966 Adelle Estates\nTianabury, MS 73363', 'actif', NULL, NULL, '2021-04-07 09:17:59', '2021-04-07 09:17:59', 1),
(145, 'Walter', 'Demond', 'jackeline.stark@example.com', '2021-04-07 09:17:59', '$2y$10$92IXUNpkjO0rOQ5byMi.Ye4oKoEa3Ro9llC/.og/at2.uheWG/igi', '1234567890', '2020-05-17', '7759 Schuster Plaza\nNew Noe, MN 65527-5666', '244 Nitzsche Route Suite 719\nRosemarybury, AZ 51809-7689', 'actif', NULL, NULL, '2021-04-07 09:17:59', '2021-04-07 09:17:59', 1);
INSERT INTO `cactus_etudiants` (`id`, `nom`, `prenom`, `email`, `email_verified_at`, `password`, `cin`, `date_naissance`, `lieu_naissance`, `adresse`, `status`, `photo`, `remember_token`, `created_at`, `updated_at`, `parcours_id`) VALUES
(146, 'Murazik', 'Karli', 'crooks.ayana@example.com', '2021-04-07 09:17:59', '$2y$10$92IXUNpkjO0rOQ5byMi.Ye4oKoEa3Ro9llC/.og/at2.uheWG/igi', '1234567890', '2008-02-25', '253 Larson Mountain\nMillstown, MI 53067', '622 Jesus Forks\nWisozkborough, ME 29518', 'actif', NULL, NULL, '2021-04-07 09:17:59', '2021-04-07 09:17:59', 1),
(147, 'Jast', 'Maegan', 'carter.chauncey@example.net', '2021-04-07 09:18:00', '$2y$10$92IXUNpkjO0rOQ5byMi.Ye4oKoEa3Ro9llC/.og/at2.uheWG/igi', '1234567890', '2015-01-09', '4678 Sandra Mission\nSouth Greg, NE 80171', '38951 Marielle River Suite 814\nSchinnerside, DE 52370', 'actif', NULL, NULL, '2021-04-07 09:18:00', '2021-04-07 09:18:00', 1),
(148, 'Legros', 'Michele', 'rodriguez.cindy@example.net', '2021-04-07 09:18:00', '$2y$10$92IXUNpkjO0rOQ5byMi.Ye4oKoEa3Ro9llC/.og/at2.uheWG/igi', '1234567890', '2011-12-08', '38347 Deon Drives\nLake Lawrenceport, NV 77074-8008', '127 Esther Village\nWest Mackenzieland, KY 08571', 'actif', NULL, NULL, '2021-04-07 09:18:00', '2021-04-07 09:18:00', 1),
(149, 'Carroll', 'Lina', 'nicolette63@example.org', '2021-04-07 09:18:00', '$2y$10$92IXUNpkjO0rOQ5byMi.Ye4oKoEa3Ro9llC/.og/at2.uheWG/igi', '1234567890', '2017-07-27', '697 Kutch Burg\nRonaldomouth, ID 12403-7794', '644 Braun Station Suite 657\nPort Justen, MS 47692-5790', 'actif', NULL, NULL, '2021-04-07 09:18:00', '2021-04-07 09:18:00', 1),
(150, 'Kuhn', 'Retta', 'abshire.beulah@example.net', '2021-04-07 09:18:00', '$2y$10$92IXUNpkjO0rOQ5byMi.Ye4oKoEa3Ro9llC/.og/at2.uheWG/igi', '1234567890', '2013-04-25', '51560 Zulauf Prairie\nBernhardton, AR 64079-5801', '389 Langosh Prairie\nNorth Wava, OK 53587', 'actif', NULL, NULL, '2021-04-07 09:18:00', '2021-04-07 09:18:00', 1),
(151, 'Graham', 'D\'angelo', 'nyundt@example.org', '2021-04-07 09:18:00', '$2y$10$92IXUNpkjO0rOQ5byMi.Ye4oKoEa3Ro9llC/.og/at2.uheWG/igi', '1234567890', '2009-08-12', '4944 Dejon Prairie\nNorth Genevieveton, GA 22235-0348', '64282 Hessel Locks Apt. 856\nNew Camilahaven, AR 71444-1308', 'actif', NULL, NULL, '2021-04-07 09:18:00', '2021-04-07 09:18:00', 1),
(152, 'O\'Reilly', 'Missouri', 'sharon64@example.com', '2021-04-07 09:18:00', '$2y$10$92IXUNpkjO0rOQ5byMi.Ye4oKoEa3Ro9llC/.og/at2.uheWG/igi', '1234567890', '2006-04-09', '1338 Mya Springs\nCleorabury, CA 07038-5815', '718 Ewell Dale Apt. 501\nJailynmouth, NH 71996-2908', 'actif', NULL, NULL, '2021-04-07 09:18:00', '2021-04-07 09:18:00', 1),
(153, 'Muller', 'Neoma', 'name.larkin@example.org', '2021-04-07 09:18:00', '$2y$10$92IXUNpkjO0rOQ5byMi.Ye4oKoEa3Ro9llC/.og/at2.uheWG/igi', '1234567890', '2011-03-25', '8744 Gottlieb Highway\nRandytown, AR 90535', '2285 Martina Landing Suite 870\nCollinsbury, MT 75367', 'actif', NULL, NULL, '2021-04-07 09:18:00', '2021-04-07 09:18:00', 1),
(154, 'Keebler', 'Annetta', 'lola82@example.com', '2021-04-07 09:18:00', '$2y$10$92IXUNpkjO0rOQ5byMi.Ye4oKoEa3Ro9llC/.og/at2.uheWG/igi', '1234567890', '2017-02-27', '37956 Heber Fields\nLake Ariane, OH 70824-0918', '56022 Kohler Land\nSouth Maybelleborough, DE 59318', 'actif', NULL, NULL, '2021-04-07 09:18:00', '2021-04-07 09:18:00', 1),
(155, 'Harber', 'Zachery', 'wconroy@example.com', '2021-04-07 09:18:00', '$2y$10$92IXUNpkjO0rOQ5byMi.Ye4oKoEa3Ro9llC/.og/at2.uheWG/igi', '1234567890', '2003-04-21', '656 Schaefer Mission\nSouth Dangeloport, MA 53062-1503', '897 Morissette Court Apt. 285\nNorth Denis, CA 97321-0958', 'actif', NULL, NULL, '2021-04-07 09:18:00', '2021-04-07 09:18:00', 1),
(156, 'Spencer', 'Milan', 'macejkovic.bennett@example.org', '2021-04-07 09:18:00', '$2y$10$92IXUNpkjO0rOQ5byMi.Ye4oKoEa3Ro9llC/.og/at2.uheWG/igi', '1234567890', '2009-12-24', '4967 Thiel Track Suite 131\nSouth Julie, UT 19971-6319', '935 Tromp Turnpike Apt. 711\nXanderbury, MI 45236-7031', 'ancien', NULL, NULL, '2021-04-07 09:18:00', '2021-04-07 09:18:00', 1),
(157, 'Schiller', 'Rupert', 'ubotsford@example.com', '2021-04-07 09:18:00', '$2y$10$92IXUNpkjO0rOQ5byMi.Ye4oKoEa3Ro9llC/.og/at2.uheWG/igi', '1234567890', '2019-11-05', '85836 Aglae Lodge\nCorkerymouth, VT 38808-8298', '36464 Christiansen Bridge\nAngelview, TN 67936-7730', 'actif', NULL, NULL, '2021-04-07 09:18:00', '2021-04-07 09:18:00', 1),
(158, 'Lubowitz', 'Eveline', 'lowe.eusebio@example.com', '2021-04-07 09:18:00', '$2y$10$92IXUNpkjO0rOQ5byMi.Ye4oKoEa3Ro9llC/.og/at2.uheWG/igi', '1234567890', '2003-02-26', '562 Harris Isle Suite 568\nNorth Juwantown, SC 88371-8797', '497 Maxime Shore Suite 416\nTodmouth, RI 55368', 'actif', NULL, NULL, '2021-04-07 09:18:00', '2021-04-07 09:18:00', 1),
(159, 'McGlynn', 'Osbaldo', 'russel.kelton@example.org', '2021-04-07 09:18:00', '$2y$10$92IXUNpkjO0rOQ5byMi.Ye4oKoEa3Ro9llC/.og/at2.uheWG/igi', '1234567890', '2019-06-05', '1607 Horacio Mission Apt. 933\nNorth Averyport, MA 30404', '3479 Larson Freeway\nKearaberg, AZ 54649-9070', 'ancien', NULL, NULL, '2021-04-07 09:18:00', '2021-04-07 09:18:00', 1),
(160, 'DuBuque', 'Sydni', 'oconnell.tony@example.com', '2021-04-07 09:18:00', '$2y$10$92IXUNpkjO0rOQ5byMi.Ye4oKoEa3Ro9llC/.og/at2.uheWG/igi', '1234567890', '2018-04-10', '69281 Swaniawski Fields Suite 775\nBrodyburgh, PA 23618', '41149 Jaren Ports Apt. 998\nPfefferchester, TX 97357-2469', 'actif', NULL, NULL, '2021-04-07 09:18:00', '2021-04-07 09:18:00', 1),
(161, 'Pfannerstill', 'Eve', 'margaretta.wiza@example.org', '2021-04-07 09:18:00', '$2y$10$92IXUNpkjO0rOQ5byMi.Ye4oKoEa3Ro9llC/.og/at2.uheWG/igi', '1234567890', '2011-01-30', '86091 Swaniawski Harbors Suite 822\nPort Janae, MO 18138-4061', '71528 Manuela Drive Apt. 293\nNorth Lizeth, WA 27120-3928', 'ancien', NULL, NULL, '2021-04-07 09:18:00', '2021-04-07 09:18:00', 1),
(162, 'Hill', 'Kian', 'greenfelder.mervin@example.org', '2021-04-07 09:18:00', '$2y$10$92IXUNpkjO0rOQ5byMi.Ye4oKoEa3Ro9llC/.og/at2.uheWG/igi', '1234567890', '2013-05-30', '35112 Vandervort Valley\nNew Heleneport, WV 63231-1344', '5982 Prosacco Walk Suite 577\nVonland, LA 90798-8391', 'actif', NULL, NULL, '2021-04-07 09:18:00', '2021-04-07 09:18:00', 1),
(163, 'Mraz', 'Sadye', 'tromp.kiel@example.com', '2021-04-07 09:18:00', '$2y$10$92IXUNpkjO0rOQ5byMi.Ye4oKoEa3Ro9llC/.og/at2.uheWG/igi', '1234567890', '2007-05-11', '161 Sydney Point Apt. 762\nPort Kelly, PA 47052', '4481 Gleason Turnpike\nNorth Karlie, ND 86581-5665', 'actif', NULL, NULL, '2021-04-07 09:18:00', '2021-04-07 09:18:00', 1),
(164, 'Hills', 'Murl', 'joy.padberg@example.net', '2021-04-07 09:18:00', '$2y$10$92IXUNpkjO0rOQ5byMi.Ye4oKoEa3Ro9llC/.og/at2.uheWG/igi', '1234567890', '2002-01-22', '1936 Quigley View\nVonRuedenfurt, MA 05650-5895', '169 Loren Camp Suite 539\nWest Herminio, NY 42336-0634', 'actif', NULL, NULL, '2021-04-07 09:18:00', '2021-04-07 09:18:00', 1),
(165, 'Keebler', 'Godfrey', 'clovis81@example.com', '2021-04-07 09:18:00', '$2y$10$92IXUNpkjO0rOQ5byMi.Ye4oKoEa3Ro9llC/.og/at2.uheWG/igi', '1234567890', '2004-12-08', '221 Hane Flat Apt. 419\nRohanstad, ID 38523-1476', '98873 Dayne Valley Apt. 824\nWest Trenton, VT 17541', 'actif', NULL, NULL, '2021-04-07 09:18:00', '2021-04-07 09:18:00', 1),
(166, 'Heathcote', 'Jess', 'jerde.nasir@example.org', '2021-04-07 09:18:00', '$2y$10$92IXUNpkjO0rOQ5byMi.Ye4oKoEa3Ro9llC/.og/at2.uheWG/igi', '1234567890', '2014-06-25', '39587 Renner Terrace Apt. 848\nWillmsmouth, IL 88526-5695', '30353 Benny Junctions\nMustafaton, VT 14821', 'actif', NULL, NULL, '2021-04-07 09:18:00', '2021-04-07 09:18:00', 1),
(167, 'McClure', 'Ciara', 'garry30@example.org', '2021-04-07 09:18:00', '$2y$10$92IXUNpkjO0rOQ5byMi.Ye4oKoEa3Ro9llC/.og/at2.uheWG/igi', '1234567890', '2010-02-08', '2001 Auer Curve Apt. 837\nBernardohaven, PA 86377-1531', '94212 Casper Corners\nPort Cedrickfurt, ME 44601', 'actif', NULL, NULL, '2021-04-07 09:18:00', '2021-04-07 09:18:00', 1),
(168, 'Hessel', 'Rozella', 'abdullah.collins@example.net', '2021-04-07 09:18:00', '$2y$10$92IXUNpkjO0rOQ5byMi.Ye4oKoEa3Ro9llC/.og/at2.uheWG/igi', '1234567890', '2021-03-25', '59221 Fabiola Plains Suite 405\nEast Vivamouth, TX 34675', '46824 Diamond Grove Apt. 214\nPort Darwin, NE 44410-5730', 'actif', NULL, NULL, '2021-04-07 09:18:00', '2021-04-07 09:18:00', 1),
(169, 'Lubowitz', 'Terence', 'mike.runolfsdottir@example.org', '2021-04-07 09:18:00', '$2y$10$92IXUNpkjO0rOQ5byMi.Ye4oKoEa3Ro9llC/.og/at2.uheWG/igi', '1234567890', '2015-01-04', '454 Maynard Trafficway\nLelafort, MO 95470-0999', '631 Lavon Glen\nGibsonburgh, WV 44741-8278', 'ancien', NULL, NULL, '2021-04-07 09:18:00', '2021-04-07 09:18:00', 1),
(170, 'Boyle', 'Beaulah', 'abernathy.damion@example.net', '2021-04-07 09:18:00', '$2y$10$92IXUNpkjO0rOQ5byMi.Ye4oKoEa3Ro9llC/.og/at2.uheWG/igi', '1234567890', '2013-11-01', '15493 Cesar Fort Apt. 049\nArttown, HI 45356-0723', '931 Mraz Pines\nKleinview, HI 04632-4729', 'actif', NULL, NULL, '2021-04-07 09:18:00', '2021-04-07 09:18:00', 1),
(171, 'Moen', 'Jade', 'alvina.bins@example.net', '2021-04-07 09:18:00', '$2y$10$92IXUNpkjO0rOQ5byMi.Ye4oKoEa3Ro9llC/.og/at2.uheWG/igi', '1234567890', '2011-03-05', '27569 Cassandra Park Suite 819\nSallieport, SC 53196-6578', '790 Wilderman Estate\nPort Hattie, MI 80837-2891', 'actif', NULL, NULL, '2021-04-07 09:18:00', '2021-04-07 09:18:00', 1),
(172, 'Grady', 'Demarcus', 'wintheiser.esta@example.org', '2021-04-07 09:18:00', '$2y$10$92IXUNpkjO0rOQ5byMi.Ye4oKoEa3Ro9llC/.og/at2.uheWG/igi', '1234567890', '2011-03-28', '81121 Loma Ville Apt. 658\nEast Mafaldabury, NE 98972', '2942 Farrell Hollow\nSouth Lori, ND 94252', 'actif', NULL, NULL, '2021-04-07 09:18:00', '2021-04-07 09:18:00', 1),
(173, 'Herman', 'Tavares', 'janelle.kling@example.org', '2021-04-07 09:18:00', '$2y$10$92IXUNpkjO0rOQ5byMi.Ye4oKoEa3Ro9llC/.og/at2.uheWG/igi', '1234567890', '2006-03-27', '215 Nienow Mission\nBaumbachberg, VT 71338-5057', '46241 Okey Haven\nNew Ellischester, UT 36492-4055', 'ancien', NULL, NULL, '2021-04-07 09:18:00', '2021-04-07 09:18:00', 1),
(174, 'Jacobs', 'Seth', 'buckridge.verda@example.org', '2021-04-07 09:18:00', '$2y$10$92IXUNpkjO0rOQ5byMi.Ye4oKoEa3Ro9llC/.og/at2.uheWG/igi', '1234567890', '2003-09-15', '7062 Purdy Rue Suite 669\nNorth Sandy, WA 99224-0629', '5626 Kendrick Neck\nEast Yvonne, AK 05589', 'actif', NULL, NULL, '2021-04-07 09:18:00', '2021-04-07 09:18:00', 1),
(175, 'Pfannerstill', 'Consuelo', 'trevor72@example.org', '2021-04-07 09:18:00', '$2y$10$92IXUNpkjO0rOQ5byMi.Ye4oKoEa3Ro9llC/.og/at2.uheWG/igi', '1234567890', '2017-07-18', '8518 Joseph Forges\nAntoniettaberg, FL 60810-0106', '905 Pollich Heights Suite 220\nPrincessmouth, AZ 61604', 'actif', NULL, NULL, '2021-04-07 09:18:00', '2021-04-07 09:18:00', 1),
(176, 'Gislason', 'Kiera', 'hickle.charlene@example.org', '2021-04-07 09:18:00', '$2y$10$92IXUNpkjO0rOQ5byMi.Ye4oKoEa3Ro9llC/.og/at2.uheWG/igi', '1234567890', '2018-02-23', '83081 Mellie Lane Suite 091\nLittleview, LA 91977-8686', '995 Jaida Fall Suite 717\nSkyeport, SD 49074', 'ancien', NULL, NULL, '2021-04-07 09:18:00', '2021-04-07 09:18:00', 1),
(177, 'Barton', 'Meagan', 'fromaguera@example.net', '2021-04-07 09:18:00', '$2y$10$92IXUNpkjO0rOQ5byMi.Ye4oKoEa3Ro9llC/.og/at2.uheWG/igi', '1234567890', '2012-02-21', '29861 Lehner Canyon\nWest Edward, UT 17375-2938', '1735 Schamberger View\nSouth Tanya, CO 47758', 'actif', NULL, NULL, '2021-04-07 09:18:00', '2021-04-07 09:18:00', 1),
(178, 'Effertz', 'Lafayette', 'amir.oberbrunner@example.com', '2021-04-07 09:18:00', '$2y$10$92IXUNpkjO0rOQ5byMi.Ye4oKoEa3Ro9llC/.og/at2.uheWG/igi', '1234567890', '2016-09-07', '91931 Grady Manors Apt. 706\nLockmanburgh, NV 75632-3600', '391 Layla Haven Apt. 657\nSchimmelfort, DC 70462-3269', 'actif', NULL, NULL, '2021-04-07 09:18:00', '2021-04-07 09:18:00', 1),
(179, 'Torphy', 'Ruth', 'gleason.shannon@example.com', '2021-04-07 09:18:00', '$2y$10$92IXUNpkjO0rOQ5byMi.Ye4oKoEa3Ro9llC/.og/at2.uheWG/igi', '1234567890', '2016-02-22', '756 Eldora Park Apt. 470\nNorth Coleport, IA 85405', '9502 Delaney Cliffs\nNienowberg, WA 44909-8547', 'actif', NULL, NULL, '2021-04-07 09:18:00', '2021-04-07 09:18:00', 1),
(180, 'Zulauf', 'Tressie', 'jpowlowski@example.org', '2021-04-07 09:18:00', '$2y$10$92IXUNpkjO0rOQ5byMi.Ye4oKoEa3Ro9llC/.og/at2.uheWG/igi', '1234567890', '2017-08-28', '192 Lindgren Station\nNew Jaidaside, WA 12530-3771', '440 Kunze Walk Apt. 812\nEast Norene, NH 19040-3646', 'actif', NULL, NULL, '2021-04-07 09:18:00', '2021-04-07 09:18:00', 1),
(181, 'Huel', 'Kaycee', 'bud65@example.com', '2021-04-07 09:18:01', '$2y$10$92IXUNpkjO0rOQ5byMi.Ye4oKoEa3Ro9llC/.og/at2.uheWG/igi', '1234567890', '2007-05-22', '34948 Francis Haven Apt. 284\nSouth Yadiraborough, WV 08715', '79283 Bartell Oval Suite 184\nWiegandland, AL 81631', 'actif', NULL, NULL, '2021-04-07 09:18:01', '2021-04-07 09:18:01', 1),
(182, 'Baumbach', 'Adriel', 'ibartoletti@example.org', '2021-04-07 09:18:01', '$2y$10$92IXUNpkjO0rOQ5byMi.Ye4oKoEa3Ro9llC/.og/at2.uheWG/igi', '1234567890', '2012-10-04', '29457 Kemmer Summit\nFrederiqueview, SC 29038', '90356 Ondricka Corners Suite 828\nEast Leanne, OH 66561-8537', 'actif', NULL, NULL, '2021-04-07 09:18:01', '2021-04-07 09:18:01', 1),
(183, 'Fisher', 'Brant', 'israel.ward@example.org', '2021-04-07 09:18:01', '$2y$10$92IXUNpkjO0rOQ5byMi.Ye4oKoEa3Ro9llC/.og/at2.uheWG/igi', '1234567890', '2003-11-29', '5711 Fritz Estates\nAmiyabury, OH 52217', '6130 Dayana Rest\nDesmondton, TX 13974-0182', 'actif', NULL, NULL, '2021-04-07 09:18:01', '2021-04-07 09:18:01', 1),
(184, 'Tremblay', 'Melody', 'ethelyn60@example.org', '2021-04-07 09:18:01', '$2y$10$92IXUNpkjO0rOQ5byMi.Ye4oKoEa3Ro9llC/.og/at2.uheWG/igi', '1234567890', '2009-03-28', '996 Heathcote Harbor Apt. 925\nBotsfordton, AR 89829-6889', '835 Parisian Haven Apt. 997\nEast Geovanni, NC 60657-0663', 'ancien', NULL, NULL, '2021-04-07 09:18:01', '2021-04-07 09:18:01', 1),
(185, 'Cartwright', 'Aglae', 'evert.hahn@example.com', '2021-04-07 09:18:01', '$2y$10$92IXUNpkjO0rOQ5byMi.Ye4oKoEa3Ro9llC/.og/at2.uheWG/igi', '1234567890', '2014-06-26', '496 Keira Extension Suite 594\nLeannonburgh, MD 86378-7696', '866 Tomas Locks Apt. 229\nNew Carterhaven, GA 28955', 'actif', NULL, NULL, '2021-04-07 09:18:01', '2021-04-07 09:18:01', 1),
(186, 'Funk', 'Cyrus', 'boehm.murl@example.com', '2021-04-07 09:18:01', '$2y$10$92IXUNpkjO0rOQ5byMi.Ye4oKoEa3Ro9llC/.og/at2.uheWG/igi', '1234567890', '2015-06-21', '8227 Muhammad Prairie Apt. 604\nLittelmouth, MI 94414', '430 Welch Square\nCarolynshire, NY 52200-8180', 'actif', NULL, NULL, '2021-04-07 09:18:01', '2021-04-07 09:18:01', 1),
(187, 'Lebsack', 'Pierce', 'rschultz@example.org', '2021-04-07 09:18:01', '$2y$10$92IXUNpkjO0rOQ5byMi.Ye4oKoEa3Ro9llC/.og/at2.uheWG/igi', '1234567890', '2005-04-11', '802 Syble Union\nRitchietown, IA 61461-5563', '532 Hayden Hills\nWest Hilda, LA 70754-0592', 'ancien', NULL, NULL, '2021-04-07 09:18:01', '2021-04-07 09:18:01', 1),
(188, 'Walsh', 'Celestino', 'russel.julie@example.org', '2021-04-07 09:18:01', '$2y$10$92IXUNpkjO0rOQ5byMi.Ye4oKoEa3Ro9llC/.og/at2.uheWG/igi', '1234567890', '2008-04-23', '94514 Martine Burgs\nSouth Gregoriachester, AR 08342', '3163 Bode Corner Apt. 576\nPort Davonte, VA 98275-4670', 'actif', NULL, NULL, '2021-04-07 09:18:01', '2021-04-07 09:18:01', 1),
(189, 'Nolan', 'Kiley', 'mauricio85@example.com', '2021-04-07 09:18:01', '$2y$10$92IXUNpkjO0rOQ5byMi.Ye4oKoEa3Ro9llC/.og/at2.uheWG/igi', '1234567890', '2011-07-09', '48150 Donna Islands Apt. 014\nLake Robbiebury, DE 54958-8572', '4245 Ziemann Avenue Suite 136\nReillyport, WI 18746', 'actif', NULL, NULL, '2021-04-07 09:18:01', '2021-04-07 09:18:01', 1),
(190, 'Bednar', 'Devonte', 'xlehner@example.com', '2021-04-07 09:18:01', '$2y$10$92IXUNpkjO0rOQ5byMi.Ye4oKoEa3Ro9llC/.og/at2.uheWG/igi', '1234567890', '2018-09-02', '5422 Martina Isle\nWittingfort, NJ 56912', '69403 Anibal Fort\nMorarton, OR 41479', 'actif', NULL, NULL, '2021-04-07 09:18:01', '2021-04-07 09:18:01', 1),
(191, 'Bogisich', 'Pearlie', 'elehner@example.com', '2021-04-07 09:18:01', '$2y$10$92IXUNpkjO0rOQ5byMi.Ye4oKoEa3Ro9llC/.og/at2.uheWG/igi', '1234567890', '2010-01-31', '377 Floy Ramp\nNew Lauryn, NH 21404', '9390 Ariel Islands Suite 405\nVincenzoburgh, VA 32166', 'actif', NULL, NULL, '2021-04-07 09:18:01', '2021-04-07 09:18:01', 1),
(192, 'Watsica', 'Mose', 'lorn@example.net', '2021-04-07 09:18:01', '$2y$10$92IXUNpkjO0rOQ5byMi.Ye4oKoEa3Ro9llC/.og/at2.uheWG/igi', '1234567890', '2003-12-21', '4360 Schroeder Shoal Apt. 164\nNorth Terry, AZ 93162-1717', '198 Rodrigo View\nEast Maureenview, CO 94518-5423', 'actif', NULL, NULL, '2021-04-07 09:18:01', '2021-04-07 09:18:01', 1),
(193, 'Hauck', 'Claud', 'harvey.scotty@example.net', '2021-04-07 09:18:01', '$2y$10$92IXUNpkjO0rOQ5byMi.Ye4oKoEa3Ro9llC/.og/at2.uheWG/igi', '1234567890', '2016-06-20', '7341 Roslyn Island\nWest Bradchester, AK 28075', '386 Hessel Square Apt. 265\nLake Owenshire, NC 39607-2116', 'actif', NULL, NULL, '2021-04-07 09:18:01', '2021-04-07 09:18:01', 1),
(194, 'Wisoky', 'Jesus', 'ywitting@example.org', '2021-04-07 09:18:01', '$2y$10$92IXUNpkjO0rOQ5byMi.Ye4oKoEa3Ro9llC/.og/at2.uheWG/igi', '1234567890', '2011-07-29', '55311 Schumm Ramp Apt. 589\nNew Osborneshire, IN 43170', '408 Johnston Plain Suite 128\nNew Ahmedshire, GA 16354-7515', 'ancien', NULL, NULL, '2021-04-07 09:18:01', '2021-04-07 09:18:01', 1),
(195, 'Gottlieb', 'Conner', 'von.marty@example.org', '2021-04-07 09:18:01', '$2y$10$92IXUNpkjO0rOQ5byMi.Ye4oKoEa3Ro9llC/.og/at2.uheWG/igi', '1234567890', '2017-07-28', '47987 Austen Branch Apt. 950\nElliottport, PA 15464', '398 Dickinson Gardens Apt. 881\nEdastad, OH 46962', 'ancien', NULL, NULL, '2021-04-07 09:18:01', '2021-04-07 09:18:01', 1),
(196, 'Stroman', 'Bertha', 'karianne.parker@example.net', '2021-04-07 09:18:01', '$2y$10$92IXUNpkjO0rOQ5byMi.Ye4oKoEa3Ro9llC/.og/at2.uheWG/igi', '1234567890', '2016-06-04', '2672 Sporer Corners\nChelseyfurt, FL 67259', '19178 Summer Island\nWilliamsonmouth, KY 05101', 'actif', NULL, NULL, '2021-04-07 09:18:01', '2021-04-07 09:18:01', 1),
(197, 'Luettgen', 'Sunny', 'uriel.reinger@example.net', '2021-04-07 09:18:01', '$2y$10$92IXUNpkjO0rOQ5byMi.Ye4oKoEa3Ro9llC/.og/at2.uheWG/igi', '1234567890', '2007-08-20', '793 Bradtke Valley\nNew Annieburgh, VA 20744-5214', '52524 Dylan Light\nJamisonhaven, NY 47740', 'actif', NULL, NULL, '2021-04-07 09:18:01', '2021-04-07 09:18:01', 1),
(198, 'Thompson', 'Buster', 'kara.steuber@example.com', '2021-04-07 09:18:01', '$2y$10$92IXUNpkjO0rOQ5byMi.Ye4oKoEa3Ro9llC/.og/at2.uheWG/igi', '1234567890', '2006-03-02', '24479 Hayes Crossroad Apt. 165\nNorth Josieshire, HI 98465-0222', '3731 Colby Ramp Suite 991\nHadleyburgh, AK 63192-2577', 'actif', NULL, NULL, '2021-04-07 09:18:01', '2021-04-07 09:18:01', 1),
(199, 'Corkery', 'Candida', 'zemlak.rhoda@example.org', '2021-04-07 09:18:01', '$2y$10$92IXUNpkjO0rOQ5byMi.Ye4oKoEa3Ro9llC/.og/at2.uheWG/igi', '1234567890', '2012-10-25', '84747 Vandervort Points\nDanielhaven, NE 07695-3235', '7622 Schroeder Creek\nEast Candidoport, SC 81758', 'actif', NULL, NULL, '2021-04-07 09:18:01', '2021-04-07 09:18:01', 1),
(200, 'Kemmer', 'Godfrey', 'schoen.larissa@example.org', '2021-04-07 09:18:01', '$2y$10$92IXUNpkjO0rOQ5byMi.Ye4oKoEa3Ro9llC/.og/at2.uheWG/igi', '1234567890', '2009-05-08', '674 Gulgowski Pine Suite 249\nSpencerbury, OR 80698', '169 Corkery Summit Apt. 986\nMayertburgh, AR 07815', 'ancien', NULL, NULL, '2021-04-07 09:18:01', '2021-04-07 09:18:01', 1),
(201, 'Quitzon', 'Treva', 'bailey.giovanni@example.com', '2021-04-07 09:18:01', '$2y$10$92IXUNpkjO0rOQ5byMi.Ye4oKoEa3Ro9llC/.og/at2.uheWG/igi', '1234567890', '2002-04-26', '1493 O\'Kon Ridges Suite 246\nNorth Isai, NH 09613', '70602 Moshe Fork Apt. 379\nSouth Lucindaburgh, WI 89346', 'actif', NULL, NULL, '2021-04-07 09:18:01', '2021-04-07 09:18:01', 1),
(202, 'Torphy', 'Karolann', 'jackeline26@example.com', '2021-04-07 09:18:01', '$2y$10$92IXUNpkjO0rOQ5byMi.Ye4oKoEa3Ro9llC/.og/at2.uheWG/igi', '1234567890', '2004-06-20', '935 Wisozk Fields\nPacochaburgh, CO 50113', '4058 Lesley Avenue\nBrakusport, NJ 29233-2276', 'actif', NULL, NULL, '2021-04-07 09:18:01', '2021-04-07 09:18:01', 1),
(203, 'Jacobi', 'Winona', 'vhudson@example.org', '2021-04-07 09:18:01', '$2y$10$92IXUNpkjO0rOQ5byMi.Ye4oKoEa3Ro9llC/.og/at2.uheWG/igi', '1234567890', '2012-06-09', '15273 Chasity Parkways\nMauriceberg, SC 22210', '30390 Willis Streets\nAngelabury, OK 81327-7804', 'actif', NULL, NULL, '2021-04-07 09:18:01', '2021-04-07 09:18:01', 1),
(204, 'Abbott', 'Virgie', 'agaylord@example.org', '2021-04-07 09:18:01', '$2y$10$92IXUNpkjO0rOQ5byMi.Ye4oKoEa3Ro9llC/.og/at2.uheWG/igi', '1234567890', '2021-04-03', '4257 Anne Center Suite 720\nMylenehaven, MI 33572', '422 Ursula Terrace\nGerholdside, NM 84542', 'actif', NULL, NULL, '2021-04-07 09:18:01', '2021-04-07 09:18:01', 1),
(205, 'Graham', 'Leopold', 'ischaefer@example.com', '2021-04-07 09:18:01', '$2y$10$92IXUNpkjO0rOQ5byMi.Ye4oKoEa3Ro9llC/.og/at2.uheWG/igi', '1234567890', '2004-05-27', '813 Haylie Meadow\nKittyfurt, OH 93791-4220', '620 Cornell Camp Suite 464\nNew Hildegard, WI 76411', 'actif', NULL, NULL, '2021-04-07 09:18:01', '2021-04-07 09:18:01', 1),
(206, 'Auer', 'Marta', 'stephen.durgan@example.org', '2021-04-07 09:18:01', '$2y$10$92IXUNpkjO0rOQ5byMi.Ye4oKoEa3Ro9llC/.og/at2.uheWG/igi', '1234567890', '2010-12-16', '5091 Ellie Extensions Suite 072\nAlecfurt, IA 04563-4806', '84216 Matilde Ways\nAubreymouth, CA 61170', 'actif', NULL, NULL, '2021-04-07 09:18:01', '2021-04-07 09:18:01', 1),
(207, 'Bradtke', 'Alayna', 'kihn.irving@example.net', '2021-04-07 09:18:01', '$2y$10$92IXUNpkjO0rOQ5byMi.Ye4oKoEa3Ro9llC/.og/at2.uheWG/igi', '1234567890', '2014-05-17', '640 Lexie Inlet Apt. 574\nSmithborough, TX 49957', '4674 Sporer Spurs Suite 282\nMallieborough, ME 80259-8527', 'ancien', NULL, NULL, '2021-04-07 09:18:01', '2021-04-07 09:18:01', 1),
(208, 'Harber', 'Sylvan', 'mitchell.keanu@example.org', '2021-04-07 09:18:01', '$2y$10$92IXUNpkjO0rOQ5byMi.Ye4oKoEa3Ro9llC/.og/at2.uheWG/igi', '1234567890', '2003-12-22', '224 Kris Underpass\nJarrodhaven, IL 84902', '292 Balistreri Points\nJaydonmouth, MA 32263', 'actif', NULL, NULL, '2021-04-07 09:18:01', '2021-04-07 09:18:01', 1),
(209, 'Stanton', 'Alejandra', 'nnienow@example.net', '2021-04-07 09:18:01', '$2y$10$92IXUNpkjO0rOQ5byMi.Ye4oKoEa3Ro9llC/.og/at2.uheWG/igi', '1234567890', '2011-01-04', '2246 Ernestina Fields Suite 168\nNorth Eldridge, MI 96361-6994', '431 Powlowski Stravenue\nLubowitzland, CA 54767', 'ancien', NULL, NULL, '2021-04-07 09:18:01', '2021-04-07 09:18:01', 1),
(210, 'West', 'Hillard', 'mariano80@example.com', '2021-04-07 09:18:01', '$2y$10$92IXUNpkjO0rOQ5byMi.Ye4oKoEa3Ro9llC/.og/at2.uheWG/igi', '1234567890', '2001-07-13', '493 Christelle Underpass Suite 733\nEmmaleemouth, OK 14182', '261 Stoltenberg Green Suite 948\nIrvingfort, UT 40880-6793', 'actif', NULL, NULL, '2021-04-07 09:18:01', '2021-04-07 09:18:01', 1),
(211, 'Muller', 'Felipa', 'reynolds.gianni@example.com', '2021-04-07 09:18:01', '$2y$10$92IXUNpkjO0rOQ5byMi.Ye4oKoEa3Ro9llC/.og/at2.uheWG/igi', '1234567890', '2019-07-28', '833 Clifford Forest\nLake Malinda, MO 32724-0076', '55501 Mariah Ridges\nWest Merletown, VT 28875', 'actif', NULL, NULL, '2021-04-07 09:18:01', '2021-04-07 09:18:01', 1),
(212, 'Kovacek', 'Tyrique', 'qbalistreri@example.com', '2021-04-07 09:18:01', '$2y$10$92IXUNpkjO0rOQ5byMi.Ye4oKoEa3Ro9llC/.og/at2.uheWG/igi', '1234567890', '2002-08-02', '78450 Junius Station\nBednarmouth, MD 01929', '9263 Wolf Branch Suite 229\nWest Shakira, VA 34110', 'actif', NULL, NULL, '2021-04-07 09:18:01', '2021-04-07 09:18:01', 1),
(213, 'Lang', 'Rosario', 'emard.judd@example.net', '2021-04-07 09:18:01', '$2y$10$92IXUNpkjO0rOQ5byMi.Ye4oKoEa3Ro9llC/.og/at2.uheWG/igi', '1234567890', '2011-10-20', '370 Hodkiewicz Mission Apt. 386\nWillmsbury, NC 44625-6267', '144 Rebecca Falls\nPort Sabrina, WA 94221', 'actif', NULL, NULL, '2021-04-07 09:18:01', '2021-04-07 09:18:01', 1),
(214, 'Halvorson', 'Emily', 'dario.sipes@example.org', '2021-04-07 09:18:01', '$2y$10$92IXUNpkjO0rOQ5byMi.Ye4oKoEa3Ro9llC/.og/at2.uheWG/igi', '1234567890', '2001-09-13', '304 Johnson Point Apt. 563\nTerryport, OK 99556-6588', '3301 Darren Drives\nJenkinsfurt, GA 69430-4540', 'actif', NULL, NULL, '2021-04-07 09:18:01', '2021-04-07 09:18:01', 1),
(215, 'Hodkiewicz', 'Leatha', 'shirley.hermiston@example.org', '2021-04-07 09:18:01', '$2y$10$92IXUNpkjO0rOQ5byMi.Ye4oKoEa3Ro9llC/.og/at2.uheWG/igi', '1234567890', '2003-04-26', '5398 Walter Locks Apt. 578\nGennarobury, PA 38256', '56899 Larkin Crescent\nEmardtown, TX 05767', 'actif', NULL, NULL, '2021-04-07 09:18:01', '2021-04-07 09:18:01', 1),
(216, 'Thompson', 'Tremayne', 'hyatt.maynard@example.com', '2021-04-07 09:18:02', '$2y$10$92IXUNpkjO0rOQ5byMi.Ye4oKoEa3Ro9llC/.og/at2.uheWG/igi', '1234567890', '2012-12-10', '964 Goldner Bridge Apt. 441\nWest Shanieland, CT 86098-6312', '24159 Block Club\nLake Ettieburgh, KY 01181', 'actif', NULL, NULL, '2021-04-07 09:18:02', '2021-04-07 09:18:02', 1),
(217, 'Mertz', 'Allan', 'adams.shayne@example.com', '2021-04-07 09:18:02', '$2y$10$92IXUNpkjO0rOQ5byMi.Ye4oKoEa3Ro9llC/.og/at2.uheWG/igi', '1234567890', '2003-10-01', '847 Stiedemann Crescent\nNew Betteberg, HI 05286', '354 Jany Mountain Apt. 910\nNorth Haleyberg, IL 11432-5769', 'actif', NULL, NULL, '2021-04-07 09:18:02', '2021-04-07 09:18:02', 1),
(218, 'Schroeder', 'Sarina', 'john86@example.org', '2021-04-07 09:18:02', '$2y$10$92IXUNpkjO0rOQ5byMi.Ye4oKoEa3Ro9llC/.og/at2.uheWG/igi', '1234567890', '2011-06-16', '903 Donnelly Shores Suite 260\nNew Muhammad, FL 06700', '85772 Alvis Circles Suite 841\nMillerfort, GA 94971-7700', 'ancien', NULL, NULL, '2021-04-07 09:18:02', '2021-04-07 09:18:02', 1),
(219, 'Kohler', 'Abe', 'gkovacek@example.org', '2021-04-07 09:18:02', '$2y$10$92IXUNpkjO0rOQ5byMi.Ye4oKoEa3Ro9llC/.og/at2.uheWG/igi', '1234567890', '2016-07-13', '7038 Oberbrunner Flat\nElsiestad, NM 88934-6339', '53669 Smith Gardens Suite 581\nNew Reillyview, WI 07872', 'actif', NULL, NULL, '2021-04-07 09:18:02', '2021-04-07 09:18:02', 1),
(220, 'Bergnaum', 'Noble', 'graham.sarina@example.org', '2021-04-07 09:18:02', '$2y$10$92IXUNpkjO0rOQ5byMi.Ye4oKoEa3Ro9llC/.og/at2.uheWG/igi', '1234567890', '2011-01-13', '929 Ari Views\nGiuseppeland, ID 13636-0852', '3303 Sophie Ridge\nLake Benedict, ME 62254-9044', 'actif', NULL, NULL, '2021-04-07 09:18:02', '2021-04-07 09:18:02', 1),
(221, 'Hauck', 'Marisa', 'boyle.emelie@example.com', '2021-04-07 09:18:02', '$2y$10$92IXUNpkjO0rOQ5byMi.Ye4oKoEa3Ro9llC/.og/at2.uheWG/igi', '1234567890', '2013-12-23', '13018 Abernathy Ridges\nGloverfurt, VA 64324-9942', '1114 Hammes Parkway Apt. 955\nNew Ayanaville, RI 59275-5660', 'ancien', NULL, NULL, '2021-04-07 09:18:02', '2021-04-07 09:18:02', 1),
(222, 'O\'Connell', 'Amya', 'kris.felicity@example.org', '2021-04-07 09:18:02', '$2y$10$92IXUNpkjO0rOQ5byMi.Ye4oKoEa3Ro9llC/.og/at2.uheWG/igi', '1234567890', '2008-11-27', '45065 Sophia Trafficway Apt. 152\nSouth Augustine, ME 40153', '602 Heaney Spur\nSchinnerview, RI 39333-3256', 'actif', NULL, NULL, '2021-04-07 09:18:02', '2021-04-07 09:18:02', 1),
(223, 'Schmeler', 'Georgiana', 'runolfsson.sam@example.org', '2021-04-07 09:18:02', '$2y$10$92IXUNpkjO0rOQ5byMi.Ye4oKoEa3Ro9llC/.og/at2.uheWG/igi', '1234567890', '2007-08-30', '53287 Ziemann Passage\nSouth Vladimirberg, KS 22019', '175 Hauck Branch Suite 510\nLake Dana, NE 50546-9363', 'actif', NULL, NULL, '2021-04-07 09:18:02', '2021-04-07 09:18:02', 1),
(224, 'Hettinger', 'Christopher', 'joana13@example.net', '2021-04-07 09:18:02', '$2y$10$92IXUNpkjO0rOQ5byMi.Ye4oKoEa3Ro9llC/.og/at2.uheWG/igi', '1234567890', '2006-11-02', '47210 Sipes Manor Suite 498\nSouth Magdalenaport, MT 96392-5956', '70269 Genesis Valley Suite 989\nSouth Jeffreyville, SC 63125-0450', 'actif', NULL, NULL, '2021-04-07 09:18:02', '2021-04-07 09:18:02', 1),
(225, 'Murphy', 'Lizeth', 'wcremin@example.com', '2021-04-07 09:18:02', '$2y$10$92IXUNpkjO0rOQ5byMi.Ye4oKoEa3Ro9llC/.og/at2.uheWG/igi', '1234567890', '2011-04-07', '64627 Balistreri Village\nStrosinton, NC 95692-0861', '67362 Sheldon Village\nLake Cathrynton, HI 39787-9578', 'ancien', NULL, NULL, '2021-04-07 09:18:02', '2021-04-07 09:18:02', 1),
(226, 'Wilkinson', 'Horacio', 'beer.lambert@example.com', '2021-04-07 09:18:02', '$2y$10$92IXUNpkjO0rOQ5byMi.Ye4oKoEa3Ro9llC/.og/at2.uheWG/igi', '1234567890', '2010-08-30', '7815 Zieme Extensions\nAbernathystad, NJ 28248-1376', '144 Augusta Cove Apt. 721\nAlbertafurt, AR 29534-1285', 'actif', NULL, NULL, '2021-04-07 09:18:02', '2021-04-07 09:18:02', 1),
(227, 'Gibson', 'Marshall', 'murazik.felton@example.net', '2021-04-07 09:18:02', '$2y$10$92IXUNpkjO0rOQ5byMi.Ye4oKoEa3Ro9llC/.og/at2.uheWG/igi', '1234567890', '2006-09-20', '28297 Aric Groves\nBettehaven, OH 91356', '33125 Yundt Mountain Suite 644\nEast Kenton, HI 68600-3181', 'actif', NULL, NULL, '2021-04-07 09:18:02', '2021-04-07 09:18:02', 1),
(228, 'Stoltenberg', 'Kacey', 'medhurst.jarod@example.com', '2021-04-07 09:18:02', '$2y$10$92IXUNpkjO0rOQ5byMi.Ye4oKoEa3Ro9llC/.og/at2.uheWG/igi', '1234567890', '2019-12-06', '23206 Myrtle Keys Suite 336\nLake Juanitaport, NC 57737-0744', '619 Bernhard Spurs Apt. 024\nKeelingmouth, ND 59854', 'ancien', NULL, NULL, '2021-04-07 09:18:02', '2021-04-07 09:18:02', 1),
(229, 'Graham', 'Maximilian', 'trantow.timmy@example.org', '2021-04-07 09:18:02', '$2y$10$92IXUNpkjO0rOQ5byMi.Ye4oKoEa3Ro9llC/.og/at2.uheWG/igi', '1234567890', '2016-06-23', '7439 Kassulke Spurs\nRosenbaumfort, SD 99340-6209', '40538 Witting Park\nNorth Paolo, NM 35811', 'actif', NULL, NULL, '2021-04-07 09:18:02', '2021-04-07 09:18:02', 1),
(230, 'Hegmann', 'Gilbert', 'harmstrong@example.org', '2021-04-07 09:18:02', '$2y$10$92IXUNpkjO0rOQ5byMi.Ye4oKoEa3Ro9llC/.og/at2.uheWG/igi', '1234567890', '2009-11-06', '91801 Dulce Parkway Suite 516\nEast Chasityshire, MT 65968-0733', '866 Madge Crossroad Apt. 753\nBaumbachshire, OH 09955-2628', 'actif', NULL, NULL, '2021-04-07 09:18:02', '2021-04-07 09:18:02', 1),
(231, 'Leannon', 'Eulalia', 'anastasia.funk@example.net', '2021-04-07 09:18:02', '$2y$10$92IXUNpkjO0rOQ5byMi.Ye4oKoEa3Ro9llC/.og/at2.uheWG/igi', '1234567890', '2007-03-17', '44825 Isabel Walks\nPort Cynthia, LA 52509-5237', '1256 Edwardo Stream Apt. 012\nPaulineville, IA 76851', 'ancien', NULL, NULL, '2021-04-07 09:18:02', '2021-04-07 09:18:02', 1),
(232, 'O\'Connell', 'Janie', 'demarcus.conn@example.net', '2021-04-07 09:18:02', '$2y$10$92IXUNpkjO0rOQ5byMi.Ye4oKoEa3Ro9llC/.og/at2.uheWG/igi', '1234567890', '2017-01-14', '3199 Cronin Ford Suite 538\nMayertbury, WI 16944', '6439 Dorthy Spurs\nNew Gailchester, MA 16070', 'actif', NULL, NULL, '2021-04-07 09:18:02', '2021-04-07 09:18:02', 1),
(233, 'Schaefer', 'Anita', 'leif.legros@example.org', '2021-04-07 09:18:02', '$2y$10$92IXUNpkjO0rOQ5byMi.Ye4oKoEa3Ro9llC/.og/at2.uheWG/igi', '1234567890', '2012-01-14', '83397 Raina Trafficway\nLake Shanellemouth, IA 08756-6244', '55778 Dylan Summit Suite 417\nVidaburgh, MT 68051-9980', 'actif', NULL, NULL, '2021-04-07 09:18:02', '2021-04-07 09:18:02', 1),
(234, 'Ledner', 'Destiney', 'urban93@example.com', '2021-04-07 09:18:02', '$2y$10$92IXUNpkjO0rOQ5byMi.Ye4oKoEa3Ro9llC/.og/at2.uheWG/igi', '1234567890', '2019-05-01', '340 Barton Harbors Apt. 765\nMcLaughlinport, NH 78764-1262', '894 Prosacco Greens\nPort Samirshire, DE 38637', 'actif', NULL, NULL, '2021-04-07 09:18:02', '2021-04-07 09:18:02', 1),
(235, 'Cartwright', 'Alvena', 'nona76@example.net', '2021-04-07 09:18:02', '$2y$10$92IXUNpkjO0rOQ5byMi.Ye4oKoEa3Ro9llC/.og/at2.uheWG/igi', '1234567890', '2002-06-07', '63392 Stanley Forge Apt. 780\nNathenside, WA 46338', '965 Gleason Ridges\nEast Armandoland, NM 46484-2156', 'ancien', NULL, NULL, '2021-04-07 09:18:02', '2021-04-07 09:18:02', 1),
(236, 'Abbott', 'Gretchen', 'anna98@example.com', '2021-04-07 09:18:02', '$2y$10$92IXUNpkjO0rOQ5byMi.Ye4oKoEa3Ro9llC/.og/at2.uheWG/igi', '1234567890', '2018-11-12', '8344 Dangelo Shores\nLake Magdalenstad, ND 72732-7027', '55543 Heidi Mountains\nAlberthahaven, KY 52223-0406', 'actif', NULL, NULL, '2021-04-07 09:18:02', '2021-04-07 09:18:02', 1),
(237, 'Brown', 'Cody', 'stehr.raphaelle@example.net', '2021-04-07 09:18:02', '$2y$10$92IXUNpkjO0rOQ5byMi.Ye4oKoEa3Ro9llC/.og/at2.uheWG/igi', '1234567890', '2017-06-06', '6999 Maribel Mews Suite 430\nBraunborough, DE 41126', '137 Lockman Meadow\nSouth Dominicmouth, CO 94279', 'actif', NULL, NULL, '2021-04-07 09:18:02', '2021-04-07 09:18:02', 1),
(238, 'Paucek', 'Abigail', 'elinore44@example.org', '2021-04-07 09:18:02', '$2y$10$92IXUNpkjO0rOQ5byMi.Ye4oKoEa3Ro9llC/.og/at2.uheWG/igi', '1234567890', '2020-06-12', '38352 Mack Village\nNew Jodie, TX 78865', '85274 Powlowski Rapids Suite 930\nHertafurt, WY 50146-8439', 'ancien', NULL, NULL, '2021-04-07 09:18:02', '2021-04-07 09:18:02', 1),
(239, 'McDermott', 'Tabitha', 'nannie.tillman@example.net', '2021-04-07 09:18:02', '$2y$10$92IXUNpkjO0rOQ5byMi.Ye4oKoEa3Ro9llC/.og/at2.uheWG/igi', '1234567890', '2018-11-04', '76656 Humberto Crossing Suite 165\nHodkiewiczview, FL 17107-6690', '92422 Nolan Row\nPort Lionel, NM 36516-4895', 'actif', NULL, NULL, '2021-04-07 09:18:02', '2021-04-07 09:18:02', 1),
(240, 'Kunde', 'Mariah', 'guadalupe53@example.net', '2021-04-07 09:18:02', '$2y$10$92IXUNpkjO0rOQ5byMi.Ye4oKoEa3Ro9llC/.og/at2.uheWG/igi', '1234567890', '2017-04-02', '487 Whitney Street\nAndremouth, MT 53664', '519 Cordelia Trail\nChristamouth, DC 81739-8097', 'ancien', NULL, NULL, '2021-04-07 09:18:02', '2021-04-07 09:18:02', 1),
(241, 'Keebler', 'Alexandra', 'kunde.keara@example.net', '2021-04-07 09:18:02', '$2y$10$92IXUNpkjO0rOQ5byMi.Ye4oKoEa3Ro9llC/.og/at2.uheWG/igi', '1234567890', '2013-06-10', '859 Runte Walk\nPadbergburgh, WY 61936-6551', '993 Ledner Prairie\nSouth Mara, CT 34924', 'ancien', NULL, NULL, '2021-04-07 09:18:02', '2021-04-07 09:18:02', 1),
(242, 'Larson', 'Kiara', 'tcorwin@example.com', '2021-04-07 09:18:02', '$2y$10$92IXUNpkjO0rOQ5byMi.Ye4oKoEa3Ro9llC/.og/at2.uheWG/igi', '1234567890', '2019-09-05', '3381 Ettie Drive Apt. 074\nPort Nikki, MA 18004', '329 Ward Causeway Apt. 902\nHillmouth, IL 11010', 'ancien', NULL, NULL, '2021-04-07 09:18:02', '2021-04-07 09:18:02', 1),
(243, 'Langworth', 'Betty', 'hills.felicia@example.org', '2021-04-07 09:18:02', '$2y$10$92IXUNpkjO0rOQ5byMi.Ye4oKoEa3Ro9llC/.og/at2.uheWG/igi', '1234567890', '2005-12-15', '440 Hermina Parkway Suite 304\nLake Clemensfort, VA 65180', '37718 Jeromy Mews Suite 705\nWest Jaylanside, WA 87025', 'ancien', NULL, NULL, '2021-04-07 09:18:02', '2021-04-07 09:18:02', 1),
(244, 'Maggio', 'Tressa', 'ohara.eddie@example.com', '2021-04-07 09:18:02', '$2y$10$92IXUNpkjO0rOQ5byMi.Ye4oKoEa3Ro9llC/.og/at2.uheWG/igi', '1234567890', '2011-06-05', '2113 Yost Drive\nDooleymouth, MD 11322', '849 Ferry Road Suite 388\nWest Adahaven, MN 10337', 'actif', NULL, NULL, '2021-04-07 09:18:02', '2021-04-07 09:18:02', 1),
(245, 'Cassin', 'Antoinette', 'lang.mariam@example.com', '2021-04-07 09:18:02', '$2y$10$92IXUNpkjO0rOQ5byMi.Ye4oKoEa3Ro9llC/.og/at2.uheWG/igi', '1234567890', '2018-10-19', '990 Windler Cliffs\nKraigview, CA 74739', '8019 D\'Amore Prairie\nHandland, VT 32478-4568', 'actif', NULL, NULL, '2021-04-07 09:18:02', '2021-04-07 09:18:02', 1),
(246, 'Jerde', 'Leatha', 'jillian.rau@example.net', '2021-04-07 09:18:02', '$2y$10$92IXUNpkjO0rOQ5byMi.Ye4oKoEa3Ro9llC/.og/at2.uheWG/igi', '1234567890', '2015-07-21', '5744 Jacky Fall Suite 112\nWilliamsonfort, CT 79238-8058', '46905 Vita Tunnel\nKonopelskihaven, DC 35020-2308', 'ancien', NULL, NULL, '2021-04-07 09:18:02', '2021-04-07 09:18:02', 1),
(247, 'Schmeler', 'Evans', 'rosendo92@example.org', '2021-04-07 09:18:02', '$2y$10$92IXUNpkjO0rOQ5byMi.Ye4oKoEa3Ro9llC/.og/at2.uheWG/igi', '1234567890', '2001-12-11', '9281 Kerluke Dam\nKathlynmouth, CT 37785', '326 Mayert Branch Apt. 056\nEast Jessika, MO 09705', 'actif', NULL, NULL, '2021-04-07 09:18:02', '2021-04-07 09:18:02', 1),
(248, 'Dach', 'Charles', 'eli54@example.org', '2021-04-07 09:18:02', '$2y$10$92IXUNpkjO0rOQ5byMi.Ye4oKoEa3Ro9llC/.og/at2.uheWG/igi', '1234567890', '2014-08-21', '762 Anderson Gateway\nO\'Connelltown, IN 96782-8263', '7052 Duane Crossroad\nPort Kyler, CT 18679-6463', 'actif', NULL, NULL, '2021-04-07 09:18:02', '2021-04-07 09:18:02', 1),
(249, 'Hirthe', 'Ewald', 'hilton.dickinson@example.org', '2021-04-07 09:18:02', '$2y$10$92IXUNpkjO0rOQ5byMi.Ye4oKoEa3Ro9llC/.og/at2.uheWG/igi', '1234567890', '2018-05-15', '1937 Mraz Common\nDarwinburgh, KY 94027', '5283 Litzy Stream Suite 174\nWest Kenyon, CT 90425', 'actif', NULL, NULL, '2021-04-07 09:18:02', '2021-04-07 09:18:02', 1),
(250, 'Mosciski', 'Sincere', 'xwalter@example.com', '2021-04-07 09:18:02', '$2y$10$92IXUNpkjO0rOQ5byMi.Ye4oKoEa3Ro9llC/.og/at2.uheWG/igi', '1234567890', '2009-02-09', '89334 Ruecker Brooks\nCruickshankport, ME 88990-1018', '4541 Anika Course\nLake Loyalstad, RI 33369-0398', 'actif', NULL, NULL, '2021-04-07 09:18:02', '2021-04-07 09:18:02', 1),
(251, 'Ortiz', 'Justine', 'randal72@example.net', '2021-04-07 09:18:03', '$2y$10$92IXUNpkjO0rOQ5byMi.Ye4oKoEa3Ro9llC/.og/at2.uheWG/igi', '1234567890', '2016-03-23', '5515 Maegan Brooks Apt. 706\nShaniashire, NH 85483-4572', '13568 Trantow Via Suite 879\nLake Erlingstad, WA 18514-5856', 'actif', NULL, NULL, '2021-04-07 09:18:03', '2021-04-07 09:18:03', 2),
(252, 'Von', 'Dameon', 'dparisian@example.org', '2021-04-07 09:18:03', '$2y$10$92IXUNpkjO0rOQ5byMi.Ye4oKoEa3Ro9llC/.og/at2.uheWG/igi', '1234567890', '2013-05-29', '41183 Glover Stravenue\nNicholefurt, ID 64388-2670', '79580 Arthur Turnpike Apt. 616\nGrahamshire, AK 76852', 'actif', NULL, NULL, '2021-04-07 09:18:03', '2021-04-07 09:18:03', 2),
(253, 'Bernier', 'Nina', 'blanda.cathy@example.org', '2021-04-07 09:18:03', '$2y$10$92IXUNpkjO0rOQ5byMi.Ye4oKoEa3Ro9llC/.og/at2.uheWG/igi', '1234567890', '2009-08-28', '320 Mary Crossing\nMilantown, CO 39317', '5498 Kunde Roads\nKyleeshire, KY 66184-6479', 'actif', NULL, NULL, '2021-04-07 09:18:03', '2021-04-07 09:18:03', 2),
(254, 'Quitzon', 'Hope', 'casimir.schulist@example.org', '2021-04-07 09:18:03', '$2y$10$92IXUNpkjO0rOQ5byMi.Ye4oKoEa3Ro9llC/.og/at2.uheWG/igi', '1234567890', '2017-10-27', '4094 Raynor Falls\nSkylaville, OH 89300', '9510 Rory Gardens\nKreigermouth, MD 30114-7018', 'actif', NULL, NULL, '2021-04-07 09:18:03', '2021-04-07 09:18:03', 2),
(255, 'Herman', 'Rey', 'ottilie79@example.org', '2021-04-07 09:18:03', '$2y$10$92IXUNpkjO0rOQ5byMi.Ye4oKoEa3Ro9llC/.og/at2.uheWG/igi', '1234567890', '2001-06-25', '104 Collier Village Apt. 418\nEast Jazmyneville, RI 48125', '151 Phoebe Overpass\nBoyleburgh, MO 94575-3917', 'actif', NULL, NULL, '2021-04-07 09:18:03', '2021-04-07 09:18:03', 2),
(256, 'Torp', 'Blanca', 'emely85@example.com', '2021-04-07 09:18:03', '$2y$10$92IXUNpkjO0rOQ5byMi.Ye4oKoEa3Ro9llC/.og/at2.uheWG/igi', '1234567890', '2005-02-24', '3925 Bret Lane\nKarineland, AZ 69417-4817', '15029 Satterfield Islands\nNew Cleomouth, AZ 96172-2922', 'actif', NULL, NULL, '2021-04-07 09:18:03', '2021-04-07 09:18:03', 2),
(257, 'Murray', 'Jamey', 'aylin.bechtelar@example.org', '2021-04-07 09:18:03', '$2y$10$92IXUNpkjO0rOQ5byMi.Ye4oKoEa3Ro9llC/.og/at2.uheWG/igi', '1234567890', '2009-04-20', '563 Fredrick Ranch Apt. 574\nGreenfelderburgh, NY 47955', '59906 D\'Amore Knoll\nNew Johnathonland, SC 01572', 'ancien', NULL, NULL, '2021-04-07 09:18:03', '2021-04-07 09:18:03', 2),
(258, 'Schuppe', 'Marlen', 'moises.hoeger@example.com', '2021-04-07 09:18:03', '$2y$10$92IXUNpkjO0rOQ5byMi.Ye4oKoEa3Ro9llC/.og/at2.uheWG/igi', '1234567890', '2003-11-20', '52381 Bailey Prairie\nKeeblershire, MN 05253', '13365 Bergstrom Lodge Apt. 073\nEast Dollychester, OR 35137', 'actif', NULL, NULL, '2021-04-07 09:18:03', '2021-04-07 09:18:03', 2),
(259, 'Spencer', 'Maurice', 'laverne.rippin@example.net', '2021-04-07 09:18:03', '$2y$10$92IXUNpkjO0rOQ5byMi.Ye4oKoEa3Ro9llC/.og/at2.uheWG/igi', '1234567890', '2008-08-26', '761 Legros Station\nWest Kennithville, NY 70682', '18993 Larkin Vista Apt. 819\nEast Alisonville, WV 21564', 'ancien', NULL, NULL, '2021-04-07 09:18:03', '2021-04-07 09:18:03', 2),
(260, 'Bogan', 'Mina', 'hkeeling@example.com', '2021-04-07 09:18:03', '$2y$10$92IXUNpkjO0rOQ5byMi.Ye4oKoEa3Ro9llC/.og/at2.uheWG/igi', '1234567890', '2021-03-22', '49081 Caleigh Passage\nHackettfort, VT 45466-5289', '2862 Bashirian Isle\nLloydburgh, SC 17988-4804', 'ancien', NULL, NULL, '2021-04-07 09:18:03', '2021-04-07 09:18:03', 2),
(261, 'Okuneva', 'Sharon', 'payton26@example.com', '2021-04-07 09:18:03', '$2y$10$92IXUNpkjO0rOQ5byMi.Ye4oKoEa3Ro9llC/.og/at2.uheWG/igi', '1234567890', '2019-12-03', '1421 Oswaldo Manors\nPort Aurelioborough, AR 12158-0731', '8453 Otto Drives Suite 016\nDavinview, CA 97983-8252', 'actif', NULL, NULL, '2021-04-07 09:18:03', '2021-04-07 09:18:03', 2),
(262, 'Auer', 'Chloe', 'danika.anderson@example.org', '2021-04-07 09:18:03', '$2y$10$92IXUNpkjO0rOQ5byMi.Ye4oKoEa3Ro9llC/.og/at2.uheWG/igi', '1234567890', '2009-01-01', '548 Madyson Fort\nDomenickview, AR 77680-0026', '7240 Rippin Greens\nLaurettabury, DC 10877', 'actif', NULL, NULL, '2021-04-07 09:18:03', '2021-04-07 09:18:03', 2),
(263, 'Goldner', 'Eulah', 'ghahn@example.org', '2021-04-07 09:18:03', '$2y$10$92IXUNpkjO0rOQ5byMi.Ye4oKoEa3Ro9llC/.og/at2.uheWG/igi', '1234567890', '2012-04-11', '5230 Jackson Burgs\nNorth Dedrickshire, TN 84614', '67307 Hilpert Parkways\nLetitiaville, OK 45895', 'actif', NULL, NULL, '2021-04-07 09:18:03', '2021-04-07 09:18:03', 2),
(264, 'Witting', 'Finn', 'elouise02@example.org', '2021-04-07 09:18:03', '$2y$10$92IXUNpkjO0rOQ5byMi.Ye4oKoEa3Ro9llC/.og/at2.uheWG/igi', '1234567890', '2006-03-03', '3808 Rowe Fords\nNew Merrittshire, ME 68375-4449', '101 Dean Lake Suite 074\nPacochaberg, SD 73501-8884', 'actif', NULL, NULL, '2021-04-07 09:18:03', '2021-04-07 09:18:03', 2),
(265, 'Jakubowski', 'Beryl', 'dfritsch@example.net', '2021-04-07 09:18:03', '$2y$10$92IXUNpkjO0rOQ5byMi.Ye4oKoEa3Ro9llC/.og/at2.uheWG/igi', '1234567890', '2010-03-28', '1521 Trever Brooks Apt. 960\nBalistreriside, NE 30272-9862', '905 Carter Villages\nLarryshire, VT 33345', 'actif', NULL, NULL, '2021-04-07 09:18:03', '2021-04-07 09:18:03', 2),
(266, 'Okuneva', 'Jeramy', 'raegan.jacobson@example.org', '2021-04-07 09:18:03', '$2y$10$92IXUNpkjO0rOQ5byMi.Ye4oKoEa3Ro9llC/.og/at2.uheWG/igi', '1234567890', '2014-04-19', '9969 Purdy Harbors\nHettingertown, AL 31257-1678', '373 Green Fort Suite 685\nGulgowskimouth, VA 17774', 'actif', NULL, NULL, '2021-04-07 09:18:03', '2021-04-07 09:18:03', 2),
(267, 'Herzog', 'Ross', 'davis.gisselle@example.org', '2021-04-07 09:18:03', '$2y$10$92IXUNpkjO0rOQ5byMi.Ye4oKoEa3Ro9llC/.og/at2.uheWG/igi', '1234567890', '2002-03-18', '9354 Nayeli Harbors\nWisozkburgh, AR 45320-0228', '3042 Jared Grove Apt. 177\nLake Esmeraldabury, IA 92282', 'ancien', NULL, NULL, '2021-04-07 09:18:03', '2021-04-07 09:18:03', 2),
(268, 'Kuphal', 'Noel', 'zack.conroy@example.org', '2021-04-07 09:18:03', '$2y$10$92IXUNpkjO0rOQ5byMi.Ye4oKoEa3Ro9llC/.og/at2.uheWG/igi', '1234567890', '2012-11-28', '51561 O\'Hara Forest Apt. 442\nLake Lawrencemouth, IN 02187', '6106 Vandervort Lock\nPort Marciamouth, AR 97604-7451', 'actif', NULL, NULL, '2021-04-07 09:18:03', '2021-04-07 09:18:03', 2),
(269, 'Spinka', 'Breanne', 'vernice.krajcik@example.com', '2021-04-07 09:18:03', '$2y$10$92IXUNpkjO0rOQ5byMi.Ye4oKoEa3Ro9llC/.og/at2.uheWG/igi', '1234567890', '2004-10-09', '95568 Jessy Summit Suite 287\nNorwoodside, NE 57418-0423', '28450 Tyra Row Suite 684\nSauertown, OH 21655', 'actif', NULL, NULL, '2021-04-07 09:18:03', '2021-04-07 09:18:03', 2),
(270, 'Stokes', 'Alessia', 'emmanuel.hills@example.net', '2021-04-07 09:18:03', '$2y$10$92IXUNpkjO0rOQ5byMi.Ye4oKoEa3Ro9llC/.og/at2.uheWG/igi', '1234567890', '2005-11-12', '78608 Marie Ville\nPort Ceasar, OH 18119-8231', '7428 Stroman Springs\nGretchenport, TN 98796-5550', 'actif', NULL, NULL, '2021-04-07 09:18:03', '2021-04-07 09:18:03', 2),
(271, 'Ullrich', 'Assunta', 'terence.okon@example.com', '2021-04-07 09:18:03', '$2y$10$92IXUNpkjO0rOQ5byMi.Ye4oKoEa3Ro9llC/.og/at2.uheWG/igi', '1234567890', '2016-02-21', '94899 Lelia Path Apt. 320\nPort Laneyburgh, IN 23590', '92112 West Corners Apt. 409\nPort Halieland, IL 46991', 'ancien', NULL, NULL, '2021-04-07 09:18:03', '2021-04-07 09:18:03', 2),
(272, 'Eichmann', 'Sally', 'chaz24@example.com', '2021-04-07 09:18:03', '$2y$10$92IXUNpkjO0rOQ5byMi.Ye4oKoEa3Ro9llC/.og/at2.uheWG/igi', '1234567890', '2013-04-09', '4432 Ryleigh Hills\nHamillbury, AK 38569-7774', '802 Oberbrunner Gardens Apt. 469\nNew Mayra, PA 99854-1402', 'actif', NULL, NULL, '2021-04-07 09:18:03', '2021-04-07 09:18:03', 2),
(273, 'Effertz', 'Pasquale', 'jkunze@example.org', '2021-04-07 09:18:03', '$2y$10$92IXUNpkjO0rOQ5byMi.Ye4oKoEa3Ro9llC/.og/at2.uheWG/igi', '1234567890', '2001-06-16', '8494 Bogisich Stravenue Apt. 606\nWest Ceceliachester, IA 63312-9522', '416 Fay Roads\nLake Shanelshire, VT 67642', 'actif', NULL, NULL, '2021-04-07 09:18:03', '2021-04-07 09:18:03', 2),
(274, 'Fisher', 'Bertrand', 'cwyman@example.net', '2021-04-07 09:18:03', '$2y$10$92IXUNpkjO0rOQ5byMi.Ye4oKoEa3Ro9llC/.og/at2.uheWG/igi', '1234567890', '2010-09-05', '973 Hansen Walks Apt. 582\nO\'Connershire, LA 60803-7745', '232 Schaden Oval\nEast Gerald, NH 15223-6524', 'actif', NULL, NULL, '2021-04-07 09:18:03', '2021-04-07 09:18:03', 2),
(275, 'Renner', 'Kristin', 'myrtie47@example.org', '2021-04-07 09:18:03', '$2y$10$92IXUNpkjO0rOQ5byMi.Ye4oKoEa3Ro9llC/.og/at2.uheWG/igi', '1234567890', '2017-10-18', '53010 Blanda Land Suite 294\nCreminborough, WY 37866-1973', '84180 Hyatt Club\nWest Lavonburgh, OR 10494-6685', 'ancien', NULL, NULL, '2021-04-07 09:18:03', '2021-04-07 09:18:03', 2),
(276, 'Keebler', 'Enos', 'alivia49@example.org', '2021-04-07 09:18:03', '$2y$10$92IXUNpkjO0rOQ5byMi.Ye4oKoEa3Ro9llC/.og/at2.uheWG/igi', '1234567890', '2014-02-14', '3653 Medhurst Dale\nKeelingville, KY 92680', '307 Silas Islands Suite 881\nLeschmouth, CA 67188', 'actif', NULL, NULL, '2021-04-07 09:18:03', '2021-04-07 09:18:03', 2),
(277, 'Braun', 'Jess', 'gia35@example.com', '2021-04-07 09:18:03', '$2y$10$92IXUNpkjO0rOQ5byMi.Ye4oKoEa3Ro9llC/.og/at2.uheWG/igi', '1234567890', '2008-12-25', '45292 Osinski View Apt. 534\nCristborough, OK 75351-7422', '98069 Dean Hills\nSouth Friedrichburgh, SD 59485-3201', 'actif', NULL, NULL, '2021-04-07 09:18:03', '2021-04-07 09:18:03', 2),
(278, 'Mohr', 'Edythe', 'acremin@example.org', '2021-04-07 09:18:03', '$2y$10$92IXUNpkjO0rOQ5byMi.Ye4oKoEa3Ro9llC/.og/at2.uheWG/igi', '1234567890', '2008-01-26', '98414 Strosin Crescent\nSouth Ahmad, CA 73333', '716 McCullough Pine Suite 712\nLake Evanland, VA 16973', 'actif', NULL, NULL, '2021-04-07 09:18:03', '2021-04-07 09:18:03', 2),
(279, 'Block', 'Magnolia', 'bpagac@example.com', '2021-04-07 09:18:03', '$2y$10$92IXUNpkjO0rOQ5byMi.Ye4oKoEa3Ro9llC/.og/at2.uheWG/igi', '1234567890', '2017-12-11', '5020 Bode Hollow\nNew Maevemouth, MT 54210', '89261 Miller Flats\nNorth Annabell, AK 09847-9959', 'actif', NULL, NULL, '2021-04-07 09:18:03', '2021-04-07 09:18:03', 2),
(280, 'Ruecker', 'Alaina', 'ferry.toni@example.org', '2021-04-07 09:18:03', '$2y$10$92IXUNpkjO0rOQ5byMi.Ye4oKoEa3Ro9llC/.og/at2.uheWG/igi', '1234567890', '2021-01-16', '741 Grady Shoal Apt. 465\nCollinston, ME 73421-2602', '31034 Berge Underpass\nGrahamtown, WY 36861-6409', 'actif', NULL, NULL, '2021-04-07 09:18:03', '2021-04-07 09:18:03', 2),
(281, 'Satterfield', 'Hunter', 'fziemann@example.net', '2021-04-07 09:18:03', '$2y$10$92IXUNpkjO0rOQ5byMi.Ye4oKoEa3Ro9llC/.og/at2.uheWG/igi', '1234567890', '2010-09-17', '34316 Beau Track Suite 428\nCatherinemouth, TX 51948', '33809 Maxine Fork\nNorth Rudolphborough, NC 32332-5095', 'actif', NULL, NULL, '2021-04-07 09:18:03', '2021-04-07 09:18:03', 2),
(282, 'Sporer', 'Kaylah', 'altenwerth.wyatt@example.com', '2021-04-07 09:18:03', '$2y$10$92IXUNpkjO0rOQ5byMi.Ye4oKoEa3Ro9llC/.og/at2.uheWG/igi', '1234567890', '2007-05-12', '9089 Mariam Court Apt. 680\nSouth Audie, CT 23564', '48388 Friedrich Bridge Suite 900\nJerdeside, MN 71505-7241', 'actif', NULL, NULL, '2021-04-07 09:18:03', '2021-04-07 09:18:03', 2),
(283, 'Koch', 'Mellie', 'walter.julie@example.org', '2021-04-07 09:18:03', '$2y$10$92IXUNpkjO0rOQ5byMi.Ye4oKoEa3Ro9llC/.og/at2.uheWG/igi', '1234567890', '2008-09-15', '4745 Blaise River\nCecilechester, KY 76237', '3219 Damon Shore\nFayfort, FL 21379', 'actif', NULL, NULL, '2021-04-07 09:18:03', '2021-04-07 09:18:03', 2),
(284, 'Bogisich', 'Kasandra', 'rachel.champlin@example.net', '2021-04-07 09:18:04', '$2y$10$92IXUNpkjO0rOQ5byMi.Ye4oKoEa3Ro9llC/.og/at2.uheWG/igi', '1234567890', '2021-02-19', '54255 Rice Ridge Suite 919\nLake Ianbury, MO 72162', '5853 Roxane Valley Suite 029\nEast Siennaside, NY 58063', 'actif', NULL, NULL, '2021-04-07 09:18:04', '2021-04-07 09:18:04', 2),
(285, 'Bode', 'Dee', 'glennie51@example.org', '2021-04-07 09:18:04', '$2y$10$92IXUNpkjO0rOQ5byMi.Ye4oKoEa3Ro9llC/.og/at2.uheWG/igi', '1234567890', '2001-05-31', '17929 Wilfredo Island\nPort Stone, NC 93647', '58301 Yost Dam\nMedaton, AL 54027', 'ancien', NULL, NULL, '2021-04-07 09:18:04', '2021-04-07 09:18:04', 2),
(286, 'Mills', 'Linwood', 'blaise.murray@example.com', '2021-04-07 09:18:04', '$2y$10$92IXUNpkjO0rOQ5byMi.Ye4oKoEa3Ro9llC/.og/at2.uheWG/igi', '1234567890', '2010-05-03', '13236 Ariane Ville Apt. 666\nHartmannburgh, VT 48813', '96197 Pink Mountain Suite 840\nNew Sadie, TX 89105-9063', 'actif', NULL, NULL, '2021-04-07 09:18:04', '2021-04-07 09:18:04', 2),
(287, 'Harber', 'Prudence', 'wnienow@example.net', '2021-04-07 09:18:04', '$2y$10$92IXUNpkjO0rOQ5byMi.Ye4oKoEa3Ro9llC/.og/at2.uheWG/igi', '1234567890', '2015-08-07', '7241 Schroeder Spur Suite 884\nWest Alan, RI 58837', '13256 Adolfo Mill Apt. 847\nSouth Nickstad, NM 93280', 'actif', NULL, NULL, '2021-04-07 09:18:04', '2021-04-07 09:18:04', 2),
(288, 'Borer', 'Lloyd', 'tod.mccullough@example.com', '2021-04-07 09:18:04', '$2y$10$92IXUNpkjO0rOQ5byMi.Ye4oKoEa3Ro9llC/.og/at2.uheWG/igi', '1234567890', '2008-02-15', '5244 Yost Stream Suite 796\nPort Delphia, WY 09021-4979', '7240 Miller Vista\nGarnetland, WY 55797-6534', 'actif', NULL, NULL, '2021-04-07 09:18:04', '2021-04-07 09:18:04', 2),
(289, 'Spinka', 'Frederik', 'mustafa87@example.com', '2021-04-07 09:18:04', '$2y$10$92IXUNpkjO0rOQ5byMi.Ye4oKoEa3Ro9llC/.og/at2.uheWG/igi', '1234567890', '2013-07-24', '305 Pouros Plaza Apt. 723\nLake Leopold, IA 98610-2390', '518 Manuela Mountain\nAbernathychester, MI 80839', 'ancien', NULL, NULL, '2021-04-07 09:18:04', '2021-04-07 09:18:04', 2);
INSERT INTO `cactus_etudiants` (`id`, `nom`, `prenom`, `email`, `email_verified_at`, `password`, `cin`, `date_naissance`, `lieu_naissance`, `adresse`, `status`, `photo`, `remember_token`, `created_at`, `updated_at`, `parcours_id`) VALUES
(290, 'Bahringer', 'Roxane', 'jose.mante@example.net', '2021-04-07 09:18:04', '$2y$10$92IXUNpkjO0rOQ5byMi.Ye4oKoEa3Ro9llC/.og/at2.uheWG/igi', '1234567890', '2018-10-24', '60303 Viviane Junctions Suite 026\nMonahantown, NV 86612-8623', '106 Heloise Street Apt. 025\nLake Curtis, UT 35401-7433', 'actif', NULL, NULL, '2021-04-07 09:18:04', '2021-04-07 09:18:04', 2),
(291, 'Rempel', 'Lindsey', 'jamel34@example.org', '2021-04-07 09:18:04', '$2y$10$92IXUNpkjO0rOQ5byMi.Ye4oKoEa3Ro9llC/.og/at2.uheWG/igi', '1234567890', '2013-03-07', '78114 Erin Hollow\nLauraland, DC 28976', '6485 Rippin Garden\nChamplinberg, AK 28343', 'actif', NULL, NULL, '2021-04-07 09:18:04', '2021-04-07 09:18:04', 2),
(292, 'Skiles', 'Kade', 'alisha23@example.net', '2021-04-07 09:18:04', '$2y$10$92IXUNpkjO0rOQ5byMi.Ye4oKoEa3Ro9llC/.og/at2.uheWG/igi', '1234567890', '2010-01-06', '293 Hoeger Stream Apt. 818\nJedediahshire, AK 62811-5380', '786 Hudson Landing\nNorth Serena, WV 37727', 'actif', NULL, NULL, '2021-04-07 09:18:04', '2021-04-07 09:18:04', 2),
(293, 'Gleichner', 'Jess', 'kristina.predovic@example.net', '2021-04-07 09:18:04', '$2y$10$92IXUNpkjO0rOQ5byMi.Ye4oKoEa3Ro9llC/.og/at2.uheWG/igi', '1234567890', '2006-11-04', '5598 Coralie Neck\nCaseyview, CO 13522-2838', '87585 Elliot Crescent\nPfefferton, SC 33665', 'actif', NULL, NULL, '2021-04-07 09:18:04', '2021-04-07 09:18:04', 2),
(294, 'Lemke', 'Americo', 'mosciski.pearlie@example.org', '2021-04-07 09:18:04', '$2y$10$92IXUNpkjO0rOQ5byMi.Ye4oKoEa3Ro9llC/.og/at2.uheWG/igi', '1234567890', '2016-06-14', '5709 Virgie Falls Apt. 737\nNew Oralville, ME 04616', '4576 Michale Mill Suite 858\nCormiertown, GA 90401', 'ancien', NULL, NULL, '2021-04-07 09:18:04', '2021-04-07 09:18:04', 2),
(295, 'O\'Reilly', 'Jada', 'hayden24@example.com', '2021-04-07 09:18:04', '$2y$10$92IXUNpkjO0rOQ5byMi.Ye4oKoEa3Ro9llC/.og/at2.uheWG/igi', '1234567890', '2003-08-13', '36330 Bernadette Alley\nNorth Shemar, OR 71999', '5662 Johns Lights Apt. 615\nWest Jamaal, IA 33686-7846', 'ancien', NULL, NULL, '2021-04-07 09:18:04', '2021-04-07 09:18:04', 2),
(296, 'Balistreri', 'Tre', 'alfonso.lakin@example.org', '2021-04-07 09:18:04', '$2y$10$92IXUNpkjO0rOQ5byMi.Ye4oKoEa3Ro9llC/.og/at2.uheWG/igi', '1234567890', '2003-01-17', '466 Brooklyn Lane Suite 391\nEast Timmy, VA 54846-2412', '742 Treutel Crossing\nAuroreport, WY 60397', 'ancien', NULL, NULL, '2021-04-07 09:18:04', '2021-04-07 09:18:04', 2),
(297, 'VonRueden', 'Eileen', 'khudson@example.org', '2021-04-07 09:18:04', '$2y$10$92IXUNpkjO0rOQ5byMi.Ye4oKoEa3Ro9llC/.og/at2.uheWG/igi', '1234567890', '2007-11-14', '25301 Rashad Ways\nEast Aubrey, DC 29211', '474 Kirlin Harbors\nDoyleview, AK 18441', 'actif', NULL, NULL, '2021-04-07 09:18:04', '2021-04-07 09:18:04', 2),
(298, 'DuBuque', 'Kyle', 'schmitt.jeffry@example.org', '2021-04-07 09:18:04', '$2y$10$92IXUNpkjO0rOQ5byMi.Ye4oKoEa3Ro9llC/.og/at2.uheWG/igi', '1234567890', '2005-06-17', '153 Prosacco Shoal Apt. 301\nOkunevaside, NH 43511-7646', '8960 Camylle Fort Suite 956\nEast Garrick, MD 49845', 'actif', NULL, NULL, '2021-04-07 09:18:04', '2021-04-07 09:18:04', 2),
(299, 'Gislason', 'Kieran', 'stevie.ebert@example.org', '2021-04-07 09:18:04', '$2y$10$92IXUNpkjO0rOQ5byMi.Ye4oKoEa3Ro9llC/.og/at2.uheWG/igi', '1234567890', '2006-04-04', '52462 Deshaun Centers\nRippinview, DE 79412-4920', '6860 Cole Ridge\nNorth Rico, MT 41254-5800', 'ancien', NULL, NULL, '2021-04-07 09:18:04', '2021-04-07 09:18:04', 2),
(300, 'Farrell', 'Nikita', 'elouise48@example.com', '2021-04-07 09:18:04', '$2y$10$92IXUNpkjO0rOQ5byMi.Ye4oKoEa3Ro9llC/.og/at2.uheWG/igi', '1234567890', '2001-05-08', '3022 William Villages Suite 248\nToyview, WA 16928', '516 Justen Trafficway\nNorth Wilson, TN 37923-7178', 'actif', NULL, NULL, '2021-04-07 09:18:04', '2021-04-07 09:18:04', 2),
(301, 'Lebsack', 'Einar', 'rempel.florida@example.net', '2021-04-07 09:18:04', '$2y$10$92IXUNpkjO0rOQ5byMi.Ye4oKoEa3Ro9llC/.og/at2.uheWG/igi', '1234567890', '2012-12-24', '1383 Abelardo Freeway Suite 732\nLittelview, PA 43457', '35533 Bo Common\nSouth Keon, IL 44175-3835', 'actif', NULL, NULL, '2021-04-07 09:18:04', '2021-04-07 09:18:04', 2),
(302, 'Hilpert', 'Mallory', 'tleuschke@example.net', '2021-04-07 09:18:04', '$2y$10$92IXUNpkjO0rOQ5byMi.Ye4oKoEa3Ro9llC/.og/at2.uheWG/igi', '1234567890', '2018-03-13', '132 Nyasia Light Apt. 221\nEmardview, IL 12175', '2703 Hipolito Mountain\nLedabury, AR 49599-2095', 'actif', NULL, NULL, '2021-04-07 09:18:04', '2021-04-07 09:18:04', 2),
(303, 'Batz', 'Cole', 'tracey00@example.com', '2021-04-07 09:18:04', '$2y$10$92IXUNpkjO0rOQ5byMi.Ye4oKoEa3Ro9llC/.og/at2.uheWG/igi', '1234567890', '2004-05-07', '291 Ludie Green Suite 441\nSchimmelview, WI 38394', '53441 Kshlerin Passage\nWeissnatstad, NH 28752', 'ancien', NULL, NULL, '2021-04-07 09:18:04', '2021-04-07 09:18:04', 2),
(304, 'Boyle', 'Evert', 'kenya.macejkovic@example.org', '2021-04-07 09:18:04', '$2y$10$92IXUNpkjO0rOQ5byMi.Ye4oKoEa3Ro9llC/.og/at2.uheWG/igi', '1234567890', '2003-03-07', '54811 Kling Motorway\nMacejkovicfort, TX 75907', '8939 Wayne Club\nHeathcotechester, SD 22457-4417', 'actif', NULL, NULL, '2021-04-07 09:18:04', '2021-04-07 09:18:04', 2),
(305, 'Padberg', 'Montana', 'carmel62@example.org', '2021-04-07 09:18:04', '$2y$10$92IXUNpkjO0rOQ5byMi.Ye4oKoEa3Ro9llC/.og/at2.uheWG/igi', '1234567890', '2008-04-27', '142 Sawayn Gardens Suite 776\nCynthiaport, MA 41813', '5912 Alize Inlet\nNorth Kareembury, LA 37045', 'actif', NULL, NULL, '2021-04-07 09:18:04', '2021-04-07 09:18:04', 2),
(306, 'Heidenreich', 'Malcolm', 'geoffrey38@example.com', '2021-04-07 09:18:04', '$2y$10$92IXUNpkjO0rOQ5byMi.Ye4oKoEa3Ro9llC/.og/at2.uheWG/igi', '1234567890', '2014-10-07', '19524 Lavon Ville Apt. 552\nCarolynmouth, VA 91693-3608', '401 Prosacco Fall\nNorth Rosemouth, MI 60750', 'actif', NULL, NULL, '2021-04-07 09:18:04', '2021-04-07 09:18:04', 2),
(307, 'Satterfield', 'Hope', 'terrell01@example.org', '2021-04-07 09:18:04', '$2y$10$92IXUNpkjO0rOQ5byMi.Ye4oKoEa3Ro9llC/.og/at2.uheWG/igi', '1234567890', '2005-11-21', '766 Durgan Ways\nPowlowskiport, TN 71209-7236', '6842 Carter Pass Suite 107\nOdessamouth, GA 87538', 'ancien', NULL, NULL, '2021-04-07 09:18:04', '2021-04-07 09:18:04', 2),
(308, 'Stamm', 'Gilda', 'brendon.denesik@example.org', '2021-04-07 09:18:04', '$2y$10$92IXUNpkjO0rOQ5byMi.Ye4oKoEa3Ro9llC/.og/at2.uheWG/igi', '1234567890', '2011-01-22', '5478 Gulgowski Plains Apt. 306\nKalebchester, MD 80502', '88302 Patsy Stream\nPort Ryleighstad, AK 19534', 'actif', NULL, NULL, '2021-04-07 09:18:04', '2021-04-07 09:18:04', 2),
(309, 'Kessler', 'Norene', 'wfay@example.org', '2021-04-07 09:18:04', '$2y$10$92IXUNpkjO0rOQ5byMi.Ye4oKoEa3Ro9llC/.og/at2.uheWG/igi', '1234567890', '2014-03-01', '6582 Fadel Causeway Suite 303\nHamillborough, SC 34810', '2191 Jacklyn Landing\nBoyerhaven, AR 61794', 'actif', NULL, NULL, '2021-04-07 09:18:04', '2021-04-07 09:18:04', 2),
(310, 'Legros', 'Kale', 'skyla.rath@example.com', '2021-04-07 09:18:04', '$2y$10$92IXUNpkjO0rOQ5byMi.Ye4oKoEa3Ro9llC/.og/at2.uheWG/igi', '1234567890', '2011-12-23', '646 Faustino Parks Suite 098\nHoweton, ND 81612', '563 Bednar Springs Suite 010\nNew Summer, FL 30871-7684', 'ancien', NULL, NULL, '2021-04-07 09:18:04', '2021-04-07 09:18:04', 2),
(311, 'Greenfelder', 'Scarlett', 'denesik.camren@example.org', '2021-04-07 09:18:04', '$2y$10$92IXUNpkjO0rOQ5byMi.Ye4oKoEa3Ro9llC/.og/at2.uheWG/igi', '1234567890', '2014-06-02', '6734 Wendy Street Apt. 686\nBernieport, VT 30088', '76264 Nitzsche Extension\nGeostad, NC 60294', 'actif', NULL, NULL, '2021-04-07 09:18:04', '2021-04-07 09:18:04', 2),
(312, 'Kuvalis', 'Tessie', 'turner.viviane@example.com', '2021-04-07 09:18:04', '$2y$10$92IXUNpkjO0rOQ5byMi.Ye4oKoEa3Ro9llC/.og/at2.uheWG/igi', '1234567890', '2015-05-16', '77571 Lonie Burg\nLake Opalburgh, SC 93101', '378 Patrick Land\nPort Ciara, OK 28491-0458', 'ancien', NULL, NULL, '2021-04-07 09:18:04', '2021-04-07 09:18:04', 2),
(313, 'Walker', 'Amani', 'paula.willms@example.net', '2021-04-07 09:18:04', '$2y$10$92IXUNpkjO0rOQ5byMi.Ye4oKoEa3Ro9llC/.og/at2.uheWG/igi', '1234567890', '2013-12-28', '443 Buster Village Suite 496\nLewismouth, NM 96126-6416', '6833 Schultz Spur\nKarenhaven, IL 43613-4224', 'actif', NULL, NULL, '2021-04-07 09:18:04', '2021-04-07 09:18:04', 2),
(314, 'Cummings', 'Maurice', 'phyllis07@example.org', '2021-04-07 09:18:04', '$2y$10$92IXUNpkjO0rOQ5byMi.Ye4oKoEa3Ro9llC/.og/at2.uheWG/igi', '1234567890', '2007-06-08', '44313 Prohaska Radial\nEast Josue, NY 76604-6305', '4334 Else Plaza\nBenstad, WY 86182-8917', 'actif', NULL, NULL, '2021-04-07 09:18:04', '2021-04-07 09:18:04', 2),
(315, 'Douglas', 'Kyle', 'laurence.block@example.net', '2021-04-07 09:18:05', '$2y$10$92IXUNpkjO0rOQ5byMi.Ye4oKoEa3Ro9llC/.og/at2.uheWG/igi', '1234567890', '2001-04-12', '7698 Kathleen Terrace\nHamillton, MO 54750', '9136 Julius Mountain\nWest Vivienneview, RI 66103', 'actif', NULL, NULL, '2021-04-07 09:18:05', '2021-04-07 09:18:05', 2),
(316, 'Oberbrunner', 'Shane', 'wuckert.candida@example.org', '2021-04-07 09:18:05', '$2y$10$92IXUNpkjO0rOQ5byMi.Ye4oKoEa3Ro9llC/.og/at2.uheWG/igi', '1234567890', '2002-04-25', '555 Graham Corners\nLake Octaviaberg, PA 20185', '6112 Champlin Port Suite 795\nJacintheburgh, VA 89507-5717', 'actif', NULL, NULL, '2021-04-07 09:18:05', '2021-04-07 09:18:05', 2),
(317, 'Ryan', 'Ricky', 'ikuphal@example.com', '2021-04-07 09:18:05', '$2y$10$92IXUNpkjO0rOQ5byMi.Ye4oKoEa3Ro9llC/.og/at2.uheWG/igi', '1234567890', '2013-02-25', '111 Laurel Meadow\nGleichnershire, ND 85886-9672', '702 Hackett Lock Apt. 289\nNew Owen, ND 34190-4015', 'actif', NULL, NULL, '2021-04-07 09:18:05', '2021-04-07 09:18:05', 2),
(318, 'Hartmann', 'Cordia', 'dbraun@example.org', '2021-04-07 09:18:05', '$2y$10$92IXUNpkjO0rOQ5byMi.Ye4oKoEa3Ro9llC/.og/at2.uheWG/igi', '1234567890', '2018-06-13', '3865 Zachery Locks Apt. 727\nNorth Stefan, ND 18985', '287 Kozey Landing Suite 270\nNorth Meda, MO 13337', 'actif', NULL, NULL, '2021-04-07 09:18:05', '2021-04-07 09:18:05', 2),
(319, 'Monahan', 'Wilmer', 'kilback.maxine@example.net', '2021-04-07 09:18:05', '$2y$10$92IXUNpkjO0rOQ5byMi.Ye4oKoEa3Ro9llC/.og/at2.uheWG/igi', '1234567890', '2011-07-09', '8860 Schmitt Circles\nGregoriastad, AR 24297', '3382 Ebert Burgs\nRunolfssonstad, HI 54853', 'actif', NULL, NULL, '2021-04-07 09:18:05', '2021-04-07 09:18:05', 2),
(320, 'Luettgen', 'Eliezer', 'nelson.okon@example.org', '2021-04-07 09:18:05', '$2y$10$92IXUNpkjO0rOQ5byMi.Ye4oKoEa3Ro9llC/.og/at2.uheWG/igi', '1234567890', '2015-08-21', '74966 Ernser Motorway\nJuanitatown, NM 85341-7894', '93620 Murphy Crescent Suite 140\nEast Thaliatown, WV 20868', 'actif', NULL, NULL, '2021-04-07 09:18:05', '2021-04-07 09:18:05', 2),
(321, 'Cronin', 'Karson', 'qkutch@example.org', '2021-04-07 09:18:05', '$2y$10$92IXUNpkjO0rOQ5byMi.Ye4oKoEa3Ro9llC/.og/at2.uheWG/igi', '1234567890', '2016-07-21', '498 Bayer Roads Apt. 268\nWest Sammie, KS 34806', '9411 Carmelo Road\nNorth Angelomouth, KY 13723', 'actif', NULL, NULL, '2021-04-07 09:18:05', '2021-04-07 09:18:05', 2),
(322, 'Donnelly', 'Magdalen', 'bjenkins@example.net', '2021-04-07 09:18:05', '$2y$10$92IXUNpkjO0rOQ5byMi.Ye4oKoEa3Ro9llC/.og/at2.uheWG/igi', '1234567890', '2017-07-25', '72921 Haley Locks\nSouth Adolfo, IL 32708', '20499 Thiel Lane Suite 033\nSouth Austinbury, KY 15037', 'actif', NULL, NULL, '2021-04-07 09:18:05', '2021-04-07 09:18:05', 2),
(323, 'Rippin', 'Jazmyne', 'pkuhlman@example.org', '2021-04-07 09:18:05', '$2y$10$92IXUNpkjO0rOQ5byMi.Ye4oKoEa3Ro9llC/.og/at2.uheWG/igi', '1234567890', '2010-06-08', '77692 Mercedes Gardens Apt. 525\nLake Malcolm, ID 41579', '5217 Zemlak Pine\nLake Sherwoodfort, WV 26089', 'actif', NULL, NULL, '2021-04-07 09:18:05', '2021-04-07 09:18:05', 2),
(324, 'Ernser', 'Juliet', 'brekke.zoila@example.org', '2021-04-07 09:18:05', '$2y$10$92IXUNpkjO0rOQ5byMi.Ye4oKoEa3Ro9llC/.og/at2.uheWG/igi', '1234567890', '2009-06-09', '62112 Vergie Wells\nRohanville, NE 76606-6707', '57145 Leif Terrace Apt. 327\nLake Bernhardberg, CT 92930-8578', 'ancien', NULL, NULL, '2021-04-07 09:18:05', '2021-04-07 09:18:05', 2),
(325, 'Jacobi', 'Nikolas', 'xgulgowski@example.org', '2021-04-07 09:18:05', '$2y$10$92IXUNpkjO0rOQ5byMi.Ye4oKoEa3Ro9llC/.og/at2.uheWG/igi', '1234567890', '2003-05-09', '764 Ettie Spur\nNorth Ramiro, NH 13130', '3507 Dejah Valley Suite 605\nJuliushaven, ND 03186-3504', 'actif', NULL, NULL, '2021-04-07 09:18:05', '2021-04-07 09:18:05', 2),
(326, 'Jerde', 'Bettye', 'kristy53@example.net', '2021-04-07 09:18:05', '$2y$10$92IXUNpkjO0rOQ5byMi.Ye4oKoEa3Ro9llC/.og/at2.uheWG/igi', '1234567890', '2002-01-09', '44704 Harvey Lakes\nLake Ike, IA 57900-7339', '296 Jasper Pass Suite 551\nSouth Nathanielport, FL 42445-6282', 'ancien', NULL, NULL, '2021-04-07 09:18:05', '2021-04-07 09:18:05', 2),
(327, 'Muller', 'Charlotte', 'friesen.riley@example.net', '2021-04-07 09:18:05', '$2y$10$92IXUNpkjO0rOQ5byMi.Ye4oKoEa3Ro9llC/.og/at2.uheWG/igi', '1234567890', '2002-06-23', '299 Maida Ville\nNorth Adelechester, OR 44183', '9026 Lemke Isle\nWest Deion, NJ 28257-7706', 'actif', NULL, NULL, '2021-04-07 09:18:05', '2021-04-07 09:18:05', 2),
(328, 'Becker', 'Jennifer', 'jherman@example.com', '2021-04-07 09:18:05', '$2y$10$92IXUNpkjO0rOQ5byMi.Ye4oKoEa3Ro9llC/.og/at2.uheWG/igi', '1234567890', '2005-12-11', '685 Minerva Fall Apt. 929\nGaylordville, AL 35781-2377', '310 Heaney Stravenue\nNorth Horaceport, TN 52273-4229', 'ancien', NULL, NULL, '2021-04-07 09:18:05', '2021-04-07 09:18:05', 2),
(329, 'Lakin', 'Paula', 'bret53@example.com', '2021-04-07 09:18:05', '$2y$10$92IXUNpkjO0rOQ5byMi.Ye4oKoEa3Ro9llC/.og/at2.uheWG/igi', '1234567890', '2011-10-19', '634 Leannon Valley\nGordonfurt, TX 78913-2383', '838 Casper Alley\nNew Charleyview, IA 94593-3864', 'actif', NULL, NULL, '2021-04-07 09:18:05', '2021-04-07 09:18:05', 2),
(330, 'Tromp', 'Lizzie', 'harris.imelda@example.net', '2021-04-07 09:18:05', '$2y$10$92IXUNpkjO0rOQ5byMi.Ye4oKoEa3Ro9llC/.og/at2.uheWG/igi', '1234567890', '2014-08-02', '7151 Lowe Prairie Suite 542\nStrackemouth, KY 43431-3236', '961 Brisa Isle Suite 267\nWest Tevinhaven, WY 95520-2436', 'actif', NULL, NULL, '2021-04-07 09:18:05', '2021-04-07 09:18:05', 2),
(331, 'Wiza', 'Kevin', 'melissa.gislason@example.com', '2021-04-07 09:18:05', '$2y$10$92IXUNpkjO0rOQ5byMi.Ye4oKoEa3Ro9llC/.og/at2.uheWG/igi', '1234567890', '2020-07-09', '746 Stephon Parks Suite 883\nBauchshire, OH 90818-0735', '2518 Wilber Shores\nWest Jaquelin, NV 10406', 'actif', NULL, NULL, '2021-04-07 09:18:05', '2021-04-07 09:18:05', 2),
(332, 'Von', 'Declan', 'natalie09@example.net', '2021-04-07 09:18:05', '$2y$10$92IXUNpkjO0rOQ5byMi.Ye4oKoEa3Ro9llC/.og/at2.uheWG/igi', '1234567890', '2013-06-03', '571 Thiel Dam\nLake Dangelobury, IL 81896-7794', '655 Faye Field\nNorth Kristinville, AZ 31408', 'ancien', NULL, NULL, '2021-04-07 09:18:05', '2021-04-07 09:18:05', 2),
(333, 'O\'Keefe', 'Christiana', 'brielle07@example.net', '2021-04-07 09:18:05', '$2y$10$92IXUNpkjO0rOQ5byMi.Ye4oKoEa3Ro9llC/.og/at2.uheWG/igi', '1234567890', '2002-01-08', '8729 Benton Vista Suite 369\nLeannbury, DE 72120-2796', '458 Bashirian Trail Apt. 363\nLynchborough, AR 33779-1308', 'actif', NULL, NULL, '2021-04-07 09:18:05', '2021-04-07 09:18:05', 2),
(334, 'DuBuque', 'Isabelle', 'irogahn@example.com', '2021-04-07 09:18:05', '$2y$10$92IXUNpkjO0rOQ5byMi.Ye4oKoEa3Ro9llC/.og/at2.uheWG/igi', '1234567890', '2020-06-15', '46574 Deckow Burgs\nWest Elyse, ME 79277-9772', '32173 Hermiston Shoals\nLake Alfonso, IN 64130-7736', 'actif', NULL, NULL, '2021-04-07 09:18:05', '2021-04-07 09:18:05', 2),
(335, 'Homenick', 'Liliana', 'hassan17@example.org', '2021-04-07 09:18:05', '$2y$10$92IXUNpkjO0rOQ5byMi.Ye4oKoEa3Ro9llC/.og/at2.uheWG/igi', '1234567890', '2015-12-18', '7867 Zieme Oval\nMaddisonfurt, RI 72956-6806', '518 Volkman Ridges Apt. 200\nNaderberg, MD 35574', 'actif', NULL, NULL, '2021-04-07 09:18:05', '2021-04-07 09:18:05', 2),
(336, 'Greenfelder', 'Maude', 'leffler.leo@example.org', '2021-04-07 09:18:05', '$2y$10$92IXUNpkjO0rOQ5byMi.Ye4oKoEa3Ro9llC/.og/at2.uheWG/igi', '1234567890', '2016-05-26', '9772 Greenfelder Ridge\nNew Sebastianbury, DC 35402-2237', '41667 Murray Road\nRamiroville, NJ 99169', 'actif', NULL, NULL, '2021-04-07 09:18:05', '2021-04-07 09:18:05', 2),
(337, 'Larkin', 'Luisa', 'jess35@example.org', '2021-04-07 09:18:05', '$2y$10$92IXUNpkjO0rOQ5byMi.Ye4oKoEa3Ro9llC/.og/at2.uheWG/igi', '1234567890', '2014-05-01', '3152 Schmeler Isle\nSouth Earlene, WA 83634-0570', '725 Schoen Fields\nJoshview, IA 01316', 'ancien', NULL, NULL, '2021-04-07 09:18:05', '2021-04-07 09:18:05', 2),
(338, 'Rau', 'Nathan', 'karelle26@example.net', '2021-04-07 09:18:05', '$2y$10$92IXUNpkjO0rOQ5byMi.Ye4oKoEa3Ro9llC/.og/at2.uheWG/igi', '1234567890', '2020-09-01', '9213 Gerlach Common\nEast Zelda, HI 61010-3806', '935 Maggie Prairie\nShaniabury, AZ 24912-8854', 'actif', NULL, NULL, '2021-04-07 09:18:05', '2021-04-07 09:18:05', 2),
(339, 'Gaylord', 'Marietta', 'lreichel@example.net', '2021-04-07 09:18:05', '$2y$10$92IXUNpkjO0rOQ5byMi.Ye4oKoEa3Ro9llC/.og/at2.uheWG/igi', '1234567890', '2003-07-23', '200 Parisian Villages Apt. 293\nMyrafort, IL 09465-8414', '2358 Kutch Vista Apt. 415\nKuvalistown, MN 50917', 'actif', NULL, NULL, '2021-04-07 09:18:05', '2021-04-07 09:18:05', 2),
(340, 'Hand', 'Oren', 'hackett.marietta@example.com', '2021-04-07 09:18:05', '$2y$10$92IXUNpkjO0rOQ5byMi.Ye4oKoEa3Ro9llC/.og/at2.uheWG/igi', '1234567890', '2017-12-15', '84464 West Hollow Suite 226\nPort Garret, VA 07477', '35569 Kozey Spurs\nNorth Alisaton, NH 80896', 'actif', NULL, NULL, '2021-04-07 09:18:05', '2021-04-07 09:18:05', 2),
(341, 'Renner', 'Lavern', 'gstehr@example.org', '2021-04-07 09:18:05', '$2y$10$92IXUNpkjO0rOQ5byMi.Ye4oKoEa3Ro9llC/.og/at2.uheWG/igi', '1234567890', '2008-05-28', '87431 Ullrich Terrace Apt. 168\nLavernmouth, NC 04733-4290', '92158 Goyette Fall\nDasiahaven, MA 53195-8557', 'actif', NULL, NULL, '2021-04-07 09:18:05', '2021-04-07 09:18:05', 2),
(342, 'Gleichner', 'Bernice', 'zula69@example.net', '2021-04-07 09:18:06', '$2y$10$92IXUNpkjO0rOQ5byMi.Ye4oKoEa3Ro9llC/.og/at2.uheWG/igi', '1234567890', '2003-03-15', '804 Helga Port Apt. 457\nWest Marceloville, CO 24350-6870', '400 Estella Cliffs\nLake Ursula, WI 15096-8897', 'actif', NULL, NULL, '2021-04-07 09:18:06', '2021-04-07 09:18:06', 2),
(343, 'Macejkovic', 'Noemi', 'oleffler@example.com', '2021-04-07 09:18:06', '$2y$10$92IXUNpkjO0rOQ5byMi.Ye4oKoEa3Ro9llC/.og/at2.uheWG/igi', '1234567890', '2003-10-26', '3970 McCullough Harbor\nEast Rosalindhaven, NM 00996-3269', '137 Blanda Pike\nBinsview, LA 55255', 'actif', NULL, NULL, '2021-04-07 09:18:06', '2021-04-07 09:18:06', 2),
(344, 'Harvey', 'Penelope', 'runolfsdottir.yolanda@example.org', '2021-04-07 09:18:06', '$2y$10$92IXUNpkjO0rOQ5byMi.Ye4oKoEa3Ro9llC/.og/at2.uheWG/igi', '1234567890', '2009-01-17', '717 Dayton Way Apt. 387\nNew Camren, AZ 25267', '4046 Cayla Radial\nPurdyborough, MA 34342-7996', 'actif', NULL, NULL, '2021-04-07 09:18:06', '2021-04-07 09:18:06', 2),
(345, 'Hansen', 'Nayeli', 'alyson.brown@example.net', '2021-04-07 09:18:06', '$2y$10$92IXUNpkjO0rOQ5byMi.Ye4oKoEa3Ro9llC/.og/at2.uheWG/igi', '1234567890', '2014-03-15', '78742 Mayert Mountain Suite 792\nNew Forrestville, KY 80467-4429', '537 Emmerich Route\nChazmouth, ME 94819', 'actif', NULL, NULL, '2021-04-07 09:18:06', '2021-04-07 09:18:06', 2),
(346, 'Beier', 'Gustave', 'lowell.effertz@example.com', '2021-04-07 09:18:06', '$2y$10$92IXUNpkjO0rOQ5byMi.Ye4oKoEa3Ro9llC/.og/at2.uheWG/igi', '1234567890', '2009-07-26', '341 West Extensions\nRonaldoside, AR 74570-5831', '5478 Jones Highway\nPort Paytonton, FL 26066', 'actif', NULL, NULL, '2021-04-07 09:18:06', '2021-04-07 09:18:06', 2),
(347, 'D\'Amore', 'Pearl', 'nikolaus.kip@example.com', '2021-04-07 09:18:06', '$2y$10$92IXUNpkjO0rOQ5byMi.Ye4oKoEa3Ro9llC/.og/at2.uheWG/igi', '1234567890', '2001-12-25', '8917 Ziemann Stravenue Apt. 691\nEast Guillermohaven, HI 23552', '864 Schmitt Lock Suite 002\nNorth Reuben, NM 04580-2056', 'actif', NULL, NULL, '2021-04-07 09:18:06', '2021-04-07 09:18:06', 2),
(348, 'Fahey', 'Reyna', 'dconsidine@example.org', '2021-04-07 09:18:06', '$2y$10$92IXUNpkjO0rOQ5byMi.Ye4oKoEa3Ro9llC/.og/at2.uheWG/igi', '1234567890', '2017-07-28', '931 Lucious Rapids\nNorth Vellaburgh, SD 42417-9623', '5446 Hegmann Crossroad Suite 836\nHermanmouth, MS 51072-9425', 'actif', NULL, NULL, '2021-04-07 09:18:06', '2021-04-07 09:18:06', 2),
(349, 'Tremblay', 'Alexandro', 'candice.towne@example.net', '2021-04-07 09:18:06', '$2y$10$92IXUNpkjO0rOQ5byMi.Ye4oKoEa3Ro9llC/.og/at2.uheWG/igi', '1234567890', '2001-06-12', '2001 Waelchi Ports\nNew Hubertview, WY 50522-7050', '53751 Carmine Track Apt. 710\nPort Aaron, IA 44726', 'actif', NULL, NULL, '2021-04-07 09:18:06', '2021-04-07 09:18:06', 2),
(350, 'Wiza', 'Dexter', 'wokeefe@example.com', '2021-04-07 09:18:06', '$2y$10$92IXUNpkjO0rOQ5byMi.Ye4oKoEa3Ro9llC/.og/at2.uheWG/igi', '1234567890', '2011-07-21', '143 Bogan Brooks\nStokesmouth, WA 91376-4701', '40655 Helena Overpass\nShyanneside, CA 01952-6655', 'actif', NULL, NULL, '2021-04-07 09:18:06', '2021-04-07 09:18:06', 2),
(351, 'Bogisich', 'Delores', 'bobby.schuppe@example.com', '2021-04-07 09:18:06', '$2y$10$92IXUNpkjO0rOQ5byMi.Ye4oKoEa3Ro9llC/.og/at2.uheWG/igi', '1234567890', '2005-05-03', '756 Bailey View Apt. 501\nLake Mabelle, IN 66441', '19887 Schinner Lodge Suite 402\nGoyetteport, MN 38316', 'actif', NULL, NULL, '2021-04-07 09:18:06', '2021-04-07 09:18:06', 2),
(352, 'Vandervort', 'Maida', 'ddickinson@example.net', '2021-04-07 09:18:06', '$2y$10$92IXUNpkjO0rOQ5byMi.Ye4oKoEa3Ro9llC/.og/at2.uheWG/igi', '1234567890', '2006-04-08', '5284 Delia Underpass\nKeshaunland, KS 21751', '5449 Abernathy Greens\nNorth Gabriella, IA 08248', 'actif', NULL, NULL, '2021-04-07 09:18:06', '2021-04-07 09:18:06', 2),
(353, 'Stiedemann', 'Carlie', 'hegmann.gerson@example.org', '2021-04-07 09:18:06', '$2y$10$92IXUNpkjO0rOQ5byMi.Ye4oKoEa3Ro9llC/.og/at2.uheWG/igi', '1234567890', '2015-12-10', '242 Jacobson Inlet Suite 878\nBinsland, MI 13998-4069', '154 Adrain Walks\nAlenaside, PA 33422', 'actif', NULL, NULL, '2021-04-07 09:18:06', '2021-04-07 09:18:06', 2),
(354, 'Lueilwitz', 'Christa', 'melisa.wiza@example.org', '2021-04-07 09:18:06', '$2y$10$92IXUNpkjO0rOQ5byMi.Ye4oKoEa3Ro9llC/.og/at2.uheWG/igi', '1234567890', '2016-08-22', '95136 Mueller Dam Apt. 618\nTrevormouth, AL 94358', '85507 Bergstrom Pass Apt. 563\nEast Roxane, TX 45792', 'actif', NULL, NULL, '2021-04-07 09:18:06', '2021-04-07 09:18:06', 2),
(355, 'Walter', 'Payton', 'gennaro11@example.net', '2021-04-07 09:18:06', '$2y$10$92IXUNpkjO0rOQ5byMi.Ye4oKoEa3Ro9llC/.og/at2.uheWG/igi', '1234567890', '2018-02-16', '713 Gennaro Falls Apt. 805\nPort Chaunceyville, NC 12012-5604', '16605 Cruickshank Run\nSouth Eldon, MI 03662', 'actif', NULL, NULL, '2021-04-07 09:18:06', '2021-04-07 09:18:06', 2),
(356, 'McLaughlin', 'Jeanne', 'wkertzmann@example.org', '2021-04-07 09:18:06', '$2y$10$92IXUNpkjO0rOQ5byMi.Ye4oKoEa3Ro9llC/.og/at2.uheWG/igi', '1234567890', '2016-08-09', '633 Schmitt Harbors\nWest Lilly, NC 38644-4854', '29608 Mckenna Spring Suite 174\nNew Christianafort, MI 87509-0477', 'actif', NULL, NULL, '2021-04-07 09:18:06', '2021-04-07 09:18:06', 2),
(357, 'Johns', 'Alverta', 'jairo17@example.org', '2021-04-07 09:18:06', '$2y$10$92IXUNpkjO0rOQ5byMi.Ye4oKoEa3Ro9llC/.og/at2.uheWG/igi', '1234567890', '2014-04-12', '1902 Morar Glen Apt. 202\nSouth Isom, ID 87347', '7511 Amina Unions\nBashirianmouth, WV 59455-4855', 'actif', NULL, NULL, '2021-04-07 09:18:06', '2021-04-07 09:18:06', 2),
(358, 'Kuhn', 'Ivory', 'karley.emmerich@example.com', '2021-04-07 09:18:06', '$2y$10$92IXUNpkjO0rOQ5byMi.Ye4oKoEa3Ro9llC/.og/at2.uheWG/igi', '1234567890', '2004-02-09', '7446 Heathcote Roads\nFeeneyhaven, AR 29651', '72852 Borer Rue\nCarterview, TN 68345-4507', 'actif', NULL, NULL, '2021-04-07 09:18:06', '2021-04-07 09:18:06', 2),
(359, 'Wunsch', 'Colleen', 'jacinto14@example.org', '2021-04-07 09:18:06', '$2y$10$92IXUNpkjO0rOQ5byMi.Ye4oKoEa3Ro9llC/.og/at2.uheWG/igi', '1234567890', '2009-08-06', '3637 Zoie Crossroad Apt. 525\nHilpertside, WI 00226', '63973 Weimann Extensions\nLake Orlo, MN 37222-4124', 'ancien', NULL, NULL, '2021-04-07 09:18:06', '2021-04-07 09:18:06', 2),
(360, 'Lang', 'Taylor', 'elton.schoen@example.org', '2021-04-07 09:18:06', '$2y$10$92IXUNpkjO0rOQ5byMi.Ye4oKoEa3Ro9llC/.og/at2.uheWG/igi', '1234567890', '2018-10-21', '85821 Laury Haven Apt. 549\nHayesville, PA 97620-3925', '163 Rice Valley\nMillermouth, IA 47999', 'actif', NULL, NULL, '2021-04-07 09:18:06', '2021-04-07 09:18:06', 2),
(361, 'Miller', 'Bethel', 'libbie.predovic@example.org', '2021-04-07 09:18:06', '$2y$10$92IXUNpkjO0rOQ5byMi.Ye4oKoEa3Ro9llC/.og/at2.uheWG/igi', '1234567890', '2013-06-14', '8102 Collier Falls Suite 095\nRhiannabury, OR 36979', '38418 Purdy Land\nHaroldtown, DC 24638', 'actif', NULL, NULL, '2021-04-07 09:18:06', '2021-04-07 09:18:06', 2),
(362, 'Borer', 'Stevie', 'schulist.pinkie@example.net', '2021-04-07 09:18:06', '$2y$10$92IXUNpkjO0rOQ5byMi.Ye4oKoEa3Ro9llC/.og/at2.uheWG/igi', '1234567890', '2021-01-19', '3118 Dooley Neck\nMayerburgh, KY 56152-2268', '2816 Stokes Walk\nSouth Parker, MD 11304', 'actif', NULL, NULL, '2021-04-07 09:18:06', '2021-04-07 09:18:06', 2),
(363, 'Boyle', 'Woodrow', 'vance93@example.net', '2021-04-07 09:18:06', '$2y$10$92IXUNpkjO0rOQ5byMi.Ye4oKoEa3Ro9llC/.og/at2.uheWG/igi', '1234567890', '2011-11-08', '1485 Francesco Trail\nSouth Kennediburgh, SD 90059-6715', '93494 Vandervort Islands Apt. 879\nSchadenside, FL 98795', 'actif', NULL, NULL, '2021-04-07 09:18:06', '2021-04-07 09:18:06', 2),
(364, 'Lindgren', 'Hazel', 'balistreri.queen@example.com', '2021-04-07 09:18:06', '$2y$10$92IXUNpkjO0rOQ5byMi.Ye4oKoEa3Ro9llC/.og/at2.uheWG/igi', '1234567890', '2020-12-16', '4531 Mante Harbor Apt. 221\nNorth Lonnie, IN 74231-2324', '8274 Avery Curve Apt. 365\nGarrickburgh, CT 99352', 'actif', NULL, NULL, '2021-04-07 09:18:06', '2021-04-07 09:18:06', 2),
(365, 'Shanahan', 'Eldon', 'upton.noel@example.net', '2021-04-07 09:18:06', '$2y$10$92IXUNpkjO0rOQ5byMi.Ye4oKoEa3Ro9llC/.og/at2.uheWG/igi', '1234567890', '2011-06-30', '697 Josie Flat\nBeershire, SD 73738', '352 Swaniawski Ford\nAdamsburgh, AL 47730-7542', 'actif', NULL, NULL, '2021-04-07 09:18:06', '2021-04-07 09:18:06', 2),
(366, 'Crona', 'Milan', 'friesen.grant@example.org', '2021-04-07 09:18:06', '$2y$10$92IXUNpkjO0rOQ5byMi.Ye4oKoEa3Ro9llC/.og/at2.uheWG/igi', '1234567890', '2010-08-26', '57021 Torp Bypass Apt. 272\nSouth Ulices, MN 19525', '2551 Sydnie Junctions\nPort Tiatown, CT 47292', 'actif', NULL, NULL, '2021-04-07 09:18:06', '2021-04-07 09:18:06', 2),
(367, 'Oberbrunner', 'Tiffany', 'mdooley@example.net', '2021-04-07 09:18:06', '$2y$10$92IXUNpkjO0rOQ5byMi.Ye4oKoEa3Ro9llC/.og/at2.uheWG/igi', '1234567890', '2013-01-16', '572 Bernhard Drives\nTravonburgh, DE 93304', '475 Noble View Apt. 888\nPort Tinastad, MS 66201-3601', 'actif', NULL, NULL, '2021-04-07 09:18:06', '2021-04-07 09:18:06', 2),
(368, 'Schaefer', 'Connor', 'maryam54@example.com', '2021-04-07 09:18:06', '$2y$10$92IXUNpkjO0rOQ5byMi.Ye4oKoEa3Ro9llC/.og/at2.uheWG/igi', '1234567890', '2018-09-30', '785 Selina Orchard Apt. 063\nWest Lacy, CO 14233', '7318 Kuhlman Street\nPort Keyonchester, ME 44722', 'actif', NULL, NULL, '2021-04-07 09:18:06', '2021-04-07 09:18:06', 2),
(369, 'Morar', 'Alvena', 'maufderhar@example.com', '2021-04-07 09:18:06', '$2y$10$92IXUNpkjO0rOQ5byMi.Ye4oKoEa3Ro9llC/.og/at2.uheWG/igi', '1234567890', '2008-08-23', '739 Runolfsson Walks Suite 500\nTreymouth, HI 90572-0638', '62044 Lehner Circles Apt. 612\nPort Leonora, NE 75223-2957', 'actif', NULL, NULL, '2021-04-07 09:18:06', '2021-04-07 09:18:06', 2),
(370, 'Kirlin', 'Kennedy', 'dleannon@example.com', '2021-04-07 09:18:06', '$2y$10$92IXUNpkjO0rOQ5byMi.Ye4oKoEa3Ro9llC/.og/at2.uheWG/igi', '1234567890', '2016-09-18', '625 Deontae Burgs Apt. 107\nMyrtlebury, CA 99604-6954', '578 Landen Skyway\nLake Pietroburgh, MT 98480-7219', 'ancien', NULL, NULL, '2021-04-07 09:18:06', '2021-04-07 09:18:06', 2),
(371, 'Tremblay', 'Reyna', 'tyrell.streich@example.net', '2021-04-07 09:18:06', '$2y$10$92IXUNpkjO0rOQ5byMi.Ye4oKoEa3Ro9llC/.og/at2.uheWG/igi', '1234567890', '2003-09-07', '7937 Ankunding Corners Apt. 763\nLake Maureenborough, ID 23480', '41615 Austin Falls Suite 486\nDaishaside, OR 19130-3893', 'ancien', NULL, NULL, '2021-04-07 09:18:06', '2021-04-07 09:18:06', 2),
(372, 'Yost', 'Tony', 'hharris@example.com', '2021-04-07 09:18:06', '$2y$10$92IXUNpkjO0rOQ5byMi.Ye4oKoEa3Ro9llC/.og/at2.uheWG/igi', '1234567890', '2006-12-22', '4019 Donna Lights\nWest Budchester, NJ 64001-7975', '5669 Wava Lodge\nBruenberg, VA 30338-0779', 'actif', NULL, NULL, '2021-04-07 09:18:06', '2021-04-07 09:18:06', 2),
(373, 'Stroman', 'Theodore', 'margarette98@example.net', '2021-04-07 09:18:07', '$2y$10$92IXUNpkjO0rOQ5byMi.Ye4oKoEa3Ro9llC/.og/at2.uheWG/igi', '1234567890', '2014-12-16', '93682 Labadie Knoll\nWest Andyside, NV 27058-7858', '3074 Brenna Forge Suite 031\nSouth Waylonbury, NE 42446-1546', 'ancien', NULL, NULL, '2021-04-07 09:18:07', '2021-04-07 09:18:07', 2),
(374, 'O\'Keefe', 'Adolphus', 'clara.dach@example.com', '2021-04-07 09:18:07', '$2y$10$92IXUNpkjO0rOQ5byMi.Ye4oKoEa3Ro9llC/.og/at2.uheWG/igi', '1234567890', '2009-10-28', '524 Frami Manor Suite 025\nConnshire, LA 15521-5719', '561 Lauriane Ranch\nMayertmouth, OR 93113-3710', 'actif', NULL, NULL, '2021-04-07 09:18:07', '2021-04-07 09:18:07', 2),
(375, 'Bailey', 'Dolly', 'miracle.pagac@example.net', '2021-04-07 09:18:07', '$2y$10$92IXUNpkjO0rOQ5byMi.Ye4oKoEa3Ro9llC/.og/at2.uheWG/igi', '1234567890', '2020-06-29', '7824 Walter Mission Suite 609\nMilofurt, ND 59775', '590 Jorge Spur\nRhiannonbury, IA 72896', 'actif', NULL, NULL, '2021-04-07 09:18:07', '2021-04-07 09:18:07', 2),
(376, 'Gulgowski', 'Jermain', 'ben.schoen@example.com', '2021-04-07 09:18:07', '$2y$10$92IXUNpkjO0rOQ5byMi.Ye4oKoEa3Ro9llC/.og/at2.uheWG/igi', '1234567890', '2008-02-02', '4438 Smith Expressway\nWest Cicero, MA 25780-5929', '694 Hills Walk\nSouth Nicofort, MS 20850', 'actif', NULL, NULL, '2021-04-07 09:18:07', '2021-04-07 09:18:07', 2),
(377, 'Runolfsdottir', 'Abdul', 'kamron26@example.org', '2021-04-07 09:18:07', '$2y$10$92IXUNpkjO0rOQ5byMi.Ye4oKoEa3Ro9llC/.og/at2.uheWG/igi', '1234567890', '2003-09-28', '490 Watsica Union\nPort Saigeborough, MA 55367', '840 Stehr Lock\nNorth Glendaland, AK 29898', 'ancien', NULL, NULL, '2021-04-07 09:18:07', '2021-04-07 09:18:07', 2),
(378, 'Rempel', 'Liliane', 'iziemann@example.com', '2021-04-07 09:18:07', '$2y$10$92IXUNpkjO0rOQ5byMi.Ye4oKoEa3Ro9llC/.og/at2.uheWG/igi', '1234567890', '2004-01-05', '6771 Rutherford Glens\nWest Tianaside, PA 53759', '70248 Gusikowski Unions\nEast Juvenalfurt, OH 18766-9052', 'actif', NULL, NULL, '2021-04-07 09:18:07', '2021-04-07 09:18:07', 2),
(379, 'Botsford', 'Milford', 'sigrid.koepp@example.com', '2021-04-07 09:18:07', '$2y$10$92IXUNpkjO0rOQ5byMi.Ye4oKoEa3Ro9llC/.og/at2.uheWG/igi', '1234567890', '2005-08-23', '3669 McKenzie Cove\nWest Ricardo, RI 17214', '523 Lorine Green\nPort Abelmouth, NJ 29328', 'actif', NULL, NULL, '2021-04-07 09:18:07', '2021-04-07 09:18:07', 2),
(380, 'Schoen', 'Julianne', 'nina66@example.com', '2021-04-07 09:18:07', '$2y$10$92IXUNpkjO0rOQ5byMi.Ye4oKoEa3Ro9llC/.og/at2.uheWG/igi', '1234567890', '2012-05-30', '1123 Noemie Expressway\nNikolausborough, TX 91161', '462 Roger Shoals\nNew Katrina, CO 26047', 'actif', NULL, NULL, '2021-04-07 09:18:07', '2021-04-07 09:18:07', 2),
(381, 'Casper', 'Jameson', 'jackeline.rohan@example.net', '2021-04-07 09:18:07', '$2y$10$92IXUNpkjO0rOQ5byMi.Ye4oKoEa3Ro9llC/.og/at2.uheWG/igi', '1234567890', '2012-10-24', '51162 Ivah Flats Suite 276\nAileenmouth, DC 67036', '74712 Corrine Ramp Apt. 933\nSouth Filibertostad, CA 09598-4499', 'ancien', NULL, NULL, '2021-04-07 09:18:07', '2021-04-07 09:18:07', 2),
(382, 'Boyer', 'Johann', 'isadore28@example.org', '2021-04-07 09:18:07', '$2y$10$92IXUNpkjO0rOQ5byMi.Ye4oKoEa3Ro9llC/.og/at2.uheWG/igi', '1234567890', '2016-04-15', '714 Margarett Hollow Apt. 010\nCummeratachester, AR 04201', '17178 Javonte Circles\nCamyllefurt, OR 10779-0478', 'actif', NULL, NULL, '2021-04-07 09:18:07', '2021-04-07 09:18:07', 2),
(383, 'Sauer', 'Alfred', 'mertz.leonel@example.org', '2021-04-07 09:18:07', '$2y$10$92IXUNpkjO0rOQ5byMi.Ye4oKoEa3Ro9llC/.og/at2.uheWG/igi', '1234567890', '2006-04-03', '467 Fisher Route\nSouth Dudleymouth, ME 26321-1085', '3404 Reichel Circle\nWest Blairshire, CO 49822', 'actif', NULL, NULL, '2021-04-07 09:18:07', '2021-04-07 09:18:07', 2),
(384, 'Heidenreich', 'Zander', 'wbailey@example.org', '2021-04-07 09:18:07', '$2y$10$92IXUNpkjO0rOQ5byMi.Ye4oKoEa3Ro9llC/.og/at2.uheWG/igi', '1234567890', '2015-06-27', '8113 Arnaldo Isle Suite 321\nWuckertside, WY 66937', '5048 Bergstrom River\nUllrichmouth, WA 89385', 'actif', NULL, NULL, '2021-04-07 09:18:07', '2021-04-07 09:18:07', 2),
(385, 'Haag', 'Darian', 'ardella.nolan@example.net', '2021-04-07 09:18:07', '$2y$10$92IXUNpkjO0rOQ5byMi.Ye4oKoEa3Ro9llC/.og/at2.uheWG/igi', '1234567890', '2017-01-30', '78626 Rippin Harbors\nLake Tamara, GA 18348', '85908 O\'Kon Locks Apt. 622\nPort Tremaine, GA 70850', 'actif', NULL, NULL, '2021-04-07 09:18:07', '2021-04-07 09:18:07', 2),
(386, 'Paucek', 'Zetta', 'hhuels@example.com', '2021-04-07 09:18:07', '$2y$10$92IXUNpkjO0rOQ5byMi.Ye4oKoEa3Ro9llC/.og/at2.uheWG/igi', '1234567890', '2003-09-27', '1498 Edwin Place\nWest Chasetown, AZ 63593', '3895 Malcolm Forks\nPort Elizabeth, LA 20012-0365', 'actif', NULL, NULL, '2021-04-07 09:18:07', '2021-04-07 09:18:07', 2),
(387, 'Crist', 'Deshawn', 'bstiedemann@example.net', '2021-04-07 09:18:07', '$2y$10$92IXUNpkjO0rOQ5byMi.Ye4oKoEa3Ro9llC/.og/at2.uheWG/igi', '1234567890', '2008-10-14', '276 Denesik Brooks Suite 603\nTyreekbury, NV 06698', '895 Nicolas Springs Apt. 450\nWest Josiahmouth, DE 71677-2475', 'actif', NULL, NULL, '2021-04-07 09:18:07', '2021-04-07 09:18:07', 2),
(388, 'Hoeger', 'Letitia', 'maybelle.little@example.com', '2021-04-07 09:18:07', '$2y$10$92IXUNpkjO0rOQ5byMi.Ye4oKoEa3Ro9llC/.og/at2.uheWG/igi', '1234567890', '2005-04-12', '6728 Johnpaul Mountain\nZiememouth, MA 50784-4213', '1160 Ava Common\nKaylifurt, NJ 73027-1383', 'actif', NULL, NULL, '2021-04-07 09:18:07', '2021-04-07 09:18:07', 2),
(389, 'Lindgren', 'Asha', 'sauer.stevie@example.net', '2021-04-07 09:18:07', '$2y$10$92IXUNpkjO0rOQ5byMi.Ye4oKoEa3Ro9llC/.og/at2.uheWG/igi', '1234567890', '2005-08-18', '7638 Roel Ferry Apt. 412\nPort Providencihaven, OK 07847', '68689 Matilde Springs Apt. 283\nLake Aarontown, IL 55105-9030', 'actif', NULL, NULL, '2021-04-07 09:18:07', '2021-04-07 09:18:07', 2),
(390, 'Dooley', 'Kailey', 'mason58@example.org', '2021-04-07 09:18:07', '$2y$10$92IXUNpkjO0rOQ5byMi.Ye4oKoEa3Ro9llC/.og/at2.uheWG/igi', '1234567890', '2007-04-04', '67736 Stamm Mill Suite 956\nRoselynview, DC 25239', '1761 Quitzon Vista Apt. 695\nKundeland, UT 05078', 'actif', NULL, NULL, '2021-04-07 09:18:07', '2021-04-07 09:18:07', 2),
(391, 'Hagenes', 'Cloyd', 'rschneider@example.com', '2021-04-07 09:18:07', '$2y$10$92IXUNpkjO0rOQ5byMi.Ye4oKoEa3Ro9llC/.og/at2.uheWG/igi', '1234567890', '2017-06-07', '4154 Hyatt Row Apt. 928\nRosettastad, MO 93118-8701', '290 Prince Roads\nNew Laurianebury, MD 00622-9462', 'ancien', NULL, NULL, '2021-04-07 09:18:07', '2021-04-07 09:18:07', 2),
(392, 'Pfeffer', 'Bettie', 'swindler@example.org', '2021-04-07 09:18:07', '$2y$10$92IXUNpkjO0rOQ5byMi.Ye4oKoEa3Ro9llC/.og/at2.uheWG/igi', '1234567890', '2005-06-26', '665 Evan Spurs Apt. 289\nBreanaborough, VT 21279', '43744 Mraz Cliffs\nLynchport, NM 15409', 'actif', NULL, NULL, '2021-04-07 09:18:07', '2021-04-07 09:18:07', 2),
(393, 'O\'Hara', 'Ferne', 'lucie.harvey@example.org', '2021-04-07 09:18:07', '$2y$10$92IXUNpkjO0rOQ5byMi.Ye4oKoEa3Ro9llC/.og/at2.uheWG/igi', '1234567890', '2004-09-01', '82781 Ricardo Groves Apt. 308\nNorth Jamel, WA 08408-6347', '93495 Lakin Mount Apt. 164\nNew Humbertoland, MN 96008', 'ancien', NULL, NULL, '2021-04-07 09:18:07', '2021-04-07 09:18:07', 2),
(394, 'Smith', 'Melyna', 'dickinson.modesto@example.org', '2021-04-07 09:18:07', '$2y$10$92IXUNpkjO0rOQ5byMi.Ye4oKoEa3Ro9llC/.og/at2.uheWG/igi', '1234567890', '2016-02-18', '984 Ferne Groves\nNorth Nathenchester, VT 82838-8545', '1076 Crooks Passage\nEast Willberg, KS 36496', 'actif', NULL, NULL, '2021-04-07 09:18:07', '2021-04-07 09:18:07', 2),
(395, 'Romaguera', 'Brionna', 'ankunding.mariam@example.net', '2021-04-07 09:18:07', '$2y$10$92IXUNpkjO0rOQ5byMi.Ye4oKoEa3Ro9llC/.og/at2.uheWG/igi', '1234567890', '2008-12-17', '889 Carter Freeway Suite 306\nNew Alyshabury, MA 91587', '72984 VonRueden Meadows\nSouth Moseshaven, NJ 45335-0992', 'actif', NULL, NULL, '2021-04-07 09:18:07', '2021-04-07 09:18:07', 2),
(396, 'Nolan', 'Alanna', 'felipa86@example.com', '2021-04-07 09:18:07', '$2y$10$92IXUNpkjO0rOQ5byMi.Ye4oKoEa3Ro9llC/.og/at2.uheWG/igi', '1234567890', '2006-05-03', '610 Jany Ford Apt. 596\nReubenmouth, ME 28185-3902', '53379 Bednar Drives\nNorth Major, TN 57991-5780', 'ancien', NULL, NULL, '2021-04-07 09:18:07', '2021-04-07 09:18:07', 2),
(397, 'O\'Conner', 'Rebeca', 'joanne66@example.org', '2021-04-07 09:18:07', '$2y$10$92IXUNpkjO0rOQ5byMi.Ye4oKoEa3Ro9llC/.og/at2.uheWG/igi', '1234567890', '2021-03-06', '2014 Eileen Green Apt. 373\nPort Jewellstad, GA 78346', '23308 Ondricka Radial\nHandberg, VT 72371-6572', 'actif', NULL, NULL, '2021-04-07 09:18:07', '2021-04-07 09:18:07', 2),
(398, 'Legros', 'Francis', 'russell90@example.com', '2021-04-07 09:18:07', '$2y$10$92IXUNpkjO0rOQ5byMi.Ye4oKoEa3Ro9llC/.og/at2.uheWG/igi', '1234567890', '2010-07-14', '1050 Thiel Station\nNorth Herthaburgh, NE 39701-4760', '3026 Lang Square\nWest Nella, MD 39532', 'actif', NULL, NULL, '2021-04-07 09:18:07', '2021-04-07 09:18:07', 2),
(399, 'Adams', 'Gail', 'eileen39@example.org', '2021-04-07 09:18:07', '$2y$10$92IXUNpkjO0rOQ5byMi.Ye4oKoEa3Ro9llC/.og/at2.uheWG/igi', '1234567890', '2016-12-27', '4578 Hermiston Flat Apt. 610\nEloisemouth, MA 78451-8780', '36004 Gibson Station Apt. 469\nNorth Rashawnshire, SC 81741', 'actif', NULL, NULL, '2021-04-07 09:18:07', '2021-04-07 09:18:07', 2),
(400, 'Wolf', 'Palma', 'zvandervort@example.org', '2021-04-07 09:18:07', '$2y$10$92IXUNpkjO0rOQ5byMi.Ye4oKoEa3Ro9llC/.og/at2.uheWG/igi', '1234567890', '2012-03-21', '3599 Ferry Skyway Suite 522\nWest Arturoside, MT 86742', '9752 Robbie Port\nNew Jadeberg, AK 68316', 'actif', NULL, NULL, '2021-04-07 09:18:07', '2021-04-07 09:18:07', 2),
(401, 'Mann', 'Spencer', 'bbarton@example.com', '2021-04-07 09:18:07', '$2y$10$92IXUNpkjO0rOQ5byMi.Ye4oKoEa3Ro9llC/.og/at2.uheWG/igi', '1234567890', '2009-01-14', '72768 Nolan Orchard Suite 576\nCollinsburgh, CT 75341', '616 Gleason Pass\nMadelinehaven, DC 33919', 'actif', NULL, NULL, '2021-04-07 09:18:07', '2021-04-07 09:18:07', 2),
(402, 'Reinger', 'Benjamin', 'maia57@example.org', '2021-04-07 09:18:07', '$2y$10$92IXUNpkjO0rOQ5byMi.Ye4oKoEa3Ro9llC/.og/at2.uheWG/igi', '1234567890', '2014-09-28', '439 Kiehn Squares\nEast Zackerytown, MS 72371', '524 Stiedemann Crossing Apt. 944\nSchusterfort, MD 49818-7341', 'actif', NULL, NULL, '2021-04-07 09:18:07', '2021-04-07 09:18:07', 2),
(403, 'Von', 'Demond', 'prudence.lockman@example.com', '2021-04-07 09:18:07', '$2y$10$92IXUNpkjO0rOQ5byMi.Ye4oKoEa3Ro9llC/.og/at2.uheWG/igi', '1234567890', '2008-11-17', '15025 Fatima Drives\nNorth Zackeryville, IL 61112-5481', '320 Schneider Ranch Suite 149\nCameronside, IN 36290-9751', 'ancien', NULL, NULL, '2021-04-07 09:18:07', '2021-04-07 09:18:07', 2),
(404, 'Gottlieb', 'Jalon', 'toy.lue@example.com', '2021-04-07 09:18:07', '$2y$10$92IXUNpkjO0rOQ5byMi.Ye4oKoEa3Ro9llC/.og/at2.uheWG/igi', '1234567890', '2012-02-11', '1184 Godfrey Views\nOthoberg, IN 33632-3358', '407 Mckayla Grove\nTrompborough, NM 99120', 'actif', NULL, NULL, '2021-04-07 09:18:07', '2021-04-07 09:18:07', 2),
(405, 'Windler', 'Garret', 'satterfield.verona@example.net', '2021-04-07 09:18:07', '$2y$10$92IXUNpkjO0rOQ5byMi.Ye4oKoEa3Ro9llC/.og/at2.uheWG/igi', '1234567890', '2015-03-16', '7273 Marina Lodge Suite 937\nGoyettetown, CT 02262', '361 Schinner Radial Apt. 286\nEast Arden, NV 13801', 'actif', NULL, NULL, '2021-04-07 09:18:07', '2021-04-07 09:18:07', 2),
(406, 'Zemlak', 'Domenico', 'howe.ricky@example.net', '2021-04-07 09:18:07', '$2y$10$92IXUNpkjO0rOQ5byMi.Ye4oKoEa3Ro9llC/.og/at2.uheWG/igi', '1234567890', '2008-07-20', '690 Gertrude Hollow\nVancebury, MI 79922-3062', '294 Aubrey Mills\nSchummtown, ND 93145-2051', 'actif', NULL, NULL, '2021-04-07 09:18:07', '2021-04-07 09:18:07', 2),
(407, 'Lynch', 'Julian', 'hilton94@example.org', '2021-04-07 09:18:07', '$2y$10$92IXUNpkjO0rOQ5byMi.Ye4oKoEa3Ro9llC/.og/at2.uheWG/igi', '1234567890', '2005-01-04', '41569 Wiza Landing\nEast Burdetteberg, NE 43955', '7248 Chaya Creek Apt. 631\nKoelpinberg, WV 14814-1333', 'actif', NULL, NULL, '2021-04-07 09:18:07', '2021-04-07 09:18:07', 2),
(408, 'Goldner', 'Kenton', 'kayden.fisher@example.org', '2021-04-07 09:18:08', '$2y$10$92IXUNpkjO0rOQ5byMi.Ye4oKoEa3Ro9llC/.og/at2.uheWG/igi', '1234567890', '2017-09-25', '88684 Trevion Spurs Apt. 566\nNikoport, MI 95657-8776', '3116 Ronny Key\nSchulistport, DC 37247-9134', 'ancien', NULL, NULL, '2021-04-07 09:18:08', '2021-04-07 09:18:08', 2),
(409, 'Grant', 'Lindsay', 'katelynn.hermiston@example.com', '2021-04-07 09:18:08', '$2y$10$92IXUNpkjO0rOQ5byMi.Ye4oKoEa3Ro9llC/.og/at2.uheWG/igi', '1234567890', '2013-05-22', '603 Oceane Heights Suite 445\nNew Eduardo, UT 29756-9832', '336 Daugherty Harbors\nHarveyfort, GA 43421', 'actif', NULL, NULL, '2021-04-07 09:18:08', '2021-04-07 09:18:08', 2),
(410, 'Bosco', 'Nick', 'ebecker@example.net', '2021-04-07 09:18:08', '$2y$10$92IXUNpkjO0rOQ5byMi.Ye4oKoEa3Ro9llC/.og/at2.uheWG/igi', '1234567890', '2015-11-14', '318 Schoen Rapid Apt. 423\nSipesstad, ID 40906', '62667 Mueller Loop Apt. 625\nNorth Agnesmouth, ID 30300-8969', 'actif', NULL, NULL, '2021-04-07 09:18:08', '2021-04-07 09:18:08', 2),
(411, 'McClure', 'Presley', 'rsimonis@example.org', '2021-04-07 09:18:08', '$2y$10$92IXUNpkjO0rOQ5byMi.Ye4oKoEa3Ro9llC/.og/at2.uheWG/igi', '1234567890', '2014-07-04', '83202 Juliet Curve\nEmmerichbury, GA 89158', '67386 Bergstrom Inlet\nIdellmouth, OK 82228', 'actif', NULL, NULL, '2021-04-07 09:18:08', '2021-04-07 09:18:08', 2),
(412, 'Dicki', 'Arjun', 'yhickle@example.org', '2021-04-07 09:18:08', '$2y$10$92IXUNpkjO0rOQ5byMi.Ye4oKoEa3Ro9llC/.og/at2.uheWG/igi', '1234567890', '2010-08-02', '3562 Nicholaus Manors\nWest Darenside, AZ 59847-2389', '549 Quitzon Pine Suite 773\nO\'Connerhaven, AZ 09537-6911', 'ancien', NULL, NULL, '2021-04-07 09:18:08', '2021-04-07 09:18:08', 2),
(413, 'Muller', 'Demario', 'luther31@example.org', '2021-04-07 09:18:08', '$2y$10$92IXUNpkjO0rOQ5byMi.Ye4oKoEa3Ro9llC/.og/at2.uheWG/igi', '1234567890', '2017-04-30', '95062 Strosin Hills\nNorth Michele, WI 14106-4301', '25292 Schulist Canyon\nNorth Nola, RI 33844', 'actif', NULL, NULL, '2021-04-07 09:18:08', '2021-04-07 09:18:08', 2),
(414, 'Boyer', 'Jazmin', 'wgoldner@example.com', '2021-04-07 09:18:08', '$2y$10$92IXUNpkjO0rOQ5byMi.Ye4oKoEa3Ro9llC/.og/at2.uheWG/igi', '1234567890', '2020-06-12', '8440 Kelvin Stravenue Apt. 369\nEast Esperanza, TN 87863', '750 Pouros Street\nSanfordmouth, WV 67824-1241', 'ancien', NULL, NULL, '2021-04-07 09:18:08', '2021-04-07 09:18:08', 2),
(415, 'Kunze', 'Kathleen', 'cora.upton@example.com', '2021-04-07 09:18:08', '$2y$10$92IXUNpkjO0rOQ5byMi.Ye4oKoEa3Ro9llC/.og/at2.uheWG/igi', '1234567890', '2010-03-20', '4880 Kilback Forest Suite 422\nEast Amosville, MD 69575-9962', '1469 Terrence Coves Suite 577\nSouth Karabury, UT 34009', 'actif', NULL, NULL, '2021-04-07 09:18:08', '2021-04-07 09:18:08', 2),
(416, 'Bogisich', 'Daisy', 'tstreich@example.net', '2021-04-07 09:18:08', '$2y$10$92IXUNpkjO0rOQ5byMi.Ye4oKoEa3Ro9llC/.og/at2.uheWG/igi', '1234567890', '2002-10-24', '461 Keeley Village\nLake Valerie, NJ 23664', '117 June Forge\nLake Aliyafurt, NC 97385', 'actif', NULL, NULL, '2021-04-07 09:18:08', '2021-04-07 09:18:08', 2),
(417, 'Kuhic', 'Patience', 'oberbrunner.brielle@example.com', '2021-04-07 09:18:08', '$2y$10$92IXUNpkjO0rOQ5byMi.Ye4oKoEa3Ro9llC/.og/at2.uheWG/igi', '1234567890', '2021-02-03', '3643 Ebony Burgs\nWuckertberg, ID 32542-2968', '181 Rau Mill Suite 510\nLake Wilfredo, IN 28132-9333', 'actif', NULL, NULL, '2021-04-07 09:18:08', '2021-04-07 09:18:08', 2),
(418, 'Casper', 'Anissa', 'fahey.lempi@example.org', '2021-04-07 09:18:08', '$2y$10$92IXUNpkjO0rOQ5byMi.Ye4oKoEa3Ro9llC/.og/at2.uheWG/igi', '1234567890', '2009-10-16', '7277 Myra Inlet\nGottliebhaven, DC 22579', '24305 Grayce Mountain\nPort Martinehaven, MI 53850', 'ancien', NULL, NULL, '2021-04-07 09:18:08', '2021-04-07 09:18:08', 2),
(419, 'Pagac', 'Muriel', 'xschmeler@example.net', '2021-04-07 09:18:08', '$2y$10$92IXUNpkjO0rOQ5byMi.Ye4oKoEa3Ro9llC/.og/at2.uheWG/igi', '1234567890', '2003-08-29', '133 Watsica Crest\nArnemouth, ID 92816', '43607 Zemlak Passage Suite 699\nJarvisfort, CO 17545', 'actif', NULL, NULL, '2021-04-07 09:18:08', '2021-04-07 09:18:08', 2),
(420, 'Hyatt', 'Lea', 'lhoeger@example.org', '2021-04-07 09:18:08', '$2y$10$92IXUNpkjO0rOQ5byMi.Ye4oKoEa3Ro9llC/.og/at2.uheWG/igi', '1234567890', '2012-10-07', '16508 Gaylord Brooks\nRunolfsdottirmouth, KS 42501', '4637 Connelly Crossing Suite 861\nTromptown, VA 68876-4050', 'ancien', NULL, NULL, '2021-04-07 09:18:08', '2021-04-07 09:18:08', 2),
(421, 'Hudson', 'Khalid', 'pietro46@example.net', '2021-04-07 09:18:08', '$2y$10$92IXUNpkjO0rOQ5byMi.Ye4oKoEa3Ro9llC/.og/at2.uheWG/igi', '1234567890', '2005-02-11', '22883 Corene Walk\nLake Elmerstad, KY 76251-7813', '537 Boyer Green Apt. 113\nCristalland, MA 01880-3848', 'actif', NULL, NULL, '2021-04-07 09:18:08', '2021-04-07 09:18:08', 2),
(422, 'Kutch', 'Alfred', 'lottie25@example.net', '2021-04-07 09:18:08', '$2y$10$92IXUNpkjO0rOQ5byMi.Ye4oKoEa3Ro9llC/.og/at2.uheWG/igi', '1234567890', '2011-05-20', '434 Jerde Prairie\nWest Savannah, AL 23257', '303 Turner Keys\nGerholdbury, IA 37876', 'actif', NULL, NULL, '2021-04-07 09:18:08', '2021-04-07 09:18:08', 2),
(423, 'Boyle', 'Margret', 'wehner.kayden@example.com', '2021-04-07 09:18:08', '$2y$10$92IXUNpkjO0rOQ5byMi.Ye4oKoEa3Ro9llC/.og/at2.uheWG/igi', '1234567890', '2009-08-03', '8579 Beverly Creek Suite 624\nKeelingtown, PA 78968-0374', '6291 Hickle Row Apt. 292\nStokesberg, NC 60635', 'actif', NULL, NULL, '2021-04-07 09:18:08', '2021-04-07 09:18:08', 2),
(424, 'Powlowski', 'Kaelyn', 'marvin.ross@example.net', '2021-04-07 09:18:08', '$2y$10$92IXUNpkjO0rOQ5byMi.Ye4oKoEa3Ro9llC/.og/at2.uheWG/igi', '1234567890', '2001-11-21', '78940 Sanford Mission\nElroyfort, MO 63816', '992 Aliya Garden\nNellaburgh, VA 51728-9034', 'ancien', NULL, NULL, '2021-04-07 09:18:08', '2021-04-07 09:18:08', 2),
(425, 'Waelchi', 'Isabella', 'wrenner@example.net', '2021-04-07 09:18:08', '$2y$10$92IXUNpkjO0rOQ5byMi.Ye4oKoEa3Ro9llC/.og/at2.uheWG/igi', '1234567890', '2003-06-16', '74908 Daniela Fork\nLake Juanamouth, NC 60945', '52188 Ford Tunnel Suite 899\nQuinnmouth, VT 58870', 'actif', NULL, NULL, '2021-04-07 09:18:08', '2021-04-07 09:18:08', 2),
(426, 'McGlynn', 'Estell', 'nbahringer@example.com', '2021-04-07 09:18:08', '$2y$10$92IXUNpkjO0rOQ5byMi.Ye4oKoEa3Ro9llC/.og/at2.uheWG/igi', '1234567890', '2010-12-23', '9310 Treutel Plains\nFerrymouth, WV 28708', '647 Keon Crest\nDominiquemouth, CT 20350-8091', 'actif', NULL, NULL, '2021-04-07 09:18:08', '2021-04-07 09:18:08', 2),
(427, 'Kuhlman', 'Don', 'greenfelder.harold@example.com', '2021-04-07 09:18:08', '$2y$10$92IXUNpkjO0rOQ5byMi.Ye4oKoEa3Ro9llC/.og/at2.uheWG/igi', '1234567890', '2006-11-15', '64494 Kling Park\nSouth Jermainton, NE 14183', '628 Moses Plains Apt. 731\nSabrinamouth, OK 51519-6554', 'actif', NULL, NULL, '2021-04-07 09:18:08', '2021-04-07 09:18:08', 2),
(428, 'Hills', 'Tatyana', 'emmalee.okeefe@example.org', '2021-04-07 09:18:08', '$2y$10$92IXUNpkjO0rOQ5byMi.Ye4oKoEa3Ro9llC/.og/at2.uheWG/igi', '1234567890', '2012-04-09', '9787 Sterling Wells\nNorth Reynaburgh, MT 92183-5649', '1804 Karina Lights Apt. 520\nCoralietown, NJ 02065-4518', 'actif', NULL, NULL, '2021-04-07 09:18:08', '2021-04-07 09:18:08', 2),
(429, 'O\'Kon', 'Aliyah', 'runte.isaiah@example.com', '2021-04-07 09:18:08', '$2y$10$92IXUNpkjO0rOQ5byMi.Ye4oKoEa3Ro9llC/.og/at2.uheWG/igi', '1234567890', '2017-11-24', '48267 Hodkiewicz Fords\nKuvalisport, HI 55918', '746 Sanford Parkway Suite 366\nPeytonshire, MA 88421-4084', 'actif', NULL, NULL, '2021-04-07 09:18:08', '2021-04-07 09:18:08', 2),
(430, 'Bayer', 'Erica', 'ndietrich@example.com', '2021-04-07 09:18:08', '$2y$10$92IXUNpkjO0rOQ5byMi.Ye4oKoEa3Ro9llC/.og/at2.uheWG/igi', '1234567890', '2003-02-18', '67498 Lowe Divide Apt. 153\nDestineymouth, MT 36148', '460 Hamill Mews Apt. 324\nSpencerchester, WA 48306', 'ancien', NULL, NULL, '2021-04-07 09:18:08', '2021-04-07 09:18:08', 2),
(431, 'Walter', 'Gayle', 'ydare@example.org', '2021-04-07 09:18:08', '$2y$10$92IXUNpkjO0rOQ5byMi.Ye4oKoEa3Ro9llC/.og/at2.uheWG/igi', '1234567890', '2020-06-09', '76290 Kshlerin Stream Suite 553\nBertchester, CT 37605-6911', '20443 Jacobi Locks\nPort Earnest, NH 87172', 'actif', NULL, NULL, '2021-04-07 09:18:08', '2021-04-07 09:18:08', 2),
(432, 'Wolff', 'Larissa', 'jaylen81@example.net', '2021-04-07 09:18:08', '$2y$10$92IXUNpkjO0rOQ5byMi.Ye4oKoEa3Ro9llC/.og/at2.uheWG/igi', '1234567890', '2008-02-21', '5969 Von Freeway\nVickyfurt, WI 30578-1886', '546 Mayert Avenue\nSouth Laurie, NM 12340', 'ancien', NULL, NULL, '2021-04-07 09:18:08', '2021-04-07 09:18:08', 2),
(433, 'Lynch', 'Nathen', 'schowalter.mavis@example.com', '2021-04-07 09:18:08', '$2y$10$92IXUNpkjO0rOQ5byMi.Ye4oKoEa3Ro9llC/.og/at2.uheWG/igi', '1234567890', '2002-04-26', '889 Matteo Crescent Suite 612\nHintzborough, DC 83414', '250 O\'Keefe Valleys\nSouth Loganmouth, IL 39885', 'actif', NULL, NULL, '2021-04-07 09:18:08', '2021-04-07 09:18:08', 2),
(434, 'Conroy', 'Timothy', 'daniel.marcellus@example.com', '2021-04-07 09:18:08', '$2y$10$92IXUNpkjO0rOQ5byMi.Ye4oKoEa3Ro9llC/.og/at2.uheWG/igi', '1234567890', '2001-05-23', '4126 Schroeder Place Suite 735\nAuroremouth, WY 10634-4547', '99159 Annette Meadows\nSouth Asia, CA 72877', 'ancien', NULL, NULL, '2021-04-07 09:18:08', '2021-04-07 09:18:08', 2);
INSERT INTO `cactus_etudiants` (`id`, `nom`, `prenom`, `email`, `email_verified_at`, `password`, `cin`, `date_naissance`, `lieu_naissance`, `adresse`, `status`, `photo`, `remember_token`, `created_at`, `updated_at`, `parcours_id`) VALUES
(435, 'Baumbach', 'Terry', 'torey.stanton@example.com', '2021-04-07 09:18:08', '$2y$10$92IXUNpkjO0rOQ5byMi.Ye4oKoEa3Ro9llC/.og/at2.uheWG/igi', '1234567890', '2015-06-30', '15389 Zboncak Course\nLeonelstad, NV 66539', '30822 Sonya Rest Apt. 092\nSchmidtchester, DE 73037', 'actif', NULL, NULL, '2021-04-07 09:18:08', '2021-04-07 09:18:08', 2),
(436, 'Homenick', 'Henderson', 'spinka.misael@example.org', '2021-04-07 09:18:08', '$2y$10$92IXUNpkjO0rOQ5byMi.Ye4oKoEa3Ro9llC/.og/at2.uheWG/igi', '1234567890', '2012-07-30', '98374 Korbin Summit Suite 173\nAnyafort, AR 04903', '525 Amiya Plaza\nHodkiewiczstad, LA 11219', 'actif', NULL, NULL, '2021-04-07 09:18:08', '2021-04-07 09:18:08', 2),
(437, 'Doyle', 'Jennie', 'adrian.schumm@example.com', '2021-04-07 09:18:08', '$2y$10$92IXUNpkjO0rOQ5byMi.Ye4oKoEa3Ro9llC/.og/at2.uheWG/igi', '1234567890', '2012-05-23', '7129 Moises Loop\nEast Zoiefort, WV 33498-1111', '837 Roberta Place\nWest Melvinchester, KS 17295-4550', 'actif', NULL, NULL, '2021-04-07 09:18:08', '2021-04-07 09:18:08', 2),
(438, 'Hackett', 'Jakob', 'kozey.katheryn@example.com', '2021-04-07 09:18:08', '$2y$10$92IXUNpkjO0rOQ5byMi.Ye4oKoEa3Ro9llC/.og/at2.uheWG/igi', '1234567890', '2007-06-08', '827 Naomi Crest Suite 841\nPort Cindyview, TN 87431', '1579 Kerluke Valleys\nLake Josh, WI 51186', 'actif', NULL, NULL, '2021-04-07 09:18:08', '2021-04-07 09:18:08', 2),
(439, 'Ankunding', 'Bessie', 'kelly.stanton@example.org', '2021-04-07 09:18:09', '$2y$10$92IXUNpkjO0rOQ5byMi.Ye4oKoEa3Ro9llC/.og/at2.uheWG/igi', '1234567890', '2012-09-04', '6438 Conn Crest\nNorth Gerhardmouth, TX 24407', '2786 Liliana Points Suite 846\nLake Loganberg, KS 10410', 'actif', NULL, NULL, '2021-04-07 09:18:09', '2021-04-07 09:18:09', 2),
(440, 'Dicki', 'Adalberto', 'ines84@example.com', '2021-04-07 09:18:09', '$2y$10$92IXUNpkjO0rOQ5byMi.Ye4oKoEa3Ro9llC/.og/at2.uheWG/igi', '1234567890', '2017-02-26', '81173 Vincenza Heights Apt. 680\nDannieton, NH 45481', '7464 Webster Gardens Apt. 975\nNew Craighaven, WV 93932', 'actif', NULL, NULL, '2021-04-07 09:18:09', '2021-04-07 09:18:09', 2),
(441, 'Casper', 'Hilbert', 'broderick22@example.org', '2021-04-07 09:18:09', '$2y$10$92IXUNpkjO0rOQ5byMi.Ye4oKoEa3Ro9llC/.og/at2.uheWG/igi', '1234567890', '2011-05-23', '77954 Angelita Ford Suite 487\nTrompport, WY 30191', '1510 Kutch Court Suite 247\nPort Melvin, PA 92062', 'ancien', NULL, NULL, '2021-04-07 09:18:09', '2021-04-07 09:18:09', 2),
(442, 'Hill', 'Eliane', 'runte.elmo@example.com', '2021-04-07 09:18:09', '$2y$10$92IXUNpkjO0rOQ5byMi.Ye4oKoEa3Ro9llC/.og/at2.uheWG/igi', '1234567890', '2019-08-25', '89678 Price Fort Apt. 708\nWest Justynmouth, ID 20705-9622', '482 Lilian Burg Apt. 826\nVonRuedenside, MN 67708', 'ancien', NULL, NULL, '2021-04-07 09:18:09', '2021-04-07 09:18:09', 2),
(443, 'Greenfelder', 'Owen', 'cummings.kadin@example.org', '2021-04-07 09:18:09', '$2y$10$92IXUNpkjO0rOQ5byMi.Ye4oKoEa3Ro9llC/.og/at2.uheWG/igi', '1234567890', '2006-01-04', '28811 Raymundo Route Suite 892\nSouth Frederic, DC 73909-7344', '842 Bettye Circles Suite 473\nJakubowskifort, DC 81011-8047', 'actif', NULL, NULL, '2021-04-07 09:18:09', '2021-04-07 09:18:09', 2),
(444, 'Russel', 'Johnnie', 'vandervort.larue@example.com', '2021-04-07 09:18:09', '$2y$10$92IXUNpkjO0rOQ5byMi.Ye4oKoEa3Ro9llC/.og/at2.uheWG/igi', '1234567890', '2014-04-19', '6387 Maggio Isle Apt. 364\nNew Arianefurt, AZ 22907-8150', '6525 Valentin Throughway\nLake Estrella, MA 89707-0357', 'actif', NULL, NULL, '2021-04-07 09:18:09', '2021-04-07 09:18:09', 2),
(445, 'Lind', 'Elian', 'polly76@example.org', '2021-04-07 09:18:09', '$2y$10$92IXUNpkjO0rOQ5byMi.Ye4oKoEa3Ro9llC/.og/at2.uheWG/igi', '1234567890', '2015-12-28', '37637 Jakubowski Inlet\nSouth Dellville, CA 32115', '63352 Manuel Forge Suite 924\nWest Jaylenstad, ME 55232', 'actif', NULL, NULL, '2021-04-07 09:18:09', '2021-04-07 09:18:09', 2),
(446, 'Hagenes', 'Stewart', 'btowne@example.org', '2021-04-07 09:18:09', '$2y$10$92IXUNpkjO0rOQ5byMi.Ye4oKoEa3Ro9llC/.og/at2.uheWG/igi', '1234567890', '2013-07-20', '982 Chad Overpass\nLake Vincenzaton, TN 82172', '6127 Perry Mission\nNorth Ulices, TN 39400', 'ancien', NULL, NULL, '2021-04-07 09:18:09', '2021-04-07 09:18:09', 2),
(447, 'Koepp', 'Odessa', 'schmidt.aurelia@example.org', '2021-04-07 09:18:09', '$2y$10$92IXUNpkjO0rOQ5byMi.Ye4oKoEa3Ro9llC/.og/at2.uheWG/igi', '1234567890', '2008-02-18', '853 Jast Station Suite 610\nQuentintown, AR 49906-5792', '6388 Jovan Crescent\nHoytville, DC 28204', 'actif', NULL, NULL, '2021-04-07 09:18:09', '2021-04-07 09:18:09', 2),
(448, 'Ebert', 'Darius', 'hailie.mosciski@example.net', '2021-04-07 09:18:09', '$2y$10$92IXUNpkjO0rOQ5byMi.Ye4oKoEa3Ro9llC/.og/at2.uheWG/igi', '1234567890', '2016-06-06', '520 Reymundo Loop\nDomingoside, WY 33533-0381', '595 Carter Crest Suite 376\nEast Scot, NH 25440', 'actif', NULL, NULL, '2021-04-07 09:18:09', '2021-04-07 09:18:09', 2),
(449, 'Strosin', 'Luisa', 'pat94@example.net', '2021-04-07 09:18:09', '$2y$10$92IXUNpkjO0rOQ5byMi.Ye4oKoEa3Ro9llC/.og/at2.uheWG/igi', '1234567890', '2005-07-20', '75626 Conn Shoal\nEliton, MO 77801-4644', '13653 Kristopher Lake\nWest Jorgechester, DE 28860', 'ancien', NULL, NULL, '2021-04-07 09:18:09', '2021-04-07 09:18:09', 2),
(450, 'Trantow', 'Sophie', 'renner.timmy@example.net', '2021-04-07 09:18:09', '$2y$10$92IXUNpkjO0rOQ5byMi.Ye4oKoEa3Ro9llC/.og/at2.uheWG/igi', '1234567890', '2003-03-20', '686 Dicki Fords Suite 444\nNorth Svenburgh, NY 33965-7878', '7551 Olin Center\nMarquardtfurt, OK 56495-8028', 'actif', NULL, NULL, '2021-04-07 09:18:09', '2021-04-07 09:18:09', 2),
(451, 'Braun', 'Lola', 'kendall77@example.net', '2021-04-07 09:18:09', '$2y$10$92IXUNpkjO0rOQ5byMi.Ye4oKoEa3Ro9llC/.og/at2.uheWG/igi', '1234567890', '2012-08-31', '76175 Marc Lane\nLake Jaronberg, AR 53402-8212', '10028 Madisyn Ways Suite 160\nLake Kanemouth, MI 07786-7982', 'actif', NULL, NULL, '2021-04-07 09:18:09', '2021-04-07 09:18:09', 2),
(452, 'Jacobi', 'Maverick', 'lauretta87@example.net', '2021-04-07 09:18:09', '$2y$10$92IXUNpkjO0rOQ5byMi.Ye4oKoEa3Ro9llC/.og/at2.uheWG/igi', '1234567890', '2019-12-08', '253 Earline Locks Suite 314\nChamplintown, NY 98002', '7504 Kihn Extension Apt. 591\nWest Carolinachester, HI 45766-9185', 'actif', NULL, NULL, '2021-04-07 09:18:09', '2021-04-07 09:18:09', 2),
(453, 'Tremblay', 'Roxane', 'ziemann.vida@example.org', '2021-04-07 09:18:09', '$2y$10$92IXUNpkjO0rOQ5byMi.Ye4oKoEa3Ro9llC/.og/at2.uheWG/igi', '1234567890', '2018-02-04', '45082 Johns Walks\nEmmanuelleland, GA 28112', '1552 King Greens\nBeierbury, IA 38510-1989', 'actif', NULL, NULL, '2021-04-07 09:18:09', '2021-04-07 09:18:09', 2),
(454, 'Schamberger', 'Marilyne', 'ondricka.elias@example.org', '2021-04-07 09:18:09', '$2y$10$92IXUNpkjO0rOQ5byMi.Ye4oKoEa3Ro9llC/.og/at2.uheWG/igi', '1234567890', '2011-10-28', '45023 Corkery Land\nLake Addisonland, NH 18254', '42234 Kasandra Cove\nWeberstad, MI 97691-0575', 'actif', NULL, NULL, '2021-04-07 09:18:09', '2021-04-07 09:18:09', 2),
(455, 'Mohr', 'Sandra', 'alta.watsica@example.net', '2021-04-07 09:18:09', '$2y$10$92IXUNpkjO0rOQ5byMi.Ye4oKoEa3Ro9llC/.og/at2.uheWG/igi', '1234567890', '2012-02-22', '12935 Marcellus Cove\nLake Elinoremouth, NH 92943', '876 Kassulke Avenue Suite 547\nErnafort, OR 04745-1382', 'actif', NULL, NULL, '2021-04-07 09:18:09', '2021-04-07 09:18:09', 2),
(456, 'Medhurst', 'Oral', 'borer.matilda@example.org', '2021-04-07 09:18:09', '$2y$10$92IXUNpkjO0rOQ5byMi.Ye4oKoEa3Ro9llC/.og/at2.uheWG/igi', '1234567890', '2016-02-25', '800 Evie Station Suite 277\nWest Ninaton, NM 64698', '402 Ahmad Islands Apt. 353\nWest Dewittchester, MO 57181', 'actif', NULL, NULL, '2021-04-07 09:18:09', '2021-04-07 09:18:09', 2),
(457, 'Emard', 'Zachariah', 'kailyn.adams@example.net', '2021-04-07 09:18:09', '$2y$10$92IXUNpkjO0rOQ5byMi.Ye4oKoEa3Ro9llC/.og/at2.uheWG/igi', '1234567890', '2018-06-26', '835 Bernhard Station\nPort Alisha, OH 58987-7750', '8153 Sallie Village\nNorth Rosettatown, CA 56282', 'actif', NULL, NULL, '2021-04-07 09:18:09', '2021-04-07 09:18:09', 2),
(458, 'Mitchell', 'Ivy', 'kristina.olson@example.com', '2021-04-07 09:18:09', '$2y$10$92IXUNpkjO0rOQ5byMi.Ye4oKoEa3Ro9llC/.og/at2.uheWG/igi', '1234567890', '2019-02-17', '2677 Skye Square\nMatteoport, OH 14579-4629', '380 Salma Orchard\nBretburgh, NJ 70628-1386', 'actif', NULL, NULL, '2021-04-07 09:18:09', '2021-04-07 09:18:09', 2),
(459, 'Hahn', 'Melisa', 'ipacocha@example.net', '2021-04-07 09:18:09', '$2y$10$92IXUNpkjO0rOQ5byMi.Ye4oKoEa3Ro9llC/.og/at2.uheWG/igi', '1234567890', '2006-04-25', '6140 Randall Dale\nMantechester, AK 49730-7436', '9946 Dena Crescent\nSouth Tomas, AR 90093', 'actif', NULL, NULL, '2021-04-07 09:18:09', '2021-04-07 09:18:09', 2),
(460, 'Yundt', 'Kraig', 'wolff.pascale@example.org', '2021-04-07 09:18:09', '$2y$10$92IXUNpkjO0rOQ5byMi.Ye4oKoEa3Ro9llC/.og/at2.uheWG/igi', '1234567890', '2003-09-18', '4498 Fahey River Apt. 061\nStreichburgh, NV 10202-7407', '60964 Zelda Point\nMcKenzieburgh, WV 27328', 'actif', NULL, NULL, '2021-04-07 09:18:09', '2021-04-07 09:18:09', 2),
(461, 'Goodwin', 'Ines', 'nova.bartoletti@example.org', '2021-04-07 09:18:09', '$2y$10$92IXUNpkjO0rOQ5byMi.Ye4oKoEa3Ro9llC/.og/at2.uheWG/igi', '1234567890', '2018-07-23', '4756 Kertzmann Forest\nHaileyburgh, MA 97885', '957 Morissette Path Apt. 991\nSouth Osvaldoshire, WA 36843', 'actif', NULL, NULL, '2021-04-07 09:18:09', '2021-04-07 09:18:09', 2),
(462, 'Corwin', 'Reed', 'rveum@example.com', '2021-04-07 09:18:09', '$2y$10$92IXUNpkjO0rOQ5byMi.Ye4oKoEa3Ro9llC/.og/at2.uheWG/igi', '1234567890', '2005-11-09', '57935 Paucek Island\nNorth Winifred, HI 98657', '4911 O\'Conner Ways Suite 862\nElmochester, SC 32412', 'actif', NULL, NULL, '2021-04-07 09:18:09', '2021-04-07 09:18:09', 2),
(463, 'Leuschke', 'Pascale', 'elemke@example.org', '2021-04-07 09:18:09', '$2y$10$92IXUNpkjO0rOQ5byMi.Ye4oKoEa3Ro9llC/.og/at2.uheWG/igi', '1234567890', '2003-01-03', '76131 Luettgen Alley Apt. 860\nLake Margie, AL 16789-5183', '28422 Wyman Island Suite 128\nNew Jairo, WY 92918-9165', 'ancien', NULL, NULL, '2021-04-07 09:18:09', '2021-04-07 09:18:09', 2),
(464, 'Turcotte', 'Lera', 'weimann.yasmin@example.com', '2021-04-07 09:18:09', '$2y$10$92IXUNpkjO0rOQ5byMi.Ye4oKoEa3Ro9llC/.og/at2.uheWG/igi', '1234567890', '2009-04-01', '75760 Ledner Villages\nAdeliahaven, MT 51631-1533', '43441 Leuschke Gardens Apt. 324\nCormierland, WI 96112-1522', 'actif', NULL, NULL, '2021-04-07 09:18:09', '2021-04-07 09:18:09', 2),
(465, 'Rodriguez', 'Werner', 'eda.gislason@example.net', '2021-04-07 09:18:09', '$2y$10$92IXUNpkjO0rOQ5byMi.Ye4oKoEa3Ro9llC/.og/at2.uheWG/igi', '1234567890', '2002-01-26', '44856 Waelchi Street\nGreggville, ID 65456', '524 Deckow Squares Apt. 992\nMedhurstburgh, AL 66562-1864', 'actif', NULL, NULL, '2021-04-07 09:18:09', '2021-04-07 09:18:09', 2),
(466, 'King', 'Stella', 'harmony75@example.com', '2021-04-07 09:18:09', '$2y$10$92IXUNpkjO0rOQ5byMi.Ye4oKoEa3Ro9llC/.og/at2.uheWG/igi', '1234567890', '2011-07-01', '56407 Stroman Walks\nSouth Frida, WA 01076', '388 Velda Ports Apt. 075\nNorth Kiera, MS 78377-3992', 'actif', NULL, NULL, '2021-04-07 09:18:09', '2021-04-07 09:18:09', 2),
(467, 'Swaniawski', 'Zachery', 'tanner.metz@example.com', '2021-04-07 09:18:09', '$2y$10$92IXUNpkjO0rOQ5byMi.Ye4oKoEa3Ro9llC/.og/at2.uheWG/igi', '1234567890', '2019-09-01', '265 Zula Burgs Suite 207\nCarlottaview, SC 63164-4489', '34268 Julius Court\nEast Marcella, DC 23434', 'actif', NULL, NULL, '2021-04-07 09:18:09', '2021-04-07 09:18:09', 2),
(468, 'Cummings', 'Darren', 'jake96@example.net', '2021-04-07 09:18:09', '$2y$10$92IXUNpkjO0rOQ5byMi.Ye4oKoEa3Ro9llC/.og/at2.uheWG/igi', '1234567890', '2001-04-25', '472 Mona Vista Apt. 178\nLake Maxiechester, WA 99190-4369', '94899 King Ports Suite 955\nSouth Giovannyshire, DE 64015', 'actif', NULL, NULL, '2021-04-07 09:18:09', '2021-04-07 09:18:09', 2),
(469, 'Daniel', 'Trey', 'kimberly.bergnaum@example.com', '2021-04-07 09:18:09', '$2y$10$92IXUNpkjO0rOQ5byMi.Ye4oKoEa3Ro9llC/.og/at2.uheWG/igi', '1234567890', '2006-07-22', '65751 Bergnaum Haven Apt. 892\nSouth Ashlynn, UT 69100', '8725 Rau Rapids Suite 937\nLake Ambroseton, PA 22902', 'actif', NULL, NULL, '2021-04-07 09:18:09', '2021-04-07 09:18:09', 2),
(470, 'Emmerich', 'Barbara', 'krystel.howe@example.com', '2021-04-07 09:18:09', '$2y$10$92IXUNpkjO0rOQ5byMi.Ye4oKoEa3Ro9llC/.og/at2.uheWG/igi', '1234567890', '2006-03-29', '6979 Eldred Heights\nAntoneville, FL 60633', '5914 Sipes Via\nRandallport, KS 59608', 'actif', NULL, NULL, '2021-04-07 09:18:09', '2021-04-07 09:18:09', 2),
(471, 'Schaefer', 'Dariana', 'nina38@example.org', '2021-04-07 09:18:09', '$2y$10$92IXUNpkjO0rOQ5byMi.Ye4oKoEa3Ro9llC/.og/at2.uheWG/igi', '1234567890', '2019-04-01', '5208 Crona Springs\nEast Amy, MO 53574', '8112 Feeney Turnpike Apt. 490\nSimonefort, NC 55679', 'actif', NULL, NULL, '2021-04-07 09:18:09', '2021-04-07 09:18:09', 2),
(472, 'Bashirian', 'Amani', 'uferry@example.com', '2021-04-07 09:18:09', '$2y$10$92IXUNpkjO0rOQ5byMi.Ye4oKoEa3Ro9llC/.og/at2.uheWG/igi', '1234567890', '2008-09-15', '13837 Jazmin Pine\nWintheiserland, HI 91846-5300', '1052 Hackett Brooks\nNew Tierraton, RI 55396-1527', 'actif', NULL, NULL, '2021-04-07 09:18:09', '2021-04-07 09:18:09', 2),
(473, 'McLaughlin', 'America', 'lilyan.okeefe@example.net', '2021-04-07 09:18:09', '$2y$10$92IXUNpkjO0rOQ5byMi.Ye4oKoEa3Ro9llC/.og/at2.uheWG/igi', '1234567890', '2002-08-22', '674 Bradtke Villages\nJodiefurt, LA 51092-3151', '8809 Oberbrunner Corner Apt. 017\nNew Zelmaland, GA 05664', 'actif', NULL, NULL, '2021-04-07 09:18:09', '2021-04-07 09:18:09', 2),
(474, 'Klocko', 'Carissa', 'lela.paucek@example.org', '2021-04-07 09:18:10', '$2y$10$92IXUNpkjO0rOQ5byMi.Ye4oKoEa3Ro9llC/.og/at2.uheWG/igi', '1234567890', '2015-06-14', '421 Susan Green\nRebecaberg, CO 95131', '603 Moshe Inlet\nSanfordland, NY 46052-1545', 'actif', NULL, NULL, '2021-04-07 09:18:10', '2021-04-07 09:18:10', 2),
(475, 'Beahan', 'Kiara', 'judy14@example.com', '2021-04-07 09:18:10', '$2y$10$92IXUNpkjO0rOQ5byMi.Ye4oKoEa3Ro9llC/.og/at2.uheWG/igi', '1234567890', '2012-04-03', '422 Goldner Throughway\nWest Jeramiebury, TX 26424-6787', '411 Cremin Drive\nWest Jevonmouth, NJ 66665', 'ancien', NULL, NULL, '2021-04-07 09:18:10', '2021-04-07 09:18:10', 2),
(476, 'Kuhn', 'Delaney', 'pokuneva@example.com', '2021-04-07 09:18:10', '$2y$10$92IXUNpkjO0rOQ5byMi.Ye4oKoEa3Ro9llC/.og/at2.uheWG/igi', '1234567890', '2020-12-19', '30578 Noe Street\nEast Nicolettetown, WA 43804', '6124 Bosco Extensions\nPort Catherinefurt, WY 37864', 'actif', NULL, NULL, '2021-04-07 09:18:10', '2021-04-07 09:18:10', 2),
(477, 'Conn', 'Timmothy', 'evie10@example.net', '2021-04-07 09:18:10', '$2y$10$92IXUNpkjO0rOQ5byMi.Ye4oKoEa3Ro9llC/.og/at2.uheWG/igi', '1234567890', '2003-11-10', '472 Nikolaus Mills\nLake Rogertown, ID 64294', '994 Russel Ramp\nHardyland, AL 90383', 'actif', NULL, NULL, '2021-04-07 09:18:10', '2021-04-07 09:18:10', 2),
(478, 'Schinner', 'Alaina', 'shuel@example.org', '2021-04-07 09:18:10', '$2y$10$92IXUNpkjO0rOQ5byMi.Ye4oKoEa3Ro9llC/.og/at2.uheWG/igi', '1234567890', '2020-07-05', '3691 Baby Corner\nKesslerfurt, AL 48687-3059', '217 Charley Street Suite 318\nEast Delilahchester, MS 79928', 'actif', NULL, NULL, '2021-04-07 09:18:10', '2021-04-07 09:18:10', 2),
(479, 'Dickinson', 'Nathanial', 'zzemlak@example.com', '2021-04-07 09:18:10', '$2y$10$92IXUNpkjO0rOQ5byMi.Ye4oKoEa3Ro9llC/.og/at2.uheWG/igi', '1234567890', '2003-03-25', '581 Stiedemann Mountain Suite 142\nSouth Gordon, DE 94300', '90974 Yasmeen Summit Apt. 355\nBraedenstad, AR 79655', 'actif', NULL, NULL, '2021-04-07 09:18:10', '2021-04-07 09:18:10', 2),
(480, 'West', 'Rosella', 'oconner.trever@example.com', '2021-04-07 09:18:10', '$2y$10$92IXUNpkjO0rOQ5byMi.Ye4oKoEa3Ro9llC/.og/at2.uheWG/igi', '1234567890', '2012-02-15', '88441 Bobbie Camp\nNeldaside, AZ 87327-9555', '247 Donnelly Junctions\nNorth Fridahaven, ID 77908', 'actif', NULL, NULL, '2021-04-07 09:18:10', '2021-04-07 09:18:10', 2),
(481, 'DuBuque', 'Ryley', 'ebert.otis@example.org', '2021-04-07 09:18:10', '$2y$10$92IXUNpkjO0rOQ5byMi.Ye4oKoEa3Ro9llC/.og/at2.uheWG/igi', '1234567890', '2002-07-02', '37582 Leannon Row\nTarynton, VA 58767', '96827 Hegmann Land Apt. 488\nProsaccofurt, UT 93127-9665', 'actif', NULL, NULL, '2021-04-07 09:18:10', '2021-04-07 09:18:10', 2),
(482, 'Jacobson', 'Sid', 'gaylord.melisa@example.net', '2021-04-07 09:18:10', '$2y$10$92IXUNpkjO0rOQ5byMi.Ye4oKoEa3Ro9llC/.og/at2.uheWG/igi', '1234567890', '2004-01-28', '6806 Reichert Hill\nViolettemouth, NV 98641', '6718 Altenwerth Park\nEast Daronberg, NY 10995', 'actif', NULL, NULL, '2021-04-07 09:18:10', '2021-04-07 09:18:10', 2),
(483, 'Stroman', 'Leonora', 'schultz.elsa@example.org', '2021-04-07 09:18:10', '$2y$10$92IXUNpkjO0rOQ5byMi.Ye4oKoEa3Ro9llC/.og/at2.uheWG/igi', '1234567890', '2007-02-08', '9338 Glenda Way\nCarleyburgh, GA 19561-9818', '5892 Shyanne Point\nWest Skye, SC 52300', 'actif', NULL, NULL, '2021-04-07 09:18:10', '2021-04-07 09:18:10', 2),
(484, 'Anderson', 'Clyde', 'cartwright.deon@example.net', '2021-04-07 09:18:10', '$2y$10$92IXUNpkjO0rOQ5byMi.Ye4oKoEa3Ro9llC/.og/at2.uheWG/igi', '1234567890', '2015-06-10', '7715 Alycia Circles\nReyesside, WV 64639-4433', '32057 Larson Extension\nCollinston, AZ 36794-2932', 'actif', NULL, NULL, '2021-04-07 09:18:10', '2021-04-07 09:18:10', 2),
(485, 'Feil', 'Lysanne', 'dickinson.rudy@example.org', '2021-04-07 09:18:10', '$2y$10$92IXUNpkjO0rOQ5byMi.Ye4oKoEa3Ro9llC/.og/at2.uheWG/igi', '1234567890', '2011-12-07', '71498 Daniela Hill\nBartolettiborough, AZ 92877-5451', '657 Langworth Meadow\nNorth Brant, WI 27518', 'actif', NULL, NULL, '2021-04-07 09:18:10', '2021-04-07 09:18:10', 2),
(486, 'Bernier', 'Leonardo', 'ernest.beier@example.net', '2021-04-07 09:18:10', '$2y$10$92IXUNpkjO0rOQ5byMi.Ye4oKoEa3Ro9llC/.og/at2.uheWG/igi', '1234567890', '2018-01-20', '55472 Lennie Track Apt. 485\nEast Camilla, IN 57076', '795 Stephen Mountains\nLake Darenchester, WA 48092', 'actif', NULL, NULL, '2021-04-07 09:18:10', '2021-04-07 09:18:10', 2),
(487, 'Conroy', 'Maurine', 'burnice.hackett@example.com', '2021-04-07 09:18:10', '$2y$10$92IXUNpkjO0rOQ5byMi.Ye4oKoEa3Ro9llC/.og/at2.uheWG/igi', '1234567890', '2004-11-26', '7215 Adele Skyway Suite 652\nEast Bradleyberg, OK 02218-7030', '938 Arnoldo Mission\nSouth Edwinahaven, OR 21407', 'actif', NULL, NULL, '2021-04-07 09:18:10', '2021-04-07 09:18:10', 2),
(488, 'Nitzsche', 'Felicia', 'iwill@example.com', '2021-04-07 09:18:10', '$2y$10$92IXUNpkjO0rOQ5byMi.Ye4oKoEa3Ro9llC/.og/at2.uheWG/igi', '1234567890', '2004-09-02', '28750 Opal Divide\nKassulkemouth, CA 58079', '6699 Yoshiko Dam\nDareville, SD 36805', 'actif', NULL, NULL, '2021-04-07 09:18:10', '2021-04-07 09:18:10', 2),
(489, 'Dicki', 'Price', 'hosea.hodkiewicz@example.net', '2021-04-07 09:18:10', '$2y$10$92IXUNpkjO0rOQ5byMi.Ye4oKoEa3Ro9llC/.og/at2.uheWG/igi', '1234567890', '2001-12-24', '602 Farrell Drives Suite 616\nPort Monroebury, MN 04557', '87046 Consuelo Spur\nLake Lucileland, AL 62011', 'actif', NULL, NULL, '2021-04-07 09:18:10', '2021-04-07 09:18:10', 2),
(490, 'Carter', 'Maribel', 'koepp.dante@example.net', '2021-04-07 09:18:10', '$2y$10$92IXUNpkjO0rOQ5byMi.Ye4oKoEa3Ro9llC/.og/at2.uheWG/igi', '1234567890', '2014-11-05', '590 Brody Stream Apt. 200\nKuhnshire, NE 75285', '467 Haven Mills\nKarlton, KY 96496-9563', 'ancien', NULL, NULL, '2021-04-07 09:18:10', '2021-04-07 09:18:10', 2),
(491, 'Mayer', 'Albertha', 'reilly.chadd@example.net', '2021-04-07 09:18:10', '$2y$10$92IXUNpkjO0rOQ5byMi.Ye4oKoEa3Ro9llC/.og/at2.uheWG/igi', '1234567890', '2006-11-03', '215 Predovic Curve\nPort Krystina, OR 82533-2816', '620 Harris Expressway\nAbigaleborough, AZ 02431', 'actif', NULL, NULL, '2021-04-07 09:18:10', '2021-04-07 09:18:10', 2),
(492, 'Hodkiewicz', 'Linnie', 'qmayert@example.net', '2021-04-07 09:18:10', '$2y$10$92IXUNpkjO0rOQ5byMi.Ye4oKoEa3Ro9llC/.og/at2.uheWG/igi', '1234567890', '2008-10-31', '49547 Emmanuel Springs Apt. 736\nNew Leonelville, VT 41381', '349 Littel Squares\nSchummfurt, CA 41468', 'actif', NULL, NULL, '2021-04-07 09:18:10', '2021-04-07 09:18:10', 2),
(493, 'Smith', 'Roel', 'lazaro90@example.net', '2021-04-07 09:18:10', '$2y$10$92IXUNpkjO0rOQ5byMi.Ye4oKoEa3Ro9llC/.og/at2.uheWG/igi', '1234567890', '2017-09-06', '86314 Kuvalis Drive Apt. 181\nJuanaport, AZ 01344', '3330 Norval Junctions\nWuckertbury, ME 24801', 'ancien', NULL, NULL, '2021-04-07 09:18:10', '2021-04-07 09:18:10', 2),
(494, 'Gottlieb', 'Alison', 'daphnee46@example.org', '2021-04-07 09:18:10', '$2y$10$92IXUNpkjO0rOQ5byMi.Ye4oKoEa3Ro9llC/.og/at2.uheWG/igi', '1234567890', '2016-05-22', '80635 Gina Hill\nKirstinland, NY 57969-1286', '624 Brain Springs\nNew Elnachester, PA 00293-5933', 'actif', NULL, NULL, '2021-04-07 09:18:10', '2021-04-07 09:18:10', 2),
(495, 'Stracke', 'Laron', 'nturcotte@example.org', '2021-04-07 09:18:10', '$2y$10$92IXUNpkjO0rOQ5byMi.Ye4oKoEa3Ro9llC/.og/at2.uheWG/igi', '1234567890', '2017-09-16', '152 Angelina Road\nLionelchester, PA 26750', '984 Bennie Forest Suite 460\nDollyland, KY 62555-0693', 'ancien', NULL, NULL, '2021-04-07 09:18:10', '2021-04-07 09:18:10', 2),
(496, 'Treutel', 'Bennett', 'adams.piper@example.net', '2021-04-07 09:18:10', '$2y$10$92IXUNpkjO0rOQ5byMi.Ye4oKoEa3Ro9llC/.og/at2.uheWG/igi', '1234567890', '2004-01-27', '61988 Abbott Parkway Suite 016\nBinsfurt, PA 76964-3024', '842 Tromp Walks Suite 940\nWest Rayville, AL 88917-1957', 'actif', NULL, NULL, '2021-04-07 09:18:10', '2021-04-07 09:18:10', 2),
(497, 'Ullrich', 'Wendy', 'golden.sipes@example.com', '2021-04-07 09:18:10', '$2y$10$92IXUNpkjO0rOQ5byMi.Ye4oKoEa3Ro9llC/.og/at2.uheWG/igi', '1234567890', '2012-09-17', '791 Collier Junctions Suite 235\nPort Vanfort, MO 32438-8100', '9841 King Isle\nWest Marcialand, OK 68528-2472', 'actif', NULL, NULL, '2021-04-07 09:18:10', '2021-04-07 09:18:10', 2),
(498, 'DuBuque', 'Gracie', 'dimitri.brown@example.com', '2021-04-07 09:18:10', '$2y$10$92IXUNpkjO0rOQ5byMi.Ye4oKoEa3Ro9llC/.og/at2.uheWG/igi', '1234567890', '2020-07-22', '47820 Kemmer Terrace\nEast Luna, LA 38743-6980', '8421 Mante Walks\nEast Jadamouth, AZ 04719', 'actif', NULL, NULL, '2021-04-07 09:18:10', '2021-04-07 09:18:10', 2),
(499, 'Walter', 'Cruz', 'bianka.harber@example.com', '2021-04-07 09:18:10', '$2y$10$92IXUNpkjO0rOQ5byMi.Ye4oKoEa3Ro9llC/.og/at2.uheWG/igi', '1234567890', '2021-04-04', '37152 Fidel Brooks\nFritschton, ID 95739-4817', '9066 Elfrieda Grove\nColtchester, ID 60741-4631', 'ancien', NULL, NULL, '2021-04-07 09:18:10', '2021-04-07 09:18:10', 2),
(500, 'Kuvalis', 'Lauriane', 'paxton26@example.net', '2021-04-07 09:18:10', '$2y$10$92IXUNpkjO0rOQ5byMi.Ye4oKoEa3Ro9llC/.og/at2.uheWG/igi', '1234567890', '2009-07-23', '6409 Floyd Crescent Suite 555\nLake Ronny, MA 00050', '4795 Elizabeth Tunnel\nLake Kayborough, WV 11929', 'actif', NULL, NULL, '2021-04-07 09:18:10', '2021-04-07 09:18:10', 2),
(501, 'Bode', 'Eve', 'liana37@example.com', '2021-04-07 09:18:10', '$2y$10$92IXUNpkjO0rOQ5byMi.Ye4oKoEa3Ro9llC/.og/at2.uheWG/igi', '1234567890', '2005-11-13', '12883 Myriam Glens Suite 793\nBoscofort, NH 14236', '6407 Paucek Rest Suite 882\nSouth Maximillian, ID 34649', 'ancien', NULL, NULL, '2021-04-07 09:18:10', '2021-04-07 09:18:10', 3),
(502, 'Ebert', 'Arianna', 'feeney.ayana@example.org', '2021-04-07 09:18:10', '$2y$10$92IXUNpkjO0rOQ5byMi.Ye4oKoEa3Ro9llC/.og/at2.uheWG/igi', '1234567890', '2006-11-22', '111 Wolf Estate Suite 820\nBradtkebury, HI 49410-7717', '77518 Josefa Lights Apt. 253\nWest Kendrick, ID 84248', 'ancien', NULL, NULL, '2021-04-07 09:18:10', '2021-04-07 09:18:10', 3),
(503, 'Gusikowski', 'Darrin', 'savannah47@example.org', '2021-04-07 09:18:10', '$2y$10$92IXUNpkjO0rOQ5byMi.Ye4oKoEa3Ro9llC/.og/at2.uheWG/igi', '1234567890', '2008-03-09', '9190 Russel Grove Suite 796\nNew Shania, NJ 60849-5717', '76305 Lola Creek Apt. 858\nReichelberg, GA 09285-2709', 'actif', NULL, NULL, '2021-04-07 09:18:10', '2021-04-07 09:18:10', 3),
(504, 'Kemmer', 'Shanel', 'nmarquardt@example.com', '2021-04-07 09:18:10', '$2y$10$92IXUNpkjO0rOQ5byMi.Ye4oKoEa3Ro9llC/.og/at2.uheWG/igi', '1234567890', '2015-08-09', '973 Freeman Expressway Apt. 910\nGersonstad, AR 43709-9512', '64743 Treva Loaf Apt. 317\nEmeliebury, CO 17908-9993', 'actif', NULL, NULL, '2021-04-07 09:18:10', '2021-04-07 09:18:10', 3),
(505, 'Armstrong', 'Arianna', 'giovanni31@example.org', '2021-04-07 09:18:10', '$2y$10$92IXUNpkjO0rOQ5byMi.Ye4oKoEa3Ro9llC/.og/at2.uheWG/igi', '1234567890', '2009-01-22', '459 Jaycee Mews Apt. 104\nPort Jaysonfurt, MO 81695', '864 Kuhic Union Apt. 051\nNikolausburgh, NV 64847-5536', 'ancien', NULL, NULL, '2021-04-07 09:18:10', '2021-04-07 09:18:10', 3),
(506, 'Bechtelar', 'Marjory', 'wsauer@example.net', '2021-04-07 09:18:10', '$2y$10$92IXUNpkjO0rOQ5byMi.Ye4oKoEa3Ro9llC/.og/at2.uheWG/igi', '1234567890', '2005-08-11', '571 Lindgren Way\nWest Ignacioland, KS 36730-0917', '729 Nigel Trafficway Apt. 999\nGreenburgh, OR 67508-5447', 'actif', NULL, NULL, '2021-04-07 09:18:10', '2021-04-07 09:18:10', 3),
(507, 'Kris', 'David', 'pking@example.net', '2021-04-07 09:18:10', '$2y$10$92IXUNpkjO0rOQ5byMi.Ye4oKoEa3Ro9llC/.og/at2.uheWG/igi', '1234567890', '2005-06-21', '5454 Alison Ways\nWest Dameon, AL 50616', '509 Alene Track\nEast Gayle, IA 36360-8089', 'ancien', NULL, NULL, '2021-04-07 09:18:10', '2021-04-07 09:18:10', 3),
(508, 'Leffler', 'Clement', 'schaefer.alexandria@example.com', '2021-04-07 09:18:10', '$2y$10$92IXUNpkjO0rOQ5byMi.Ye4oKoEa3Ro9llC/.og/at2.uheWG/igi', '1234567890', '2016-11-07', '1867 Tyrell Well Suite 384\nErnamouth, GA 18296-9891', '421 Turcotte Mews\nLake Frankietown, IN 91223', 'actif', NULL, NULL, '2021-04-07 09:18:10', '2021-04-07 09:18:10', 3),
(509, 'Kunze', 'Salma', 'verna.turner@example.net', '2021-04-07 09:18:10', '$2y$10$92IXUNpkjO0rOQ5byMi.Ye4oKoEa3Ro9llC/.og/at2.uheWG/igi', '1234567890', '2004-11-06', '1233 Rice Common\nNorth Casimerview, MS 82506-9328', '731 O\'Reilly Flats Apt. 957\nJamelmouth, LA 63587', 'actif', NULL, NULL, '2021-04-07 09:18:11', '2021-04-07 09:18:11', 3),
(510, 'Johnson', 'Cooper', 'vince.farrell@example.org', '2021-04-07 09:18:11', '$2y$10$92IXUNpkjO0rOQ5byMi.Ye4oKoEa3Ro9llC/.og/at2.uheWG/igi', '1234567890', '2013-09-13', '8737 Cummerata Greens\nSouth Jadestad, AK 55972-1785', '1129 Macie Divide\nJacklynside, TN 89056-8721', 'actif', NULL, NULL, '2021-04-07 09:18:11', '2021-04-07 09:18:11', 3),
(511, 'Ullrich', 'Amy', 'hermiston.rosalee@example.org', '2021-04-07 09:18:11', '$2y$10$92IXUNpkjO0rOQ5byMi.Ye4oKoEa3Ro9llC/.og/at2.uheWG/igi', '1234567890', '2008-03-12', '840 Jaquan Crossroad\nPort Dixie, MA 62406-3347', '75485 Tremblay Tunnel\nNew Efren, MS 39806', 'actif', NULL, NULL, '2021-04-07 09:18:11', '2021-04-07 09:18:11', 3),
(512, 'Langosh', 'Kennedy', 'king.tillman@example.net', '2021-04-07 09:18:11', '$2y$10$92IXUNpkjO0rOQ5byMi.Ye4oKoEa3Ro9llC/.og/at2.uheWG/igi', '1234567890', '2017-10-05', '963 Karine Ford Suite 637\nSouth Eugeniaberg, NC 14228-2805', '71842 Sawayn Station\nPort Connie, DC 89400', 'actif', NULL, NULL, '2021-04-07 09:18:11', '2021-04-07 09:18:11', 3),
(513, 'O\'Hara', 'June', 'ajakubowski@example.com', '2021-04-07 09:18:11', '$2y$10$92IXUNpkjO0rOQ5byMi.Ye4oKoEa3Ro9llC/.og/at2.uheWG/igi', '1234567890', '2016-05-17', '35913 Amari Bridge\nShyannfort, TX 01408', '8628 Jarvis Spurs Suite 825\nClemensfurt, IA 83988', 'actif', NULL, NULL, '2021-04-07 09:18:11', '2021-04-07 09:18:11', 3),
(514, 'Dare', 'Magdalen', 'oconnell.rosalee@example.net', '2021-04-07 09:18:11', '$2y$10$92IXUNpkjO0rOQ5byMi.Ye4oKoEa3Ro9llC/.og/at2.uheWG/igi', '1234567890', '2001-08-06', '90434 Lebsack Rue\nWilhelmineview, TX 85681-4621', '16061 Hallie Glen Suite 262\nKlingfurt, CA 56420-0568', 'actif', NULL, NULL, '2021-04-07 09:18:11', '2021-04-07 09:18:11', 3),
(515, 'Stracke', 'Zoie', 'daniella28@example.org', '2021-04-07 09:18:11', '$2y$10$92IXUNpkjO0rOQ5byMi.Ye4oKoEa3Ro9llC/.og/at2.uheWG/igi', '1234567890', '2007-07-15', '6394 Nia Street Suite 649\nPort Ferne, PA 82762', '679 Lubowitz Corner Apt. 563\nLake Georgetteburgh, SD 02985', 'actif', NULL, NULL, '2021-04-07 09:18:11', '2021-04-07 09:18:11', 3),
(516, 'Aufderhar', 'Immanuel', 'seamus79@example.com', '2021-04-07 09:18:11', '$2y$10$92IXUNpkjO0rOQ5byMi.Ye4oKoEa3Ro9llC/.og/at2.uheWG/igi', '1234567890', '2004-06-19', '74322 Alena Motorway\nPort Loyce, DE 43971-7137', '5603 Thad Fords\nLake Zackerytown, RI 36639', 'actif', NULL, NULL, '2021-04-07 09:18:11', '2021-04-07 09:18:11', 3),
(517, 'Ondricka', 'Donny', 'umiller@example.org', '2021-04-07 09:18:11', '$2y$10$92IXUNpkjO0rOQ5byMi.Ye4oKoEa3Ro9llC/.og/at2.uheWG/igi', '1234567890', '2011-02-22', '21184 Baron Brooks\nNew Merlinstad, NV 26289-8729', '9715 Keaton Ports Suite 473\nEast Oranburgh, MS 60744', 'actif', NULL, NULL, '2021-04-07 09:18:11', '2021-04-07 09:18:11', 3),
(518, 'Hudson', 'Carmel', 'brekke.misael@example.org', '2021-04-07 09:18:11', '$2y$10$92IXUNpkjO0rOQ5byMi.Ye4oKoEa3Ro9llC/.og/at2.uheWG/igi', '1234567890', '2013-11-27', '66871 Zemlak Rapids Suite 197\nBorerhaven, DE 37063', '7394 Nader Heights\nSouth Rowena, NV 56209', 'ancien', NULL, NULL, '2021-04-07 09:18:11', '2021-04-07 09:18:11', 3),
(519, 'Bechtelar', 'Jabari', 'qbrown@example.org', '2021-04-07 09:18:11', '$2y$10$92IXUNpkjO0rOQ5byMi.Ye4oKoEa3Ro9llC/.og/at2.uheWG/igi', '1234567890', '2001-09-19', '4241 Donnelly Summit Suite 677\nBergemouth, NH 83363', '2462 Heber Mall Apt. 381\nZachariahshire, PA 77467', 'actif', NULL, NULL, '2021-04-07 09:18:11', '2021-04-07 09:18:11', 3),
(520, 'Dietrich', 'Macie', 'jkuphal@example.net', '2021-04-07 09:18:11', '$2y$10$92IXUNpkjO0rOQ5byMi.Ye4oKoEa3Ro9llC/.og/at2.uheWG/igi', '1234567890', '2005-09-06', '797 Howe Trail\nLake Avisfurt, MT 70241-7258', '16899 Maggio Station Apt. 645\nNew Salvatoreside, NV 46820', 'ancien', NULL, NULL, '2021-04-07 09:18:11', '2021-04-07 09:18:11', 3),
(521, 'Miller', 'Margarete', 'simonis.vince@example.org', '2021-04-07 09:18:11', '$2y$10$92IXUNpkjO0rOQ5byMi.Ye4oKoEa3Ro9llC/.og/at2.uheWG/igi', '1234567890', '2019-08-28', '758 Blaze Islands Apt. 115\nNew Shanie, ND 41992-0974', '398 Humberto Keys\nPort Leslyshire, NE 18063', 'actif', NULL, NULL, '2021-04-07 09:18:11', '2021-04-07 09:18:11', 3),
(522, 'Bartoletti', 'Eugene', 'susan25@example.net', '2021-04-07 09:18:11', '$2y$10$92IXUNpkjO0rOQ5byMi.Ye4oKoEa3Ro9llC/.og/at2.uheWG/igi', '1234567890', '2002-09-10', '2987 Katherine Mountains Apt. 813\nEast Enashire, AZ 09692', '5116 Hollie Village\nWest Kris, MT 44646-4408', 'ancien', NULL, NULL, '2021-04-07 09:18:11', '2021-04-07 09:18:11', 3),
(523, 'Pacocha', 'Madilyn', 'cooper12@example.org', '2021-04-07 09:18:11', '$2y$10$92IXUNpkjO0rOQ5byMi.Ye4oKoEa3Ro9llC/.og/at2.uheWG/igi', '1234567890', '2006-02-04', '9932 Josie Knolls\nLabadieberg, MA 71049-5819', '76568 Rolfson Drive Apt. 940\nSouth Omer, NH 71661-6363', 'actif', NULL, NULL, '2021-04-07 09:18:11', '2021-04-07 09:18:11', 3),
(524, 'Abshire', 'Princess', 'wendell43@example.net', '2021-04-07 09:18:11', '$2y$10$92IXUNpkjO0rOQ5byMi.Ye4oKoEa3Ro9llC/.og/at2.uheWG/igi', '1234567890', '2007-12-14', '6463 Pollich Stream Suite 811\nLubowitzfurt, NC 13453-7434', '2232 Josianne Corners Apt. 519\nDaishafurt, VA 42107', 'actif', NULL, NULL, '2021-04-07 09:18:11', '2021-04-07 09:18:11', 3),
(525, 'Ortiz', 'Major', 'stephania.eichmann@example.net', '2021-04-07 09:18:11', '$2y$10$92IXUNpkjO0rOQ5byMi.Ye4oKoEa3Ro9llC/.og/at2.uheWG/igi', '1234567890', '2019-11-26', '314 Chaya Terrace\nMathiasfort, CO 73569', '696 Muhammad Trail\nWest Jazmynbury, CO 17366', 'actif', NULL, NULL, '2021-04-07 09:18:11', '2021-04-07 09:18:11', 3),
(526, 'Yundt', 'Emil', 'kgleason@example.org', '2021-04-07 09:18:11', '$2y$10$92IXUNpkjO0rOQ5byMi.Ye4oKoEa3Ro9llC/.og/at2.uheWG/igi', '1234567890', '2014-06-12', '806 Kieran Creek\nWest Arnomouth, MO 80616', '8742 Jasmin Street\nPort Isidro, NE 72935-9914', 'ancien', NULL, NULL, '2021-04-07 09:18:11', '2021-04-07 09:18:11', 3),
(527, 'Bednar', 'Sydni', 'jordy.hammes@example.org', '2021-04-07 09:18:11', '$2y$10$92IXUNpkjO0rOQ5byMi.Ye4oKoEa3Ro9llC/.og/at2.uheWG/igi', '1234567890', '2013-11-23', '529 Gerhold Ville Apt. 694\nNorth Bert, NV 36067', '3132 O\'Keefe Cape\nLegrostown, NY 95452-7767', 'actif', NULL, NULL, '2021-04-07 09:18:11', '2021-04-07 09:18:11', 3),
(528, 'Dare', 'Burley', 'ulebsack@example.org', '2021-04-07 09:18:11', '$2y$10$92IXUNpkjO0rOQ5byMi.Ye4oKoEa3Ro9llC/.og/at2.uheWG/igi', '1234567890', '2004-07-14', '6454 Keebler Canyon\nPort Christopherstad, ND 03992-7000', '544 Adela Gateway\nEast Bailey, MN 87046', 'actif', NULL, NULL, '2021-04-07 09:18:11', '2021-04-07 09:18:11', 3),
(529, 'Russel', 'Laney', 'halvorson.laisha@example.com', '2021-04-07 09:18:11', '$2y$10$92IXUNpkjO0rOQ5byMi.Ye4oKoEa3Ro9llC/.og/at2.uheWG/igi', '1234567890', '2005-11-24', '99084 Rempel Port\nProvidenciside, AZ 46687', '7937 Elsa Hill\nPort Luigifort, KS 96262', 'ancien', NULL, NULL, '2021-04-07 09:18:11', '2021-04-07 09:18:11', 3),
(530, 'Lebsack', 'Pablo', 'botsford.bo@example.org', '2021-04-07 09:18:11', '$2y$10$92IXUNpkjO0rOQ5byMi.Ye4oKoEa3Ro9llC/.og/at2.uheWG/igi', '1234567890', '2013-01-24', '382 Bill Plaza Suite 970\nPort Aylahaven, LA 12571-8070', '1195 Clarissa Ranch Apt. 611\nNorth Onahaven, MO 49156-9029', 'actif', NULL, NULL, '2021-04-07 09:18:11', '2021-04-07 09:18:11', 3),
(531, 'Herzog', 'Cindy', 'kaia.howell@example.com', '2021-04-07 09:18:11', '$2y$10$92IXUNpkjO0rOQ5byMi.Ye4oKoEa3Ro9llC/.og/at2.uheWG/igi', '1234567890', '2021-01-16', '7260 Olson Motorway\nNew Gianni, WV 09898', '3088 Renner Vista Apt. 348\nNorth Cielo, KY 66253', 'actif', NULL, NULL, '2021-04-07 09:18:11', '2021-04-07 09:18:11', 3),
(532, 'Walter', 'Ila', 'khuels@example.net', '2021-04-07 09:18:11', '$2y$10$92IXUNpkjO0rOQ5byMi.Ye4oKoEa3Ro9llC/.og/at2.uheWG/igi', '1234567890', '2013-09-26', '950 Kassulke Motorway Apt. 477\nLuciefort, MI 88997-2983', '14462 Crystel Ridges\nSchaefermouth, NE 03952', 'actif', NULL, NULL, '2021-04-07 09:18:11', '2021-04-07 09:18:11', 3),
(533, 'Aufderhar', 'Reagan', 'una.jakubowski@example.net', '2021-04-07 09:18:11', '$2y$10$92IXUNpkjO0rOQ5byMi.Ye4oKoEa3Ro9llC/.og/at2.uheWG/igi', '1234567890', '2015-06-23', '67828 Gottlieb Fords Suite 197\nStammburgh, MA 84320-4516', '9385 Walsh Light Apt. 171\nSkileston, IA 62404-1283', 'actif', NULL, NULL, '2021-04-07 09:18:11', '2021-04-07 09:18:11', 3),
(534, 'Strosin', 'Jermain', 'alabadie@example.org', '2021-04-07 09:18:11', '$2y$10$92IXUNpkjO0rOQ5byMi.Ye4oKoEa3Ro9llC/.og/at2.uheWG/igi', '1234567890', '2004-02-26', '9718 Douglas Extension\nWest Marlee, ND 50553-8450', '960 Predovic Flats Apt. 890\nVivastad, WA 09503', 'actif', NULL, NULL, '2021-04-07 09:18:11', '2021-04-07 09:18:11', 3),
(535, 'Morar', 'Adah', 'aileen.wiza@example.org', '2021-04-07 09:18:11', '$2y$10$92IXUNpkjO0rOQ5byMi.Ye4oKoEa3Ro9llC/.og/at2.uheWG/igi', '1234567890', '2019-01-09', '527 Natasha Plaza\nNikolauschester, UT 64542', '35396 Hills Keys\nEast Jovan, OH 64715-6013', 'ancien', NULL, NULL, '2021-04-07 09:18:11', '2021-04-07 09:18:11', 3),
(536, 'Kuphal', 'Brent', 'charley.hill@example.com', '2021-04-07 09:18:11', '$2y$10$92IXUNpkjO0rOQ5byMi.Ye4oKoEa3Ro9llC/.og/at2.uheWG/igi', '1234567890', '2005-12-04', '226 Chaya Island Apt. 880\nSouth Julia, NM 96165-3460', '5911 Max Skyway\nNew Lynn, MT 85277', 'actif', NULL, NULL, '2021-04-07 09:18:11', '2021-04-07 09:18:11', 3),
(537, 'Lind', 'Michale', 'qgibson@example.net', '2021-04-07 09:18:11', '$2y$10$92IXUNpkjO0rOQ5byMi.Ye4oKoEa3Ro9llC/.og/at2.uheWG/igi', '1234567890', '2002-10-06', '8661 Bogan Field\nLucileborough, RI 61123-0197', '90281 Cecil Mews Apt. 981\nKoelpinmouth, VT 60015', 'ancien', NULL, NULL, '2021-04-07 09:18:11', '2021-04-07 09:18:11', 3),
(538, 'Quitzon', 'Gregorio', 'blick.wanda@example.net', '2021-04-07 09:18:11', '$2y$10$92IXUNpkjO0rOQ5byMi.Ye4oKoEa3Ro9llC/.og/at2.uheWG/igi', '1234567890', '2013-02-14', '5152 Alphonso Plain\nSchaeferfurt, LA 53037', '374 Heath View Suite 336\nEast Josefinabury, KS 16469', 'ancien', NULL, NULL, '2021-04-07 09:18:11', '2021-04-07 09:18:11', 3),
(539, 'Ortiz', 'Lonny', 'bryce11@example.net', '2021-04-07 09:18:11', '$2y$10$92IXUNpkjO0rOQ5byMi.Ye4oKoEa3Ro9llC/.og/at2.uheWG/igi', '1234567890', '2019-06-30', '28629 Rosalind Loop\nSchillerchester, RI 12179', '152 Kassulke Course\nDejahmouth, NY 40400', 'actif', NULL, NULL, '2021-04-07 09:18:11', '2021-04-07 09:18:11', 3),
(540, 'Harris', 'Eleanora', 'tamara.schmeler@example.net', '2021-04-07 09:18:11', '$2y$10$92IXUNpkjO0rOQ5byMi.Ye4oKoEa3Ro9llC/.og/at2.uheWG/igi', '1234567890', '2016-06-30', '814 Brown Groves\nRuthemouth, WA 54576', '13577 Shane Valleys\nHudsontown, VT 95693', 'actif', NULL, NULL, '2021-04-07 09:18:11', '2021-04-07 09:18:11', 3),
(541, 'Schuster', 'Brigitte', 'lindgren.mac@example.net', '2021-04-07 09:18:11', '$2y$10$92IXUNpkjO0rOQ5byMi.Ye4oKoEa3Ro9llC/.og/at2.uheWG/igi', '1234567890', '2001-09-01', '870 Weissnat Forges Suite 160\nNorth Johann, CO 69154-8133', '413 Reynold Drive\nSarinaborough, NY 59877-9179', 'actif', NULL, NULL, '2021-04-07 09:18:11', '2021-04-07 09:18:11', 3),
(542, 'Paucek', 'Antonette', 'zgleason@example.net', '2021-04-07 09:18:11', '$2y$10$92IXUNpkjO0rOQ5byMi.Ye4oKoEa3Ro9llC/.og/at2.uheWG/igi', '1234567890', '2013-05-17', '2989 Brooks Vista\nPaytonmouth, DC 17037-8650', '9169 Cordia Underpass\nKaelafort, KS 49066-9319', 'actif', NULL, NULL, '2021-04-07 09:18:12', '2021-04-07 09:18:12', 3),
(543, 'Kerluke', 'Maurine', 'jovan.fahey@example.org', '2021-04-07 09:18:12', '$2y$10$92IXUNpkjO0rOQ5byMi.Ye4oKoEa3Ro9llC/.og/at2.uheWG/igi', '1234567890', '2012-10-10', '2681 Adonis Walk Suite 610\nColeview, MS 50209', '3309 O\'Kon Vista\nWest Willymouth, CT 12720', 'ancien', NULL, NULL, '2021-04-07 09:18:12', '2021-04-07 09:18:12', 3),
(544, 'Reichert', 'Dorris', 'orn.amy@example.com', '2021-04-07 09:18:12', '$2y$10$92IXUNpkjO0rOQ5byMi.Ye4oKoEa3Ro9llC/.og/at2.uheWG/igi', '1234567890', '2006-01-20', '837 Estrella Landing Apt. 655\nLake Giashire, AR 28480', '79239 Lourdes Meadow\nBednarland, NC 51825-2026', 'actif', NULL, NULL, '2021-04-07 09:18:12', '2021-04-07 09:18:12', 3),
(545, 'Donnelly', 'Juvenal', 'cynthia.lindgren@example.net', '2021-04-07 09:18:12', '$2y$10$92IXUNpkjO0rOQ5byMi.Ye4oKoEa3Ro9llC/.og/at2.uheWG/igi', '1234567890', '2003-12-02', '54356 Hackett Stream\nLake Kole, VA 26549-6221', '195 Bechtelar Green Suite 866\nMabelchester, LA 23378', 'actif', NULL, NULL, '2021-04-07 09:18:12', '2021-04-07 09:18:12', 3),
(546, 'Stroman', 'Christy', 'yost.elenora@example.org', '2021-04-07 09:18:12', '$2y$10$92IXUNpkjO0rOQ5byMi.Ye4oKoEa3Ro9llC/.og/at2.uheWG/igi', '1234567890', '2011-04-06', '4718 Schamberger Prairie\nFlorianfort, DE 33881-1309', '9690 Ryan Trace\nRunolfssonstad, FL 33846-9174', 'ancien', NULL, NULL, '2021-04-07 09:18:12', '2021-04-07 09:18:12', 3),
(547, 'Schuster', 'Lincoln', 'bcole@example.com', '2021-04-07 09:18:12', '$2y$10$92IXUNpkjO0rOQ5byMi.Ye4oKoEa3Ro9llC/.og/at2.uheWG/igi', '1234567890', '2004-03-09', '9571 Caleb Village Suite 538\nGustborough, NY 92312', '966 Nicolas Cove Suite 101\nAdrainport, MO 84172', 'actif', NULL, NULL, '2021-04-07 09:18:12', '2021-04-07 09:18:12', 3),
(548, 'Kutch', 'Felix', 'kohler.ernesto@example.com', '2021-04-07 09:18:12', '$2y$10$92IXUNpkjO0rOQ5byMi.Ye4oKoEa3Ro9llC/.og/at2.uheWG/igi', '1234567890', '2019-11-24', '22067 Bradtke Mission\nEast Johanmouth, OH 01810-5838', '36814 Eileen Square\nMannfort, NY 69358-4351', 'actif', NULL, NULL, '2021-04-07 09:18:12', '2021-04-07 09:18:12', 3),
(549, 'Mayert', 'Dallin', 'karelle.kessler@example.org', '2021-04-07 09:18:12', '$2y$10$92IXUNpkjO0rOQ5byMi.Ye4oKoEa3Ro9llC/.og/at2.uheWG/igi', '1234567890', '2020-03-13', '96291 Avery Pike Suite 697\nSaigebury, MA 83456-4530', '9525 Lindgren Avenue Suite 141\nCronaburgh, NH 87386-4894', 'actif', NULL, NULL, '2021-04-07 09:18:12', '2021-04-07 09:18:12', 3),
(550, 'McCullough', 'Bridget', 'torphy.yadira@example.net', '2021-04-07 09:18:12', '$2y$10$92IXUNpkjO0rOQ5byMi.Ye4oKoEa3Ro9llC/.og/at2.uheWG/igi', '1234567890', '2015-07-28', '7539 Tremayne Rapid Apt. 886\nSouth Madilyn, ID 43441', '5648 Hoppe Mountains\nAlexburgh, WV 70234-8222', 'actif', NULL, NULL, '2021-04-07 09:18:12', '2021-04-07 09:18:12', 3),
(551, 'Upton', 'Sydni', 'mosciski.elnora@example.org', '2021-04-07 09:18:12', '$2y$10$92IXUNpkjO0rOQ5byMi.Ye4oKoEa3Ro9llC/.og/at2.uheWG/igi', '1234567890', '2004-03-11', '55115 Kade View Suite 950\nWelchmouth, UT 85046', '902 Bosco Shores\nNew Everardoland, PA 98545-7924', 'actif', NULL, NULL, '2021-04-07 09:18:12', '2021-04-07 09:18:12', 3),
(552, 'Bauch', 'Tierra', 'onie.schamberger@example.com', '2021-04-07 09:18:12', '$2y$10$92IXUNpkjO0rOQ5byMi.Ye4oKoEa3Ro9llC/.og/at2.uheWG/igi', '1234567890', '2008-08-04', '1101 Johnson Parkways Suite 264\nEast Jaquan, NV 65952', '5933 Adela Harbors\nElmirahaven, AR 56685', 'actif', NULL, NULL, '2021-04-07 09:18:12', '2021-04-07 09:18:12', 3),
(553, 'Heaney', 'Claudine', 'enrique.reichel@example.org', '2021-04-07 09:18:12', '$2y$10$92IXUNpkjO0rOQ5byMi.Ye4oKoEa3Ro9llC/.og/at2.uheWG/igi', '1234567890', '2008-03-21', '3480 Nelson Trace\nClaudineview, LA 91704', '17115 Balistreri Circle\nEast Katelin, KY 97477-8943', 'actif', NULL, NULL, '2021-04-07 09:18:12', '2021-04-07 09:18:12', 3),
(554, 'Ondricka', 'Kendrick', 'mhermann@example.net', '2021-04-07 09:18:12', '$2y$10$92IXUNpkjO0rOQ5byMi.Ye4oKoEa3Ro9llC/.og/at2.uheWG/igi', '1234567890', '2007-06-25', '81010 Alexa Throughway\nSkileschester, NM 95794', '1058 Sanford Stream Apt. 256\nJarrodmouth, HI 05290-3361', 'actif', NULL, NULL, '2021-04-07 09:18:12', '2021-04-07 09:18:12', 3),
(555, 'Hodkiewicz', 'Dalton', 'lera.shields@example.org', '2021-04-07 09:18:12', '$2y$10$92IXUNpkjO0rOQ5byMi.Ye4oKoEa3Ro9llC/.og/at2.uheWG/igi', '1234567890', '2019-08-14', '593 Amber Divide Suite 562\nHoweburgh, OK 39603', '1342 Boyle Skyway\nElenabury, KS 15145-3462', 'actif', NULL, NULL, '2021-04-07 09:18:12', '2021-04-07 09:18:12', 3),
(556, 'Littel', 'Kiarra', 'wilma82@example.com', '2021-04-07 09:18:12', '$2y$10$92IXUNpkjO0rOQ5byMi.Ye4oKoEa3Ro9llC/.og/at2.uheWG/igi', '1234567890', '2002-03-20', '6969 Hudson Via Suite 904\nEast Cheyennechester, NV 75784', '89754 Hansen Mews Suite 756\nKunzeport, UT 98688-8615', 'actif', NULL, NULL, '2021-04-07 09:18:12', '2021-04-07 09:18:12', 3),
(557, 'Gorczany', 'Karen', 'tdach@example.com', '2021-04-07 09:18:12', '$2y$10$92IXUNpkjO0rOQ5byMi.Ye4oKoEa3Ro9llC/.og/at2.uheWG/igi', '1234567890', '2015-02-10', '3736 Tillman Burgs Suite 083\nLake Preciousview, MS 01321-5810', '55857 Brisa Centers\nMarkshaven, WA 15625', 'ancien', NULL, NULL, '2021-04-07 09:18:12', '2021-04-07 09:18:12', 3),
(558, 'Lindgren', 'Jason', 'lera94@example.com', '2021-04-07 09:18:12', '$2y$10$92IXUNpkjO0rOQ5byMi.Ye4oKoEa3Ro9llC/.og/at2.uheWG/igi', '1234567890', '2018-05-16', '487 Spencer Villages\nLake Russel, MO 42308', '98690 Turner Crossing\nAthenamouth, UT 53984', 'actif', NULL, NULL, '2021-04-07 09:18:12', '2021-04-07 09:18:12', 3),
(559, 'Sipes', 'Jefferey', 'kasey.schultz@example.org', '2021-04-07 09:18:12', '$2y$10$92IXUNpkjO0rOQ5byMi.Ye4oKoEa3Ro9llC/.og/at2.uheWG/igi', '1234567890', '2019-11-30', '97169 Jacobs Land Suite 795\nCamilaborough, OH 78319', '4557 Jaycee Pass\nBeahantown, NJ 98662', 'actif', NULL, NULL, '2021-04-07 09:18:12', '2021-04-07 09:18:12', 3),
(560, 'Purdy', 'Rosalind', 'rollin.emard@example.com', '2021-04-07 09:18:12', '$2y$10$92IXUNpkjO0rOQ5byMi.Ye4oKoEa3Ro9llC/.og/at2.uheWG/igi', '1234567890', '2009-07-11', '4859 Ray Stravenue Apt. 406\nDonatomouth, NV 15119', '458 Herminia Common\nRogahnchester, VA 07604-4691', 'ancien', NULL, NULL, '2021-04-07 09:18:12', '2021-04-07 09:18:12', 3),
(561, 'Herman', 'Rory', 'olind@example.net', '2021-04-07 09:18:12', '$2y$10$92IXUNpkjO0rOQ5byMi.Ye4oKoEa3Ro9llC/.og/at2.uheWG/igi', '1234567890', '2010-09-23', '7725 Walsh Loaf Suite 200\nEast Edwin, RI 90424-8232', '857 Mayer Mount\nNew Vincent, WI 29634', 'actif', NULL, NULL, '2021-04-07 09:18:12', '2021-04-07 09:18:12', 3),
(562, 'Cruickshank', 'Agustin', 'suzanne.kilback@example.net', '2021-04-07 09:18:12', '$2y$10$92IXUNpkjO0rOQ5byMi.Ye4oKoEa3Ro9llC/.og/at2.uheWG/igi', '1234567890', '2002-02-19', '5013 Gaylord Plaza\nEast Theodora, OH 08263', '850 Ebert Union\nMaggietown, IA 07815-4101', 'actif', NULL, NULL, '2021-04-07 09:18:12', '2021-04-07 09:18:12', 3),
(563, 'Anderson', 'Coralie', 'littel.mylene@example.com', '2021-04-07 09:18:12', '$2y$10$92IXUNpkjO0rOQ5byMi.Ye4oKoEa3Ro9llC/.og/at2.uheWG/igi', '1234567890', '2003-09-20', '52869 Schuyler Neck\nPort Aurore, LA 40051', '60264 Meredith Union\nWest Kodyville, VT 69528', 'actif', NULL, NULL, '2021-04-07 09:18:12', '2021-04-07 09:18:12', 3),
(564, 'Koelpin', 'Haven', 'mklocko@example.net', '2021-04-07 09:18:12', '$2y$10$92IXUNpkjO0rOQ5byMi.Ye4oKoEa3Ro9llC/.og/at2.uheWG/igi', '1234567890', '2018-03-03', '6280 Daija Plains\nNorth Anashire, KY 10941', '39841 Pollich Views\nAshtynview, NJ 29268', 'actif', NULL, NULL, '2021-04-07 09:18:12', '2021-04-07 09:18:12', 3),
(565, 'Murazik', 'Brenda', 'abigale24@example.com', '2021-04-07 09:18:12', '$2y$10$92IXUNpkjO0rOQ5byMi.Ye4oKoEa3Ro9llC/.og/at2.uheWG/igi', '1234567890', '2019-10-10', '4018 Ceasar Lane\nCharleyhaven, NH 17788', '128 Shaniya Union Suite 840\nWest Gilesview, VA 24799-6698', 'actif', NULL, NULL, '2021-04-07 09:18:12', '2021-04-07 09:18:12', 3),
(566, 'Schmeler', 'Carissa', 'tate.kutch@example.net', '2021-04-07 09:18:12', '$2y$10$92IXUNpkjO0rOQ5byMi.Ye4oKoEa3Ro9llC/.og/at2.uheWG/igi', '1234567890', '2013-10-08', '8693 Dorris Shoal\nWest Camila, WA 98102', '34095 Ashly Camp Apt. 047\nWest Roger, KS 47947', 'actif', NULL, NULL, '2021-04-07 09:18:12', '2021-04-07 09:18:12', 3),
(567, 'Conroy', 'Maude', 'broderick15@example.net', '2021-04-07 09:18:12', '$2y$10$92IXUNpkjO0rOQ5byMi.Ye4oKoEa3Ro9llC/.og/at2.uheWG/igi', '1234567890', '2010-12-01', '106 Littel Camp Suite 093\nEast Eileen, WV 00423', '272 Cronin Station\nKatelynnport, DC 17736', 'actif', NULL, NULL, '2021-04-07 09:18:12', '2021-04-07 09:18:12', 3),
(568, 'Stokes', 'Lula', 'swaniawski.austyn@example.net', '2021-04-07 09:18:12', '$2y$10$92IXUNpkjO0rOQ5byMi.Ye4oKoEa3Ro9llC/.og/at2.uheWG/igi', '1234567890', '2007-03-29', '10587 Kutch Knolls\nLake Olgafurt, CT 74647', '8611 Kraig Pines Apt. 743\nNew Laverne, MO 33602', 'actif', NULL, NULL, '2021-04-07 09:18:12', '2021-04-07 09:18:12', 3),
(569, 'Frami', 'Blake', 'lola.bartell@example.com', '2021-04-07 09:18:12', '$2y$10$92IXUNpkjO0rOQ5byMi.Ye4oKoEa3Ro9llC/.og/at2.uheWG/igi', '1234567890', '2011-09-27', '53789 Kerluke Cape Apt. 258\nWest Alda, CA 76207-2116', '65919 Casandra Prairie Suite 952\nEast Winstonfort, LA 32742-4936', 'ancien', NULL, NULL, '2021-04-07 09:18:12', '2021-04-07 09:18:12', 3),
(570, 'Stoltenberg', 'Annalise', 'hilda.daniel@example.com', '2021-04-07 09:18:12', '$2y$10$92IXUNpkjO0rOQ5byMi.Ye4oKoEa3Ro9llC/.og/at2.uheWG/igi', '1234567890', '2012-03-10', '9336 Alexa Springs Apt. 136\nEast Dellville, AR 05457-9335', '14082 Gordon Common Suite 955\nLake Aglae, OR 28758-7571', 'ancien', NULL, NULL, '2021-04-07 09:18:12', '2021-04-07 09:18:12', 3),
(571, 'Beahan', 'Kasandra', 'turner.green@example.org', '2021-04-07 09:18:12', '$2y$10$92IXUNpkjO0rOQ5byMi.Ye4oKoEa3Ro9llC/.og/at2.uheWG/igi', '1234567890', '2016-07-09', '74097 Rodriguez Mission\nKirachester, GA 52776', '24780 Beier Points\nIvoryfort, NH 83816-7094', 'actif', NULL, NULL, '2021-04-07 09:18:12', '2021-04-07 09:18:12', 3),
(572, 'Blick', 'Antwan', 'antone97@example.com', '2021-04-07 09:18:12', '$2y$10$92IXUNpkjO0rOQ5byMi.Ye4oKoEa3Ro9llC/.og/at2.uheWG/igi', '1234567890', '2011-09-15', '77494 Karine Trail Apt. 730\nPort Eusebiostad, ND 15153-2928', '36919 Cummings Mountain Apt. 331\nTimothyberg, IN 67945-6112', 'actif', NULL, NULL, '2021-04-07 09:18:12', '2021-04-07 09:18:12', 3),
(573, 'Lesch', 'Tyree', 'melba.volkman@example.com', '2021-04-07 09:18:12', '$2y$10$92IXUNpkjO0rOQ5byMi.Ye4oKoEa3Ro9llC/.og/at2.uheWG/igi', '1234567890', '2011-04-14', '96955 Ullrich Locks Apt. 254\nDimitritown, NM 58873', '1769 Burdette Mill Apt. 526\nUptonfurt, ND 96189', 'ancien', NULL, NULL, '2021-04-07 09:18:12', '2021-04-07 09:18:12', 3),
(574, 'Crist', 'Godfrey', 'qdach@example.net', '2021-04-07 09:18:12', '$2y$10$92IXUNpkjO0rOQ5byMi.Ye4oKoEa3Ro9llC/.og/at2.uheWG/igi', '1234567890', '2012-02-19', '382 Schimmel Mountains\nNorth Tyratown, WA 84800', '4794 Natalie Harbor\nChristinemouth, MA 23197', 'actif', NULL, NULL, '2021-04-07 09:18:12', '2021-04-07 09:18:12', 3),
(575, 'Cronin', 'Lonzo', 'vena51@example.net', '2021-04-07 09:18:12', '$2y$10$92IXUNpkjO0rOQ5byMi.Ye4oKoEa3Ro9llC/.og/at2.uheWG/igi', '1234567890', '2008-07-31', '48187 Kub Street Suite 208\nOpheliaview, UT 60400-6571', '55580 Geraldine Hollow Suite 309\nSmithamview, DC 83188-8812', 'ancien', NULL, NULL, '2021-04-07 09:18:12', '2021-04-07 09:18:12', 3),
(576, 'Hessel', 'Jewell', 'xkunde@example.org', '2021-04-07 09:18:12', '$2y$10$92IXUNpkjO0rOQ5byMi.Ye4oKoEa3Ro9llC/.og/at2.uheWG/igi', '1234567890', '2018-09-09', '927 Baumbach Freeway\nStantonland, AL 09802', '232 Mayert Land\nWest Paul, AK 18018-2115', 'actif', NULL, NULL, '2021-04-07 09:18:12', '2021-04-07 09:18:12', 3),
(577, 'Bartell', 'Jeremy', 'lyda34@example.org', '2021-04-07 09:18:13', '$2y$10$92IXUNpkjO0rOQ5byMi.Ye4oKoEa3Ro9llC/.og/at2.uheWG/igi', '1234567890', '2006-07-07', '7044 Keeling Forks Suite 987\nNew Duane, PA 17616', '22998 Hickle Lights\nEast Kory, SC 99617-2926', 'actif', NULL, NULL, '2021-04-07 09:18:13', '2021-04-07 09:18:13', 3),
(578, 'Sanford', 'Rachael', 'melissa80@example.org', '2021-04-07 09:18:13', '$2y$10$92IXUNpkjO0rOQ5byMi.Ye4oKoEa3Ro9llC/.og/at2.uheWG/igi', '1234567890', '2003-12-01', '84708 Feeney Plain\nNicolasfort, DC 06385-2358', '912 Gutmann Locks Suite 369\nTheodoraton, FL 52447', 'actif', NULL, NULL, '2021-04-07 09:18:13', '2021-04-07 09:18:13', 3),
(579, 'Ruecker', 'Janet', 'stokes.emilia@example.com', '2021-04-07 09:18:13', '$2y$10$92IXUNpkjO0rOQ5byMi.Ye4oKoEa3Ro9llC/.og/at2.uheWG/igi', '1234567890', '2011-02-03', '754 Kuhlman Union\nPhilipton, DE 14611', '625 Zboncak Cliff\nSouth Brett, KY 71756', 'actif', NULL, NULL, '2021-04-07 09:18:13', '2021-04-07 09:18:13', 3);
INSERT INTO `cactus_etudiants` (`id`, `nom`, `prenom`, `email`, `email_verified_at`, `password`, `cin`, `date_naissance`, `lieu_naissance`, `adresse`, `status`, `photo`, `remember_token`, `created_at`, `updated_at`, `parcours_id`) VALUES
(580, 'Lesch', 'Makenzie', 'modesto.oreilly@example.net', '2021-04-07 09:18:13', '$2y$10$92IXUNpkjO0rOQ5byMi.Ye4oKoEa3Ro9llC/.og/at2.uheWG/igi', '1234567890', '2019-11-28', '12566 Lebsack Forest\nAndersonbury, ND 26086-3837', '1860 Neil Turnpike Suite 038\nHodkiewiczstad, DC 59299', 'actif', NULL, NULL, '2021-04-07 09:18:13', '2021-04-07 09:18:13', 3),
(581, 'Prohaska', 'Josefa', 'huels.geraldine@example.org', '2021-04-07 09:18:13', '$2y$10$92IXUNpkjO0rOQ5byMi.Ye4oKoEa3Ro9llC/.og/at2.uheWG/igi', '1234567890', '2014-12-17', '595 Rosendo Springs Suite 406\nColumbusville, UT 20154', '110 Mraz Extensions\nWest Lilly, GA 28931-9385', 'actif', NULL, NULL, '2021-04-07 09:18:13', '2021-04-07 09:18:13', 3),
(582, 'Konopelski', 'Stanton', 'cummerata.myriam@example.net', '2021-04-07 09:18:13', '$2y$10$92IXUNpkjO0rOQ5byMi.Ye4oKoEa3Ro9llC/.og/at2.uheWG/igi', '1234567890', '2009-02-11', '940 Gust Ville\nHansenshire, CT 64022', '930 Lexie Dam\nMosciskiville, MD 01468-7441', 'actif', NULL, NULL, '2021-04-07 09:18:13', '2021-04-07 09:18:13', 3),
(583, 'Little', 'Horacio', 'wuckert.roselyn@example.org', '2021-04-07 09:18:13', '$2y$10$92IXUNpkjO0rOQ5byMi.Ye4oKoEa3Ro9llC/.og/at2.uheWG/igi', '1234567890', '2003-01-26', '60434 Paucek Walks\nRobertamouth, AZ 86865', '66847 Anabelle Inlet\nShanyberg, MO 40553', 'actif', NULL, NULL, '2021-04-07 09:18:13', '2021-04-07 09:18:13', 3),
(584, 'Kunze', 'Price', 'mturcotte@example.net', '2021-04-07 09:18:13', '$2y$10$92IXUNpkjO0rOQ5byMi.Ye4oKoEa3Ro9llC/.og/at2.uheWG/igi', '1234567890', '2003-11-21', '8308 Reichel Radial\nShieldsshire, NH 36916', '95413 Allie Grove Suite 912\nSouth Ramonburgh, SC 11337-8490', 'actif', NULL, NULL, '2021-04-07 09:18:13', '2021-04-07 09:18:13', 3),
(585, 'Jakubowski', 'Francisca', 'abernathy.mose@example.com', '2021-04-07 09:18:13', '$2y$10$92IXUNpkjO0rOQ5byMi.Ye4oKoEa3Ro9llC/.og/at2.uheWG/igi', '1234567890', '2011-07-19', '734 Wisozk Junction Apt. 238\nWest Elroy, ND 13968-4736', '3525 Michele Bypass\nLake Izaiahfort, SC 26244', 'actif', NULL, NULL, '2021-04-07 09:18:13', '2021-04-07 09:18:13', 3),
(586, 'Padberg', 'Gladyce', 'hayes.antoinette@example.net', '2021-04-07 09:18:13', '$2y$10$92IXUNpkjO0rOQ5byMi.Ye4oKoEa3Ro9llC/.og/at2.uheWG/igi', '1234567890', '2008-01-08', '65137 Abernathy Knoll Suite 120\nPort Donato, MO 47494-6770', '6476 Bauch Walks Apt. 260\nRutherfordton, VA 54145-4628', 'ancien', NULL, NULL, '2021-04-07 09:18:13', '2021-04-07 09:18:13', 3),
(587, 'Jacobson', 'Mireya', 'harvey.amber@example.org', '2021-04-07 09:18:13', '$2y$10$92IXUNpkjO0rOQ5byMi.Ye4oKoEa3Ro9llC/.og/at2.uheWG/igi', '1234567890', '2007-10-09', '59425 Greenfelder Tunnel Suite 328\nEast Porter, GA 24726-4622', '33345 Gayle Locks Suite 393\nCharlestown, AZ 35600-8886', 'actif', NULL, NULL, '2021-04-07 09:18:13', '2021-04-07 09:18:13', 3),
(588, 'Herzog', 'Elmer', 'haley.adrianna@example.net', '2021-04-07 09:18:13', '$2y$10$92IXUNpkjO0rOQ5byMi.Ye4oKoEa3Ro9llC/.og/at2.uheWG/igi', '1234567890', '2006-02-12', '63360 Gottlieb Mews Suite 111\nEast Alize, SC 63714-9149', '55579 Keon Loop Apt. 693\nNakiaton, IL 04503-0377', 'actif', NULL, NULL, '2021-04-07 09:18:13', '2021-04-07 09:18:13', 3),
(589, 'Shields', 'Marianne', 'bahringer.carissa@example.net', '2021-04-07 09:18:13', '$2y$10$92IXUNpkjO0rOQ5byMi.Ye4oKoEa3Ro9llC/.og/at2.uheWG/igi', '1234567890', '2017-09-01', '34094 Zoie Course\nPort Reedstad, CT 49485-5544', '764 Williamson Glen\nLake Yeseniastad, NM 37802', 'actif', NULL, NULL, '2021-04-07 09:18:13', '2021-04-07 09:18:13', 3),
(590, 'Marvin', 'Kali', 'fkuvalis@example.net', '2021-04-07 09:18:13', '$2y$10$92IXUNpkjO0rOQ5byMi.Ye4oKoEa3Ro9llC/.og/at2.uheWG/igi', '1234567890', '2011-06-16', '71867 Hayes Row Apt. 299\nTillmanland, AK 63369', '53040 Walsh Cove Suite 509\nSamsonland, LA 90868-3802', 'actif', NULL, NULL, '2021-04-07 09:18:13', '2021-04-07 09:18:13', 3),
(591, 'O\'Conner', 'Vito', 'beer.adelle@example.org', '2021-04-07 09:18:13', '$2y$10$92IXUNpkjO0rOQ5byMi.Ye4oKoEa3Ro9llC/.og/at2.uheWG/igi', '1234567890', '2012-02-17', '6609 Lucinda Bypass\nNorth Adalinemouth, MD 78592', '4976 Will Mill\nMayermouth, GA 14885', 'actif', NULL, NULL, '2021-04-07 09:18:13', '2021-04-07 09:18:13', 3),
(592, 'Kihn', 'Jacinthe', 'schaefer.william@example.org', '2021-04-07 09:18:13', '$2y$10$92IXUNpkjO0rOQ5byMi.Ye4oKoEa3Ro9llC/.og/at2.uheWG/igi', '1234567890', '2016-08-25', '25598 Dibbert Trafficway\nJustenstad, DE 41292-3250', '6296 Bernice Trail Suite 493\nMarinashire, CT 72143', 'actif', NULL, NULL, '2021-04-07 09:18:13', '2021-04-07 09:18:13', 3),
(593, 'Schamberger', 'Susie', 'lueilwitz.melisa@example.net', '2021-04-07 09:18:13', '$2y$10$92IXUNpkjO0rOQ5byMi.Ye4oKoEa3Ro9llC/.og/at2.uheWG/igi', '1234567890', '2006-06-26', '347 Huels Village Apt. 966\nAltenwerthmouth, ID 03738-1138', '417 Stoltenberg Overpass Apt. 455\nNew Stephonmouth, NM 97948-3269', 'actif', NULL, NULL, '2021-04-07 09:18:13', '2021-04-07 09:18:13', 3),
(594, 'Goldner', 'Macy', 'jayda.mertz@example.com', '2021-04-07 09:18:13', '$2y$10$92IXUNpkjO0rOQ5byMi.Ye4oKoEa3Ro9llC/.og/at2.uheWG/igi', '1234567890', '2018-04-12', '627 Tatum Road\nHudsonton, NC 94648-8178', '15750 Rudy Fort Suite 830\nEast Kileyburgh, MO 34611', 'actif', NULL, NULL, '2021-04-07 09:18:13', '2021-04-07 09:18:13', 3),
(595, 'Torphy', 'Cicero', 'ofay@example.net', '2021-04-07 09:18:13', '$2y$10$92IXUNpkjO0rOQ5byMi.Ye4oKoEa3Ro9llC/.og/at2.uheWG/igi', '1234567890', '2007-06-17', '3815 Prohaska Shores\nEast Edenfort, HI 65988', '7511 Farrell Mills Suite 578\nAbshiremouth, FL 18442', 'actif', NULL, NULL, '2021-04-07 09:18:13', '2021-04-07 09:18:13', 3),
(596, 'Marvin', 'Caleigh', 'cortez.ernser@example.com', '2021-04-07 09:18:13', '$2y$10$92IXUNpkjO0rOQ5byMi.Ye4oKoEa3Ro9llC/.og/at2.uheWG/igi', '1234567890', '2017-07-28', '430 Chelsey Junction\nBentonfurt, CA 09660', '550 Joanie Knoll\nRauchester, NH 09829-2864', 'ancien', NULL, NULL, '2021-04-07 09:18:13', '2021-04-07 09:18:13', 3),
(597, 'Haag', 'John', 'claudine67@example.com', '2021-04-07 09:18:13', '$2y$10$92IXUNpkjO0rOQ5byMi.Ye4oKoEa3Ro9llC/.og/at2.uheWG/igi', '1234567890', '2018-06-09', '9948 Block Pines Apt. 290\nQuintonburgh, NV 87591', '360 Ferne Drives Apt. 375\nHirthechester, CO 70272', 'actif', NULL, NULL, '2021-04-07 09:18:13', '2021-04-07 09:18:13', 3),
(598, 'Roberts', 'Herminia', 'eichmann.felix@example.net', '2021-04-07 09:18:13', '$2y$10$92IXUNpkjO0rOQ5byMi.Ye4oKoEa3Ro9llC/.og/at2.uheWG/igi', '1234567890', '2013-01-12', '134 Josephine Parkways\nWuckerttown, VT 66664', '449 Chanelle Park Suite 503\nRahsaanland, NY 85773', 'actif', NULL, NULL, '2021-04-07 09:18:13', '2021-04-07 09:18:13', 3),
(599, 'Wilkinson', 'Ryleigh', 'rhuel@example.org', '2021-04-07 09:18:13', '$2y$10$92IXUNpkjO0rOQ5byMi.Ye4oKoEa3Ro9llC/.og/at2.uheWG/igi', '1234567890', '2012-07-24', '15230 Dante Pines Apt. 970\nMadysonland, IA 97863-9419', '582 Morissette Light Suite 328\nSouth Floridahaven, OK 79601', 'ancien', NULL, NULL, '2021-04-07 09:18:13', '2021-04-07 09:18:13', 3),
(600, 'Conroy', 'Rene', 'carleton01@example.com', '2021-04-07 09:18:13', '$2y$10$92IXUNpkjO0rOQ5byMi.Ye4oKoEa3Ro9llC/.og/at2.uheWG/igi', '1234567890', '2013-09-28', '29854 Johns Vista\nWest Kacieborough, WV 22332', '4209 Hermann Manors\nTroymouth, NV 00397', 'actif', NULL, NULL, '2021-04-07 09:18:13', '2021-04-07 09:18:13', 3),
(601, 'Haag', 'Geovanni', 'igislason@example.org', '2021-04-07 09:18:13', '$2y$10$92IXUNpkjO0rOQ5byMi.Ye4oKoEa3Ro9llC/.og/at2.uheWG/igi', '1234567890', '2019-05-22', '74479 Darrell Alley Suite 908\nPort Karina, IN 23630', '462 Juvenal Rue Suite 102\nTomfurt, WI 84258', 'ancien', NULL, NULL, '2021-04-07 09:18:13', '2021-04-07 09:18:13', 3),
(602, 'Stark', 'Elvera', 'lindgren.baron@example.com', '2021-04-07 09:18:13', '$2y$10$92IXUNpkjO0rOQ5byMi.Ye4oKoEa3Ro9llC/.og/at2.uheWG/igi', '1234567890', '2006-03-20', '3654 Hilpert Green Apt. 414\nEast Amaraview, OK 02070-8454', '834 Schulist Locks Suite 520\nLake Eve, MI 75707-7310', 'actif', NULL, NULL, '2021-04-07 09:18:13', '2021-04-07 09:18:13', 3),
(603, 'Beatty', 'Jerel', 'bpowlowski@example.com', '2021-04-07 09:18:13', '$2y$10$92IXUNpkjO0rOQ5byMi.Ye4oKoEa3Ro9llC/.og/at2.uheWG/igi', '1234567890', '2004-09-22', '35363 Delfina Glens Suite 429\nWest Maureenstad, PA 09800-6140', '50280 Immanuel Spring Suite 393\nSouth Gailberg, VA 72827', 'ancien', NULL, NULL, '2021-04-07 09:18:13', '2021-04-07 09:18:13', 3),
(604, 'Jakubowski', 'Eliza', 'rolfson.pink@example.net', '2021-04-07 09:18:13', '$2y$10$92IXUNpkjO0rOQ5byMi.Ye4oKoEa3Ro9llC/.og/at2.uheWG/igi', '1234567890', '2007-12-10', '44450 Owen Canyon Apt. 058\nJoanyton, FL 30075-8583', '1587 Haley Underpass Apt. 174\nEast Patsy, IA 54301', 'actif', NULL, NULL, '2021-04-07 09:18:13', '2021-04-07 09:18:13', 3),
(605, 'Lind', 'Crawford', 'ylueilwitz@example.com', '2021-04-07 09:18:13', '$2y$10$92IXUNpkjO0rOQ5byMi.Ye4oKoEa3Ro9llC/.og/at2.uheWG/igi', '1234567890', '2004-10-09', '97652 Haley Street\nEast Robynfort, DE 67172-2679', '517 Izabella Landing\nRosettaville, NM 37644', 'actif', NULL, NULL, '2021-04-07 09:18:13', '2021-04-07 09:18:13', 3),
(606, 'Bradtke', 'Terrill', 'ntreutel@example.net', '2021-04-07 09:18:13', '$2y$10$92IXUNpkjO0rOQ5byMi.Ye4oKoEa3Ro9llC/.og/at2.uheWG/igi', '1234567890', '2021-01-09', '1415 Jamey Harbor Apt. 009\nKaitlynfort, CT 48216-4337', '458 Frieda Skyway Suite 226\nNew Alexandrinemouth, NY 28363-1584', 'actif', NULL, NULL, '2021-04-07 09:18:13', '2021-04-07 09:18:13', 3),
(607, 'Jacobs', 'Kyle', 'altenwerth.cali@example.org', '2021-04-07 09:18:13', '$2y$10$92IXUNpkjO0rOQ5byMi.Ye4oKoEa3Ro9llC/.og/at2.uheWG/igi', '1234567890', '2010-11-29', '73021 Crist Port Suite 227\nEast Nicholausfurt, WV 36889-3278', '7663 Claire Plain Suite 736\nDestineetown, AL 74694-2595', 'actif', NULL, NULL, '2021-04-07 09:18:13', '2021-04-07 09:18:13', 3),
(608, 'Mann', 'Ebony', 'schuppe.vern@example.org', '2021-04-07 09:18:13', '$2y$10$92IXUNpkjO0rOQ5byMi.Ye4oKoEa3Ro9llC/.og/at2.uheWG/igi', '1234567890', '2020-01-29', '789 Vanessa Islands\nNorth Babytown, MN 31315', '260 Gabrielle Common Suite 190\nPort Garnettmouth, AK 77919-6157', 'actif', NULL, NULL, '2021-04-07 09:18:13', '2021-04-07 09:18:13', 3),
(609, 'Stamm', 'Buck', 'harvey.tamara@example.com', '2021-04-07 09:18:13', '$2y$10$92IXUNpkjO0rOQ5byMi.Ye4oKoEa3Ro9llC/.og/at2.uheWG/igi', '1234567890', '2021-03-22', '2030 Mariane Islands\nAverymouth, MT 13605', '3841 Kohler Road Suite 859\nPort Julien, GA 90714', 'ancien', NULL, NULL, '2021-04-07 09:18:13', '2021-04-07 09:18:13', 3),
(610, 'Beier', 'Mariah', 'slindgren@example.com', '2021-04-07 09:18:13', '$2y$10$92IXUNpkjO0rOQ5byMi.Ye4oKoEa3Ro9llC/.og/at2.uheWG/igi', '1234567890', '2001-12-02', '3747 Reynold Meadows\nMosciskiberg, NM 88519', '93571 Kari Crescent Apt. 724\nTrantowbury, MD 90960-4939', 'actif', NULL, NULL, '2021-04-07 09:18:13', '2021-04-07 09:18:13', 3),
(611, 'Hamill', 'Thad', 'orville58@example.com', '2021-04-07 09:18:14', '$2y$10$92IXUNpkjO0rOQ5byMi.Ye4oKoEa3Ro9llC/.og/at2.uheWG/igi', '1234567890', '2016-10-10', '62513 Stokes Squares Suite 027\nKutchhaven, NM 20070-6023', '27717 Tracy Tunnel Suite 774\nNew Theastad, SD 11161-1015', 'actif', NULL, NULL, '2021-04-07 09:18:14', '2021-04-07 09:18:14', 3),
(612, 'Stamm', 'Earl', 'heaney.shanon@example.org', '2021-04-07 09:18:14', '$2y$10$92IXUNpkjO0rOQ5byMi.Ye4oKoEa3Ro9llC/.og/at2.uheWG/igi', '1234567890', '2017-01-12', '887 Bobby Forge Suite 057\nEast Reyes, AR 22009', '5168 Melody Orchard Apt. 313\nLake Hollis, OR 66557-9697', 'actif', NULL, NULL, '2021-04-07 09:18:14', '2021-04-07 09:18:14', 3),
(613, 'Stracke', 'Stevie', 'caesar.zulauf@example.net', '2021-04-07 09:18:14', '$2y$10$92IXUNpkjO0rOQ5byMi.Ye4oKoEa3Ro9llC/.og/at2.uheWG/igi', '1234567890', '2008-12-13', '5478 Aaron Causeway Apt. 184\nWest Orval, NM 97479-8703', '94956 Kessler Squares Suite 172\nNew Mariahchester, MD 16231', 'actif', NULL, NULL, '2021-04-07 09:18:14', '2021-04-07 09:18:14', 3),
(614, 'Keeling', 'Daphney', 'gracie.romaguera@example.net', '2021-04-07 09:18:14', '$2y$10$92IXUNpkjO0rOQ5byMi.Ye4oKoEa3Ro9llC/.og/at2.uheWG/igi', '1234567890', '2012-05-15', '841 Barrows Overpass\nKuphalburgh, FL 35428', '4500 Will Locks\nBrentton, IN 55970-7853', 'actif', NULL, NULL, '2021-04-07 09:18:14', '2021-04-07 09:18:14', 3),
(615, 'VonRueden', 'Cade', 'wilkinson.vicente@example.net', '2021-04-07 09:18:14', '$2y$10$92IXUNpkjO0rOQ5byMi.Ye4oKoEa3Ro9llC/.og/at2.uheWG/igi', '1234567890', '2008-02-16', '7294 O\'Connell Station\nNorth Junior, LA 57069-6848', '744 Jenkins Plaza\nNorth Norbertville, AL 68937-8349', 'actif', NULL, NULL, '2021-04-07 09:18:14', '2021-04-07 09:18:14', 3),
(616, 'Ledner', 'Alayna', 'ron28@example.org', '2021-04-07 09:18:14', '$2y$10$92IXUNpkjO0rOQ5byMi.Ye4oKoEa3Ro9llC/.og/at2.uheWG/igi', '1234567890', '2013-12-19', '174 Hane Mill Apt. 310\nAdolphhaven, VA 13490-8583', '13823 Dillan Radial Suite 259\nSouth Randallchester, MT 06862-5428', 'actif', NULL, NULL, '2021-04-07 09:18:14', '2021-04-07 09:18:14', 3),
(617, 'Stracke', 'Leopoldo', 'darrel.frami@example.com', '2021-04-07 09:18:14', '$2y$10$92IXUNpkjO0rOQ5byMi.Ye4oKoEa3Ro9llC/.og/at2.uheWG/igi', '1234567890', '2008-01-03', '818 Barton Fall Suite 313\nEvelynberg, MN 40810-9425', '7289 Brennon Spur Suite 570\nCarlostad, HI 22629-2813', 'ancien', NULL, NULL, '2021-04-07 09:18:14', '2021-04-07 09:18:14', 3),
(618, 'Thiel', 'Kenyatta', 'eileen.dare@example.com', '2021-04-07 09:18:14', '$2y$10$92IXUNpkjO0rOQ5byMi.Ye4oKoEa3Ro9llC/.og/at2.uheWG/igi', '1234567890', '2008-09-01', '785 Olson Mountain\nEdytheport, UT 65408-9433', '3164 Freddie Path\nNorth Russellfort, RI 76619-6998', 'ancien', NULL, NULL, '2021-04-07 09:18:14', '2021-04-07 09:18:14', 3),
(619, 'Murphy', 'Leilani', 'earlene.bernier@example.net', '2021-04-07 09:18:14', '$2y$10$92IXUNpkjO0rOQ5byMi.Ye4oKoEa3Ro9llC/.og/at2.uheWG/igi', '1234567890', '2007-05-29', '654 Will Extensions\nMadelynnton, OR 71525-9892', '436 Vandervort Spring Suite 870\nOlsonborough, AK 49241-0077', 'actif', NULL, NULL, '2021-04-07 09:18:14', '2021-04-07 09:18:14', 3),
(620, 'Kemmer', 'Sadie', 'buck.barrows@example.net', '2021-04-07 09:18:14', '$2y$10$92IXUNpkjO0rOQ5byMi.Ye4oKoEa3Ro9llC/.og/at2.uheWG/igi', '1234567890', '2016-11-04', '47848 Adrain Meadow\nFosterstad, PA 49555-3986', '3369 Schowalter Terrace\nEladiomouth, MI 23502-9575', 'actif', NULL, NULL, '2021-04-07 09:18:14', '2021-04-07 09:18:14', 3),
(621, 'Schmeler', 'Samson', 'lind.cathryn@example.net', '2021-04-07 09:18:14', '$2y$10$92IXUNpkjO0rOQ5byMi.Ye4oKoEa3Ro9llC/.og/at2.uheWG/igi', '1234567890', '2012-06-08', '8938 Ratke Track Apt. 917\nHaileeland, RI 02681', '61841 Coby Shoals Apt. 406\nWest Eleonorestad, ID 91618', 'actif', NULL, NULL, '2021-04-07 09:18:14', '2021-04-07 09:18:14', 3),
(622, 'Goodwin', 'Annabel', 'prosacco.modesto@example.net', '2021-04-07 09:18:14', '$2y$10$92IXUNpkjO0rOQ5byMi.Ye4oKoEa3Ro9llC/.og/at2.uheWG/igi', '1234567890', '2020-07-11', '598 Grimes River Apt. 081\nNew Lonnytown, LA 81673', '2573 White Camp Apt. 580\nNorth Dawson, MI 10270-1708', 'actif', NULL, NULL, '2021-04-07 09:18:14', '2021-04-07 09:18:14', 3),
(623, 'Kihn', 'Hubert', 'nicolas.katlynn@example.com', '2021-04-07 09:18:14', '$2y$10$92IXUNpkjO0rOQ5byMi.Ye4oKoEa3Ro9llC/.og/at2.uheWG/igi', '1234567890', '2011-10-09', '244 Fisher Light Apt. 059\nLockmanfort, RI 51439-6274', '658 Gottlieb Point Suite 370\nVandervortview, VT 36359', 'actif', NULL, NULL, '2021-04-07 09:18:14', '2021-04-07 09:18:14', 3),
(624, 'Reichert', 'Garrison', 'gabriella47@example.com', '2021-04-07 09:18:14', '$2y$10$92IXUNpkjO0rOQ5byMi.Ye4oKoEa3Ro9llC/.og/at2.uheWG/igi', '1234567890', '2002-03-05', '4830 Dach Ports\nWest Hortense, AK 49493', '27051 Monahan Parkway Apt. 992\nEmiliaside, MA 05709-0766', 'actif', NULL, NULL, '2021-04-07 09:18:14', '2021-04-07 09:18:14', 3),
(625, 'Medhurst', 'Krystal', 'brandyn14@example.org', '2021-04-07 09:18:14', '$2y$10$92IXUNpkjO0rOQ5byMi.Ye4oKoEa3Ro9llC/.og/at2.uheWG/igi', '1234567890', '2020-12-22', '498 Ondricka River Apt. 013\nSpinkatown, PA 20765-3763', '103 Katheryn Expressway\nWest Johnniestad, CO 30956', 'actif', NULL, NULL, '2021-04-07 09:18:14', '2021-04-07 09:18:14', 3),
(626, 'Cole', 'Celine', 'wintheiser.barton@example.org', '2021-04-07 09:18:14', '$2y$10$92IXUNpkjO0rOQ5byMi.Ye4oKoEa3Ro9llC/.og/at2.uheWG/igi', '1234567890', '2004-05-25', '53250 Nikolaus Extensions\nKilbackstad, MI 78353-4796', '165 Blanda Fort\nStokestown, MD 08927', 'actif', NULL, NULL, '2021-04-07 09:18:14', '2021-04-07 09:18:14', 3),
(627, 'Streich', 'Ole', 'gleason.krista@example.org', '2021-04-07 09:18:14', '$2y$10$92IXUNpkjO0rOQ5byMi.Ye4oKoEa3Ro9llC/.og/at2.uheWG/igi', '1234567890', '2018-05-27', '2822 Zack Creek\nNew Alize, SC 66804-7404', '82070 Zoe Fords Apt. 312\nWest Ezequielport, OH 35818', 'actif', NULL, NULL, '2021-04-07 09:18:14', '2021-04-07 09:18:14', 3),
(628, 'Haag', 'Barry', 'eryn59@example.com', '2021-04-07 09:18:14', '$2y$10$92IXUNpkjO0rOQ5byMi.Ye4oKoEa3Ro9llC/.og/at2.uheWG/igi', '1234567890', '2019-02-05', '5484 Rath Shores Apt. 632\nEast Alysa, TX 58194', '9484 Reba Island\nCummingsberg, HI 49344', 'actif', NULL, NULL, '2021-04-07 09:18:14', '2021-04-07 09:18:14', 3),
(629, 'Corwin', 'Baron', 'ehessel@example.org', '2021-04-07 09:18:14', '$2y$10$92IXUNpkjO0rOQ5byMi.Ye4oKoEa3Ro9llC/.og/at2.uheWG/igi', '1234567890', '2015-08-07', '24041 Bauch Roads Suite 705\nHirtheshire, AL 23733-6945', '974 Roscoe Heights Apt. 450\nSouth Dereck, OK 35421-7533', 'actif', NULL, NULL, '2021-04-07 09:18:14', '2021-04-07 09:18:14', 3),
(630, 'Wuckert', 'Shyanne', 'dickens.neoma@example.org', '2021-04-07 09:18:14', '$2y$10$92IXUNpkjO0rOQ5byMi.Ye4oKoEa3Ro9llC/.og/at2.uheWG/igi', '1234567890', '2015-04-27', '920 Turner Coves Apt. 733\nNew Willahaven, AL 04809-4149', '5187 Chesley Port Apt. 584\nGunnarborough, MD 53099', 'ancien', NULL, NULL, '2021-04-07 09:18:14', '2021-04-07 09:18:14', 3),
(631, 'Waelchi', 'Karl', 'vbecker@example.net', '2021-04-07 09:18:14', '$2y$10$92IXUNpkjO0rOQ5byMi.Ye4oKoEa3Ro9llC/.og/at2.uheWG/igi', '1234567890', '2018-11-13', '16567 Rath Creek\nMillerborough, RI 13002-3975', '74825 Davis Brooks Apt. 347\nNorth Eveland, NH 70315-8699', 'ancien', NULL, NULL, '2021-04-07 09:18:14', '2021-04-07 09:18:14', 3),
(632, 'Nolan', 'Dasia', 'kuvalis.simeon@example.org', '2021-04-07 09:18:14', '$2y$10$92IXUNpkjO0rOQ5byMi.Ye4oKoEa3Ro9llC/.og/at2.uheWG/igi', '1234567890', '2014-07-01', '1426 Alison Union\nAndersonland, AL 58331-2101', '393 Eden Stravenue\nWest Tyriqueberg, ID 78787', 'actif', NULL, NULL, '2021-04-07 09:18:14', '2021-04-07 09:18:14', 3),
(633, 'Veum', 'Ludwig', 'ernser.tyson@example.net', '2021-04-07 09:18:14', '$2y$10$92IXUNpkjO0rOQ5byMi.Ye4oKoEa3Ro9llC/.og/at2.uheWG/igi', '1234567890', '2009-03-24', '42683 Konopelski Ranch\nLake Burdettechester, ND 57832-5819', '26388 Schuppe Passage\nBrianaside, WY 49027-2554', 'actif', NULL, NULL, '2021-04-07 09:18:14', '2021-04-07 09:18:14', 3),
(634, 'Dare', 'Leola', 'dubuque.precious@example.org', '2021-04-07 09:18:14', '$2y$10$92IXUNpkjO0rOQ5byMi.Ye4oKoEa3Ro9llC/.og/at2.uheWG/igi', '1234567890', '2018-08-29', '3386 Karine Parkway Suite 583\nPort Jordy, ID 51486-1184', '9272 Judah Crossing\nVelmaview, FL 78686', 'actif', NULL, NULL, '2021-04-07 09:18:14', '2021-04-07 09:18:14', 3),
(635, 'Kuhic', 'Kariane', 'kirlin.mavis@example.net', '2021-04-07 09:18:14', '$2y$10$92IXUNpkjO0rOQ5byMi.Ye4oKoEa3Ro9llC/.og/at2.uheWG/igi', '1234567890', '2013-03-17', '24817 Schinner Cliff Apt. 250\nLake Maybelle, KY 35011', '8622 Kreiger Circle Suite 032\nSouth Belle, MI 98646-9210', 'actif', NULL, NULL, '2021-04-07 09:18:14', '2021-04-07 09:18:14', 3),
(636, 'Goyette', 'Ophelia', 'jakubowski.jayden@example.net', '2021-04-07 09:18:14', '$2y$10$92IXUNpkjO0rOQ5byMi.Ye4oKoEa3Ro9llC/.og/at2.uheWG/igi', '1234567890', '2016-08-16', '55104 Larson Lane\nEast Abdielmouth, NC 59151-0281', '71772 Schamberger Viaduct\nGislasonborough, NM 10797-4190', 'actif', NULL, NULL, '2021-04-07 09:18:14', '2021-04-07 09:18:14', 3),
(637, 'Jacobs', 'Evan', 'ihamill@example.net', '2021-04-07 09:18:14', '$2y$10$92IXUNpkjO0rOQ5byMi.Ye4oKoEa3Ro9llC/.og/at2.uheWG/igi', '1234567890', '2016-11-23', '638 Lavonne Camp\nProhaskaside, NH 91658-5768', '9241 Armando Locks Suite 366\nPort Xzavierburgh, NY 64701', 'actif', NULL, NULL, '2021-04-07 09:18:14', '2021-04-07 09:18:14', 3),
(638, 'Bednar', 'Mireya', 'nlesch@example.org', '2021-04-07 09:18:14', '$2y$10$92IXUNpkjO0rOQ5byMi.Ye4oKoEa3Ro9llC/.og/at2.uheWG/igi', '1234567890', '2003-07-10', '30988 Abbott Parkway Apt. 402\nEast Courtneytown, NH 17869-8762', '24272 Hegmann Shores\nNew Ricky, SC 35103-8611', 'actif', NULL, NULL, '2021-04-07 09:18:14', '2021-04-07 09:18:14', 3),
(639, 'Feest', 'Sage', 'mathilde.hermiston@example.org', '2021-04-07 09:18:15', '$2y$10$92IXUNpkjO0rOQ5byMi.Ye4oKoEa3Ro9llC/.og/at2.uheWG/igi', '1234567890', '2009-12-21', '56224 Boyd Squares\nNicholeview, WY 52079-7288', '43947 Jermain Port\nWestonburgh, NM 56899-0117', 'actif', NULL, NULL, '2021-04-07 09:18:15', '2021-04-07 09:18:15', 3),
(640, 'Howell', 'Lavina', 'bashirian.lowell@example.net', '2021-04-07 09:18:15', '$2y$10$92IXUNpkjO0rOQ5byMi.Ye4oKoEa3Ro9llC/.og/at2.uheWG/igi', '1234567890', '2006-01-27', '511 Murphy Heights Suite 822\nLabadiestad, MN 14615-7289', '188 Wilma Alley Suite 221\nKoelpinburgh, CA 45450-0103', 'actif', NULL, NULL, '2021-04-07 09:18:15', '2021-04-07 09:18:15', 3),
(641, 'Walsh', 'Madaline', 'nash74@example.com', '2021-04-07 09:18:15', '$2y$10$92IXUNpkjO0rOQ5byMi.Ye4oKoEa3Ro9llC/.og/at2.uheWG/igi', '1234567890', '2005-03-22', '660 Grant Light\nSouth Princefurt, AK 81452-6910', '113 Barton Freeway Apt. 926\nPort Cloydberg, FL 44738', 'actif', NULL, NULL, '2021-04-07 09:18:15', '2021-04-07 09:18:15', 3),
(642, 'Leannon', 'Cletus', 'tania.erdman@example.com', '2021-04-07 09:18:15', '$2y$10$92IXUNpkjO0rOQ5byMi.Ye4oKoEa3Ro9llC/.og/at2.uheWG/igi', '1234567890', '2017-09-12', '24478 Jon Expressway\nNorth Aleen, MA 15238-4645', '12816 Christelle Ville Apt. 566\nSouth Dejonhaven, WA 55516-8705', 'ancien', NULL, NULL, '2021-04-07 09:18:15', '2021-04-07 09:18:15', 3),
(643, 'Koelpin', 'Wilhelmine', 'zulauf.levi@example.net', '2021-04-07 09:18:15', '$2y$10$92IXUNpkjO0rOQ5byMi.Ye4oKoEa3Ro9llC/.og/at2.uheWG/igi', '1234567890', '2017-06-02', '28684 Nolan Isle\nDooleymouth, AZ 80474-1363', '36301 Nakia Lights\nEmmanuelside, HI 08655-9630', 'actif', NULL, NULL, '2021-04-07 09:18:15', '2021-04-07 09:18:15', 3),
(644, 'Gerhold', 'Emie', 'baby79@example.com', '2021-04-07 09:18:15', '$2y$10$92IXUNpkjO0rOQ5byMi.Ye4oKoEa3Ro9llC/.og/at2.uheWG/igi', '1234567890', '2007-06-18', '787 Lavada Common Apt. 057\nAufderharshire, MN 00100', '5616 Stracke Cliffs\nNew Jazmyn, NV 45378-5988', 'ancien', NULL, NULL, '2021-04-07 09:18:15', '2021-04-07 09:18:15', 3),
(645, 'Gusikowski', 'Velma', 'estrella26@example.org', '2021-04-07 09:18:15', '$2y$10$92IXUNpkjO0rOQ5byMi.Ye4oKoEa3Ro9llC/.og/at2.uheWG/igi', '1234567890', '2002-12-12', '6086 Juana Mount Apt. 429\nWest Joannebury, CO 12244', '794 Mayert Squares Suite 574\nSouth Jayme, SC 81745', 'actif', NULL, NULL, '2021-04-07 09:18:15', '2021-04-07 09:18:15', 3),
(646, 'McGlynn', 'Judson', 'katarina19@example.org', '2021-04-07 09:18:15', '$2y$10$92IXUNpkjO0rOQ5byMi.Ye4oKoEa3Ro9llC/.og/at2.uheWG/igi', '1234567890', '2017-02-18', '75223 Kassulke Path Suite 050\nWest Kaylah, CA 89924', '810 Armani Throughway\nRyannview, KY 95919-7736', 'actif', NULL, NULL, '2021-04-07 09:18:15', '2021-04-07 09:18:15', 3),
(647, 'Huels', 'Beaulah', 'antwan.schultz@example.net', '2021-04-07 09:18:15', '$2y$10$92IXUNpkjO0rOQ5byMi.Ye4oKoEa3Ro9llC/.og/at2.uheWG/igi', '1234567890', '2014-12-06', '9559 Griffin Fort Suite 273\nSimonisfurt, AZ 36891-0185', '6939 Hudson Streets\nNorth Josefachester, SC 19135-5228', 'ancien', NULL, NULL, '2021-04-07 09:18:15', '2021-04-07 09:18:15', 3),
(648, 'Hilpert', 'Amya', 'skiles.rico@example.net', '2021-04-07 09:18:15', '$2y$10$92IXUNpkjO0rOQ5byMi.Ye4oKoEa3Ro9llC/.og/at2.uheWG/igi', '1234567890', '2007-10-26', '1150 Eugenia Stravenue\nEast Ryleeborough, OR 73760', '9691 Virgie Freeway\nAlexiebury, CO 63836-9650', 'ancien', NULL, NULL, '2021-04-07 09:18:15', '2021-04-07 09:18:15', 3),
(649, 'King', 'Norwood', 'usmitham@example.org', '2021-04-07 09:18:15', '$2y$10$92IXUNpkjO0rOQ5byMi.Ye4oKoEa3Ro9llC/.og/at2.uheWG/igi', '1234567890', '2020-01-15', '56712 Jacobson Ford Suite 182\nWest Winnifredborough, TX 53961-9419', '13816 Schmeler Ferry Apt. 621\nWest Nashstad, NY 15417-0943', 'actif', NULL, NULL, '2021-04-07 09:18:15', '2021-04-07 09:18:15', 3),
(650, 'Dach', 'London', 'derrick07@example.net', '2021-04-07 09:18:15', '$2y$10$92IXUNpkjO0rOQ5byMi.Ye4oKoEa3Ro9llC/.og/at2.uheWG/igi', '1234567890', '2006-02-02', '62918 Cummerata Drives\nGarlandton, WY 28870', '716 Rachael Highway Apt. 576\nWest Stephantown, DC 09864', 'actif', NULL, NULL, '2021-04-07 09:18:15', '2021-04-07 09:18:15', 3),
(651, 'Hickle', 'Vilma', 'armani30@example.com', '2021-04-07 09:18:15', '$2y$10$92IXUNpkjO0rOQ5byMi.Ye4oKoEa3Ro9llC/.og/at2.uheWG/igi', '1234567890', '2013-05-23', '51861 Adams Vista\nLake Fredaton, GA 30231', '395 Mraz Wells Apt. 935\nSouth Sincerehaven, NY 84976-9231', 'ancien', NULL, NULL, '2021-04-07 09:18:15', '2021-04-07 09:18:15', 3),
(652, 'Smith', 'Lindsey', 'bbatz@example.net', '2021-04-07 09:18:15', '$2y$10$92IXUNpkjO0rOQ5byMi.Ye4oKoEa3Ro9llC/.og/at2.uheWG/igi', '1234567890', '2009-12-15', '722 Balistreri Bridge Apt. 511\nStiedemannbury, WA 15824-9895', '3433 Satterfield Terrace\nStrackefurt, AZ 50065', 'actif', NULL, NULL, '2021-04-07 09:18:15', '2021-04-07 09:18:15', 3),
(653, 'Bartell', 'Rosamond', 'francesco49@example.net', '2021-04-07 09:18:15', '$2y$10$92IXUNpkjO0rOQ5byMi.Ye4oKoEa3Ro9llC/.og/at2.uheWG/igi', '1234567890', '2012-05-06', '517 Branson Via Suite 042\nNew Maybell, NH 02768-5327', '468 Christiansen Oval Suite 646\nCarmelshire, MN 69511-9628', 'actif', NULL, NULL, '2021-04-07 09:18:15', '2021-04-07 09:18:15', 3),
(654, 'Stroman', 'Camren', 'grimes.eva@example.org', '2021-04-07 09:18:15', '$2y$10$92IXUNpkjO0rOQ5byMi.Ye4oKoEa3Ro9llC/.og/at2.uheWG/igi', '1234567890', '2001-10-16', '3651 Amelia Courts Apt. 600\nLake Fleta, MD 15151-4540', '948 Emmanuelle Square Suite 711\nEast Marty, ID 02394-1805', 'actif', NULL, NULL, '2021-04-07 09:18:15', '2021-04-07 09:18:15', 3),
(655, 'Gorczany', 'Dawson', 'bbode@example.org', '2021-04-07 09:18:15', '$2y$10$92IXUNpkjO0rOQ5byMi.Ye4oKoEa3Ro9llC/.og/at2.uheWG/igi', '1234567890', '2012-09-29', '4863 Ondricka Cliff\nLarsontown, TX 10773-4015', '89543 Kaela Forks Suite 467\nKilbackland, WV 04775', 'actif', NULL, NULL, '2021-04-07 09:18:15', '2021-04-07 09:18:15', 3),
(656, 'Mohr', 'Kaylin', 'otis.emard@example.net', '2021-04-07 09:18:15', '$2y$10$92IXUNpkjO0rOQ5byMi.Ye4oKoEa3Ro9llC/.og/at2.uheWG/igi', '1234567890', '2001-11-29', '5021 Treutel Grove Apt. 847\nLake Lorenzaland, CA 65631', '24916 McClure Mall Apt. 660\nWest Rubie, TX 90140', 'actif', NULL, NULL, '2021-04-07 09:18:15', '2021-04-07 09:18:15', 3),
(657, 'Hartmann', 'Hallie', 'swift.hillary@example.net', '2021-04-07 09:18:15', '$2y$10$92IXUNpkjO0rOQ5byMi.Ye4oKoEa3Ro9llC/.og/at2.uheWG/igi', '1234567890', '2004-03-04', '8877 Wiegand Garden Suite 450\nVerliefurt, AL 96838', '16511 Tyshawn Path Apt. 809\nHarbermouth, MN 96020', 'ancien', NULL, NULL, '2021-04-07 09:18:15', '2021-04-07 09:18:15', 3),
(658, 'Upton', 'Jerel', 'gerlach.rodger@example.com', '2021-04-07 09:18:15', '$2y$10$92IXUNpkjO0rOQ5byMi.Ye4oKoEa3Ro9llC/.og/at2.uheWG/igi', '1234567890', '2013-04-18', '484 Shanahan Expressway Apt. 594\nSouth Sanford, OR 90949', '8966 Delmer Ways\nKertzmannborough, DC 23644-2047', 'actif', NULL, NULL, '2021-04-07 09:18:15', '2021-04-07 09:18:15', 3),
(659, 'Herzog', 'Grant', 'annabel74@example.org', '2021-04-07 09:18:15', '$2y$10$92IXUNpkjO0rOQ5byMi.Ye4oKoEa3Ro9llC/.og/at2.uheWG/igi', '1234567890', '2013-06-25', '692 Herta Knolls\nVioletteton, MA 86171-1286', '4086 Alexandria Dam Apt. 000\nJeremieton, IL 96814-4474', 'actif', NULL, NULL, '2021-04-07 09:18:15', '2021-04-07 09:18:15', 3),
(660, 'Pfeffer', 'Rashawn', 'cassin.eusebio@example.net', '2021-04-07 09:18:15', '$2y$10$92IXUNpkjO0rOQ5byMi.Ye4oKoEa3Ro9llC/.og/at2.uheWG/igi', '1234567890', '2008-10-24', '9041 Vandervort Shore Apt. 655\nRogeliochester, NE 14594-4083', '4372 Lehner Cove Apt. 432\nNorth Delia, NH 36571-3224', 'actif', NULL, NULL, '2021-04-07 09:18:15', '2021-04-07 09:18:15', 3),
(661, 'Champlin', 'Brenna', 'alexa76@example.net', '2021-04-07 09:18:15', '$2y$10$92IXUNpkjO0rOQ5byMi.Ye4oKoEa3Ro9llC/.og/at2.uheWG/igi', '1234567890', '2005-12-25', '35939 Hessel Street Suite 793\nHerzogborough, NY 76192-1144', '878 Maryse Radial Suite 176\nAminaport, AL 87709-4097', 'actif', NULL, NULL, '2021-04-07 09:18:15', '2021-04-07 09:18:15', 3),
(662, 'Muller', 'Jacynthe', 'phoebe62@example.org', '2021-04-07 09:18:15', '$2y$10$92IXUNpkjO0rOQ5byMi.Ye4oKoEa3Ro9llC/.og/at2.uheWG/igi', '1234567890', '2019-08-17', '6130 Mariam Walks\nWest Marlin, NJ 91534', '37859 Myrtis Light Suite 779\nAllisonborough, SD 61034-4173', 'ancien', NULL, NULL, '2021-04-07 09:18:15', '2021-04-07 09:18:15', 3),
(663, 'Graham', 'Tessie', 'dylan60@example.org', '2021-04-07 09:18:15', '$2y$10$92IXUNpkjO0rOQ5byMi.Ye4oKoEa3Ro9llC/.og/at2.uheWG/igi', '1234567890', '2008-01-13', '8680 Kassulke Field Apt. 791\nZiemannbury, TX 43802', '942 Lakin Extensions\nSidneyberg, KY 04277-3715', 'actif', NULL, NULL, '2021-04-07 09:18:15', '2021-04-07 09:18:15', 3),
(664, 'Swift', 'Christian', 'bianka.brown@example.net', '2021-04-07 09:18:15', '$2y$10$92IXUNpkjO0rOQ5byMi.Ye4oKoEa3Ro9llC/.og/at2.uheWG/igi', '1234567890', '2004-04-11', '707 Osinski Crescent\nPort Rebekahborough, AK 75619-9367', '9995 Rosendo Pike Suite 200\nSouth Griffin, NM 80578', 'ancien', NULL, NULL, '2021-04-07 09:18:15', '2021-04-07 09:18:15', 3),
(665, 'Hahn', 'Valentina', 'steuber.scotty@example.net', '2021-04-07 09:18:15', '$2y$10$92IXUNpkjO0rOQ5byMi.Ye4oKoEa3Ro9llC/.og/at2.uheWG/igi', '1234567890', '2017-08-20', '967 Fritsch Row\nSouth Frederik, ME 13489', '657 Baumbach Prairie\nNorth Delilahchester, AR 41475-2471', 'actif', NULL, NULL, '2021-04-07 09:18:15', '2021-04-07 09:18:15', 3),
(666, 'Flatley', 'Jay', 'izemlak@example.org', '2021-04-07 09:18:15', '$2y$10$92IXUNpkjO0rOQ5byMi.Ye4oKoEa3Ro9llC/.og/at2.uheWG/igi', '1234567890', '2010-09-16', '219 Boyer Locks Suite 907\nGeorgechester, MS 09361-2715', '966 Katlynn Parks Suite 820\nAubreeburgh, NH 16922', 'ancien', NULL, NULL, '2021-04-07 09:18:15', '2021-04-07 09:18:15', 3),
(667, 'Fay', 'Vivienne', 'chauncey.lubowitz@example.org', '2021-04-07 09:18:15', '$2y$10$92IXUNpkjO0rOQ5byMi.Ye4oKoEa3Ro9llC/.og/at2.uheWG/igi', '1234567890', '2020-09-02', '337 Grimes Drives\nEast Eve, PA 30161', '913 Dell Islands\nPort Anahi, NH 43082-1422', 'actif', NULL, NULL, '2021-04-07 09:18:15', '2021-04-07 09:18:15', 3),
(668, 'Streich', 'Jeanie', 'zschuppe@example.net', '2021-04-07 09:18:15', '$2y$10$92IXUNpkjO0rOQ5byMi.Ye4oKoEa3Ro9llC/.og/at2.uheWG/igi', '1234567890', '2018-07-26', '452 Aliyah Ways\nBernardoview, WV 42022', '580 Earlene Valley Suite 208\nHirthetown, MO 09017-9486', 'actif', NULL, NULL, '2021-04-07 09:18:15', '2021-04-07 09:18:15', 3),
(669, 'Torp', 'Eino', 'christiansen.ernest@example.org', '2021-04-07 09:18:15', '$2y$10$92IXUNpkjO0rOQ5byMi.Ye4oKoEa3Ro9llC/.og/at2.uheWG/igi', '1234567890', '2001-06-06', '3747 Elton Turnpike\nBergstrombury, PA 92732-3836', '104 O\'Hara Keys\nSengermouth, IA 25493', 'actif', NULL, NULL, '2021-04-07 09:18:15', '2021-04-07 09:18:15', 3),
(670, 'Cummerata', 'Taryn', 'carlotta.bogisich@example.com', '2021-04-07 09:18:15', '$2y$10$92IXUNpkjO0rOQ5byMi.Ye4oKoEa3Ro9llC/.og/at2.uheWG/igi', '1234567890', '2005-04-23', '864 Vandervort Views\nZemlakmouth, NJ 20331-2425', '7846 Laura Flat Apt. 288\nAufderharton, UT 73791-6624', 'ancien', NULL, NULL, '2021-04-07 09:18:15', '2021-04-07 09:18:15', 3),
(671, 'Hudson', 'Aylin', 'kallie97@example.com', '2021-04-07 09:18:15', '$2y$10$92IXUNpkjO0rOQ5byMi.Ye4oKoEa3Ro9llC/.og/at2.uheWG/igi', '1234567890', '2005-08-16', '3972 Leuschke Junction Suite 609\nKeeblerstad, AL 50709-2196', '8717 McClure River Suite 710\nLesliemouth, NM 08402-4981', 'actif', NULL, NULL, '2021-04-07 09:18:15', '2021-04-07 09:18:15', 3),
(672, 'Kunde', 'Meredith', 'fay.heidenreich@example.com', '2021-04-07 09:18:16', '$2y$10$92IXUNpkjO0rOQ5byMi.Ye4oKoEa3Ro9llC/.og/at2.uheWG/igi', '1234567890', '2016-11-24', '57176 Calista Haven\nEast Damian, IA 96675-6849', '26989 Bergstrom Bridge Apt. 115\nNorth Clemmie, AR 74611', 'actif', NULL, NULL, '2021-04-07 09:18:16', '2021-04-07 09:18:16', 3),
(673, 'Breitenberg', 'Shaun', 'asia03@example.com', '2021-04-07 09:18:16', '$2y$10$92IXUNpkjO0rOQ5byMi.Ye4oKoEa3Ro9llC/.og/at2.uheWG/igi', '1234567890', '2008-11-15', '4373 Cruickshank Mountains\nPort Monica, DC 98023', '6286 Goodwin Groves Suite 719\nLake Desmond, NJ 38689-5340', 'actif', NULL, NULL, '2021-04-07 09:18:16', '2021-04-07 09:18:16', 3),
(674, 'Kautzer', 'Noelia', 'imcclure@example.org', '2021-04-07 09:18:16', '$2y$10$92IXUNpkjO0rOQ5byMi.Ye4oKoEa3Ro9llC/.og/at2.uheWG/igi', '1234567890', '2004-02-02', '224 Sporer Vista\nNew Sandrineview, CA 56376', '385 Carrie Crossroad\nNorth Olin, HI 71063-6803', 'ancien', NULL, NULL, '2021-04-07 09:18:16', '2021-04-07 09:18:16', 3),
(675, 'Moen', 'Milford', 'axel.krajcik@example.net', '2021-04-07 09:18:16', '$2y$10$92IXUNpkjO0rOQ5byMi.Ye4oKoEa3Ro9llC/.og/at2.uheWG/igi', '1234567890', '2012-09-27', '80038 Madisyn Dale\nSouth Vidal, WI 12617-0055', '603 Nikolaus Cape Apt. 568\nLake Michaelaland, TX 64051-7368', 'actif', NULL, NULL, '2021-04-07 09:18:16', '2021-04-07 09:18:16', 3),
(676, 'Huel', 'Eli', 'jefferey.legros@example.org', '2021-04-07 09:18:16', '$2y$10$92IXUNpkjO0rOQ5byMi.Ye4oKoEa3Ro9llC/.og/at2.uheWG/igi', '1234567890', '2012-10-27', '25083 Huel Course\nNew Bernhardbury, NV 57622', '5070 Austyn Square\nKunzefurt, MD 48049', 'actif', NULL, NULL, '2021-04-07 09:18:16', '2021-04-07 09:18:16', 3),
(677, 'Padberg', 'Chelsey', 'adeline30@example.org', '2021-04-07 09:18:16', '$2y$10$92IXUNpkjO0rOQ5byMi.Ye4oKoEa3Ro9llC/.og/at2.uheWG/igi', '1234567890', '2001-12-28', '77742 Connelly Streets\nNew Rowlandfurt, NH 85796-0404', '36954 Lester Oval\nBartolettiland, WI 82181', 'actif', NULL, NULL, '2021-04-07 09:18:16', '2021-04-07 09:18:16', 3),
(678, 'Olson', 'Ayden', 'emmerich.stephanie@example.com', '2021-04-07 09:18:16', '$2y$10$92IXUNpkjO0rOQ5byMi.Ye4oKoEa3Ro9llC/.og/at2.uheWG/igi', '1234567890', '2011-02-10', '918 Prosacco Mountains Suite 106\nFlatleyland, OH 79697-5229', '84574 Rozella Unions Apt. 351\nNorth Izabellahaven, GA 13048-7624', 'actif', NULL, NULL, '2021-04-07 09:18:16', '2021-04-07 09:18:16', 3),
(679, 'Kutch', 'Dariana', 'della.terry@example.net', '2021-04-07 09:18:16', '$2y$10$92IXUNpkjO0rOQ5byMi.Ye4oKoEa3Ro9llC/.og/at2.uheWG/igi', '1234567890', '2012-11-24', '814 Grant Mills\nKhalidfort, CO 21245', '8934 Pagac Squares\nSouth Barry, WV 60373-6121', 'actif', NULL, NULL, '2021-04-07 09:18:16', '2021-04-07 09:18:16', 3),
(680, 'Lynch', 'Rene', 'darrell51@example.com', '2021-04-07 09:18:16', '$2y$10$92IXUNpkjO0rOQ5byMi.Ye4oKoEa3Ro9llC/.og/at2.uheWG/igi', '1234567890', '2008-02-22', '690 Bins Point\nMalindastad, WI 82067', '979 Mraz Ports\nWalkertown, SD 43449-7793', 'actif', NULL, NULL, '2021-04-07 09:18:16', '2021-04-07 09:18:16', 3),
(681, 'Durgan', 'Elena', 'sawayn.cordia@example.org', '2021-04-07 09:18:16', '$2y$10$92IXUNpkjO0rOQ5byMi.Ye4oKoEa3Ro9llC/.og/at2.uheWG/igi', '1234567890', '2017-06-06', '614 Vidal Views Suite 997\nLake Owenburgh, VA 64846-4127', '789 Watsica Spur\nEast Jasmin, SC 73606', 'ancien', NULL, NULL, '2021-04-07 09:18:16', '2021-04-07 09:18:16', 3),
(682, 'Tillman', 'Iliana', 'koss.jade@example.com', '2021-04-07 09:18:16', '$2y$10$92IXUNpkjO0rOQ5byMi.Ye4oKoEa3Ro9llC/.og/at2.uheWG/igi', '1234567890', '2017-12-07', '84143 Goldner Fall\nCollinsmouth, KS 85775-2506', '77681 Schowalter Cove Apt. 239\nHiltonland, RI 25748-2194', 'actif', NULL, NULL, '2021-04-07 09:18:16', '2021-04-07 09:18:16', 3),
(683, 'Jakubowski', 'Alberto', 'andre77@example.org', '2021-04-07 09:18:16', '$2y$10$92IXUNpkjO0rOQ5byMi.Ye4oKoEa3Ro9llC/.og/at2.uheWG/igi', '1234567890', '2003-04-12', '550 Catharine Harbor\nLake Jerad, AL 37737', '490 Runte Brooks Apt. 108\nCassinborough, MA 25337', 'actif', NULL, NULL, '2021-04-07 09:18:16', '2021-04-07 09:18:16', 3),
(684, 'Sipes', 'Lynn', 'maxine28@example.com', '2021-04-07 09:18:16', '$2y$10$92IXUNpkjO0rOQ5byMi.Ye4oKoEa3Ro9llC/.og/at2.uheWG/igi', '1234567890', '2009-01-30', '1599 Estel Camp\nKundeshire, MO 82085', '16479 Donnelly Neck\nPort Carlishire, FL 19716-5955', 'actif', NULL, NULL, '2021-04-07 09:18:16', '2021-04-07 09:18:16', 3),
(685, 'Block', 'Waylon', 'smith.barrett@example.net', '2021-04-07 09:18:16', '$2y$10$92IXUNpkjO0rOQ5byMi.Ye4oKoEa3Ro9llC/.og/at2.uheWG/igi', '1234567890', '2013-03-01', '5122 Farrell Fall\nWest Annatown, WI 83348-5541', '613 Jackeline Stream Apt. 803\nPort Jessica, AL 86480-8010', 'actif', NULL, NULL, '2021-04-07 09:18:16', '2021-04-07 09:18:16', 3),
(686, 'Ziemann', 'Keira', 'kwitting@example.org', '2021-04-07 09:18:16', '$2y$10$92IXUNpkjO0rOQ5byMi.Ye4oKoEa3Ro9llC/.og/at2.uheWG/igi', '1234567890', '2018-08-04', '262 Patsy Tunnel Suite 838\nLebsackfort, OK 42907-6969', '670 Cruickshank Crest\nEast Alizeview, MT 19227', 'actif', NULL, NULL, '2021-04-07 09:18:16', '2021-04-07 09:18:16', 3),
(687, 'Ward', 'Ryder', 'wuckert.allie@example.org', '2021-04-07 09:18:16', '$2y$10$92IXUNpkjO0rOQ5byMi.Ye4oKoEa3Ro9llC/.og/at2.uheWG/igi', '1234567890', '2012-10-20', '486 Micheal Crossroad Suite 227\nHamillfurt, WA 16154', '69352 Kiera Falls Apt. 965\nRodbury, ME 42311-9064', 'actif', NULL, NULL, '2021-04-07 09:18:16', '2021-04-07 09:18:16', 3),
(688, 'Cole', 'Trinity', 'jade.ondricka@example.net', '2021-04-07 09:18:16', '$2y$10$92IXUNpkjO0rOQ5byMi.Ye4oKoEa3Ro9llC/.og/at2.uheWG/igi', '1234567890', '2011-01-20', '16581 Dicki Squares\nBeahanview, PA 45791', '15080 Trantow Island Suite 216\nPort Emilio, OR 77907', 'ancien', NULL, NULL, '2021-04-07 09:18:16', '2021-04-07 09:18:16', 3),
(689, 'Bergstrom', 'Malinda', 'luz03@example.net', '2021-04-07 09:18:16', '$2y$10$92IXUNpkjO0rOQ5byMi.Ye4oKoEa3Ro9llC/.og/at2.uheWG/igi', '1234567890', '2002-07-22', '9505 Sid Brooks Suite 534\nKubtown, NY 76186-4023', '2190 Spencer Forest\nZiememouth, MN 85413', 'actif', NULL, NULL, '2021-04-07 09:18:16', '2021-04-07 09:18:16', 3),
(690, 'Goyette', 'Mara', 'godfrey.koch@example.net', '2021-04-07 09:18:16', '$2y$10$92IXUNpkjO0rOQ5byMi.Ye4oKoEa3Ro9llC/.og/at2.uheWG/igi', '1234567890', '2016-02-12', '769 Johnston Branch Apt. 304\nLake Carissa, DC 60741', '755 Nestor Crescent\nWest Elwyn, OH 56970-2102', 'actif', NULL, NULL, '2021-04-07 09:18:16', '2021-04-07 09:18:16', 3),
(691, 'Kulas', 'Dedrick', 'bonnie01@example.org', '2021-04-07 09:18:16', '$2y$10$92IXUNpkjO0rOQ5byMi.Ye4oKoEa3Ro9llC/.og/at2.uheWG/igi', '1234567890', '2011-03-06', '26047 Kirsten Pines Suite 109\nSincereton, DE 33563', '30425 Nolan Mills Apt. 033\nEast Maia, TX 73967', 'actif', NULL, NULL, '2021-04-07 09:18:16', '2021-04-07 09:18:16', 3),
(692, 'Murazik', 'Gaylord', 'kay.king@example.com', '2021-04-07 09:18:16', '$2y$10$92IXUNpkjO0rOQ5byMi.Ye4oKoEa3Ro9llC/.og/at2.uheWG/igi', '1234567890', '2015-11-04', '9112 Eichmann Field\nPort Connershire, MS 09249-9680', '31519 Reilly Street\nWest Jenningsshire, CO 55261', 'actif', NULL, NULL, '2021-04-07 09:18:16', '2021-04-07 09:18:16', 3),
(693, 'Bins', 'Kailey', 'vergie41@example.org', '2021-04-07 09:18:16', '$2y$10$92IXUNpkjO0rOQ5byMi.Ye4oKoEa3Ro9llC/.og/at2.uheWG/igi', '1234567890', '2016-05-20', '74200 Rosalee Dale\nWest Nora, NM 22696', '11828 Nienow Creek Suite 535\nAlishabury, DE 09084', 'actif', NULL, NULL, '2021-04-07 09:18:16', '2021-04-07 09:18:16', 3),
(694, 'Keebler', 'Allison', 'rkessler@example.org', '2021-04-07 09:18:16', '$2y$10$92IXUNpkjO0rOQ5byMi.Ye4oKoEa3Ro9llC/.og/at2.uheWG/igi', '1234567890', '2013-05-19', '395 Albin Pass\nTimmyport, NE 98445', '5815 Brekke Hill Suite 159\nWest Imanifurt, WY 16320', 'actif', NULL, NULL, '2021-04-07 09:18:16', '2021-04-07 09:18:16', 3),
(695, 'Flatley', 'Van', 'blair01@example.com', '2021-04-07 09:18:16', '$2y$10$92IXUNpkjO0rOQ5byMi.Ye4oKoEa3Ro9llC/.og/at2.uheWG/igi', '1234567890', '2015-01-22', '131 Leannon Plaza\nHowellchester, AL 09231-9090', '9593 Ryan Highway\nBonniefort, ID 72219', 'actif', NULL, NULL, '2021-04-07 09:18:16', '2021-04-07 09:18:16', 3),
(696, 'Runolfsdottir', 'Kimberly', 'kayley74@example.org', '2021-04-07 09:18:16', '$2y$10$92IXUNpkjO0rOQ5byMi.Ye4oKoEa3Ro9llC/.og/at2.uheWG/igi', '1234567890', '2020-05-25', '8331 Hollis Ville Suite 454\nJacobiland, CA 59765', '20975 Annamarie Junctions Suite 718\nNorth Garlandborough, ME 78240-4358', 'actif', NULL, NULL, '2021-04-07 09:18:16', '2021-04-07 09:18:16', 3),
(697, 'Volkman', 'Dion', 'rrunolfsdottir@example.net', '2021-04-07 09:18:16', '$2y$10$92IXUNpkjO0rOQ5byMi.Ye4oKoEa3Ro9llC/.og/at2.uheWG/igi', '1234567890', '2015-06-27', '377 Heathcote Ports\nBernitafurt, ID 13896', '67721 Miller Villages Suite 776\nKshlerintown, OH 38897-1468', 'actif', NULL, NULL, '2021-04-07 09:18:16', '2021-04-07 09:18:16', 3),
(698, 'Marks', 'Richard', 'geovany83@example.net', '2021-04-07 09:18:16', '$2y$10$92IXUNpkjO0rOQ5byMi.Ye4oKoEa3Ro9llC/.og/at2.uheWG/igi', '1234567890', '2019-10-23', '503 Tremblay Forge\nLake Anahiside, KY 12039', '624 Effertz Glens Suite 433\nEast Kamille, MS 40953', 'ancien', NULL, NULL, '2021-04-07 09:18:16', '2021-04-07 09:18:16', 3),
(699, 'Moore', 'Edmund', 'adelle.davis@example.net', '2021-04-07 09:18:16', '$2y$10$92IXUNpkjO0rOQ5byMi.Ye4oKoEa3Ro9llC/.og/at2.uheWG/igi', '1234567890', '2016-10-28', '2657 Reichert Tunnel\nConniefort, NV 53921-1758', '867 Hailey Stream Suite 741\nWillardchester, ID 48035-4496', 'actif', NULL, NULL, '2021-04-07 09:18:16', '2021-04-07 09:18:16', 3),
(700, 'Feest', 'Cydney', 'maiya31@example.org', '2021-04-07 09:18:16', '$2y$10$92IXUNpkjO0rOQ5byMi.Ye4oKoEa3Ro9llC/.og/at2.uheWG/igi', '1234567890', '2006-03-26', '345 Grady Canyon\nGulgowskiland, VA 98208-1802', '25035 Garth Villages Suite 539\nSouth Arnoldofort, NJ 48492-0358', 'actif', NULL, NULL, '2021-04-07 09:18:16', '2021-04-07 09:18:16', 3),
(701, 'Cormier', 'Winston', 'zora22@example.net', '2021-04-07 09:18:16', '$2y$10$92IXUNpkjO0rOQ5byMi.Ye4oKoEa3Ro9llC/.og/at2.uheWG/igi', '1234567890', '2010-05-16', '75723 Bashirian Terrace Suite 392\nFunkstad, MN 67232-5299', '17933 Reilly Locks\nEast Cliffordmouth, DC 21412', 'actif', NULL, NULL, '2021-04-07 09:18:16', '2021-04-07 09:18:16', 3),
(702, 'Schmidt', 'Lee', 'runolfsson.garrett@example.com', '2021-04-07 09:18:16', '$2y$10$92IXUNpkjO0rOQ5byMi.Ye4oKoEa3Ro9llC/.og/at2.uheWG/igi', '1234567890', '2014-11-08', '819 Lillian Mission Suite 343\nNew Roslyn, IN 21231', '205 Reed Crossroad Apt. 421\nEast Olen, GA 06999-7173', 'actif', NULL, NULL, '2021-04-07 09:18:16', '2021-04-07 09:18:16', 3),
(703, 'Goldner', 'Connor', 'keven40@example.org', '2021-04-07 09:18:17', '$2y$10$92IXUNpkjO0rOQ5byMi.Ye4oKoEa3Ro9llC/.og/at2.uheWG/igi', '1234567890', '2017-10-06', '88752 Santa Well Suite 465\nPort Jordi, HI 76724', '4931 Zemlak Track\nSouth Isadore, TN 95475', 'actif', NULL, NULL, '2021-04-07 09:18:17', '2021-04-07 09:18:17', 3),
(704, 'Eichmann', 'Jewel', 'fhayes@example.org', '2021-04-07 09:18:17', '$2y$10$92IXUNpkjO0rOQ5byMi.Ye4oKoEa3Ro9llC/.og/at2.uheWG/igi', '1234567890', '2008-06-07', '92156 Rowe Trail Suite 726\nAngelaborough, IA 62917-3093', '46879 Gabe Road Apt. 352\nGarettmouth, UT 77676-2341', 'actif', NULL, NULL, '2021-04-07 09:18:17', '2021-04-07 09:18:17', 3),
(705, 'Reichel', 'Aleen', 'nmoen@example.com', '2021-04-07 09:18:17', '$2y$10$92IXUNpkjO0rOQ5byMi.Ye4oKoEa3Ro9llC/.og/at2.uheWG/igi', '1234567890', '2019-10-14', '49571 Johns Camp\nPort Frankieville, ND 34982-7031', '9502 Hickle Motorway\nNorth Kaylishire, SD 67084-6507', 'actif', NULL, NULL, '2021-04-07 09:18:17', '2021-04-07 09:18:17', 3),
(706, 'Bergnaum', 'Mary', 'bayer.angeline@example.org', '2021-04-07 09:18:17', '$2y$10$92IXUNpkjO0rOQ5byMi.Ye4oKoEa3Ro9llC/.og/at2.uheWG/igi', '1234567890', '2006-07-29', '323 Jakubowski Crossroad Apt. 466\nSouth Ashabury, HI 09365', '373 Marcelino Throughway Suite 024\nWest Hipolitoshire, WV 14664', 'actif', NULL, NULL, '2021-04-07 09:18:17', '2021-04-07 09:18:17', 3),
(707, 'Kozey', 'Haley', 'evert.bailey@example.net', '2021-04-07 09:18:17', '$2y$10$92IXUNpkjO0rOQ5byMi.Ye4oKoEa3Ro9llC/.og/at2.uheWG/igi', '1234567890', '2015-06-27', '17532 Bergstrom Rest Apt. 709\nPredovicview, NC 25939', '56331 Zane Station Apt. 853\nSantaburgh, DC 49352', 'actif', NULL, NULL, '2021-04-07 09:18:17', '2021-04-07 09:18:17', 3),
(708, 'Walter', 'Martin', 'dario.abbott@example.org', '2021-04-07 09:18:17', '$2y$10$92IXUNpkjO0rOQ5byMi.Ye4oKoEa3Ro9llC/.og/at2.uheWG/igi', '1234567890', '2002-06-06', '216 Grady Tunnel\nNorth Ari, DC 22414', '32964 Spinka Orchard\nNorth Fiona, RI 30815-2261', 'actif', NULL, NULL, '2021-04-07 09:18:17', '2021-04-07 09:18:17', 3),
(709, 'Haley', 'Jamison', 'nromaguera@example.org', '2021-04-07 09:18:17', '$2y$10$92IXUNpkjO0rOQ5byMi.Ye4oKoEa3Ro9llC/.og/at2.uheWG/igi', '1234567890', '2004-12-20', '63863 Jayde Spurs Apt. 795\nGulgowskiberg, DC 38008-5048', '16058 Melany Underpass\nLake Marjoryfurt, MI 87576', 'actif', NULL, NULL, '2021-04-07 09:18:17', '2021-04-07 09:18:17', 3),
(710, 'Marvin', 'Micheal', 'gay.bruen@example.org', '2021-04-07 09:18:17', '$2y$10$92IXUNpkjO0rOQ5byMi.Ye4oKoEa3Ro9llC/.og/at2.uheWG/igi', '1234567890', '2017-04-27', '317 Estefania Cliffs Suite 848\nSipesbury, TN 18346', '36435 Liliana Branch\nEast Savannahbury, MD 08956-9816', 'actif', NULL, NULL, '2021-04-07 09:18:17', '2021-04-07 09:18:17', 3),
(711, 'Smith', 'Shyann', 'miller97@example.com', '2021-04-07 09:18:17', '$2y$10$92IXUNpkjO0rOQ5byMi.Ye4oKoEa3Ro9llC/.og/at2.uheWG/igi', '1234567890', '2015-12-18', '2384 Brekke Center Apt. 482\nMaciestad, IL 37527', '10973 Volkman Trail Suite 488\nSouth Shanaburgh, NJ 09583-8487', 'ancien', NULL, NULL, '2021-04-07 09:18:17', '2021-04-07 09:18:17', 3),
(712, 'Schmeler', 'Aurelio', 'marina00@example.net', '2021-04-07 09:18:17', '$2y$10$92IXUNpkjO0rOQ5byMi.Ye4oKoEa3Ro9llC/.og/at2.uheWG/igi', '1234567890', '2013-05-10', '949 Larson Grove Suite 877\nSwaniawskifurt, NH 37116-9899', '8926 Quigley Ways Apt. 394\nWest Jack, AL 65703', 'actif', NULL, NULL, '2021-04-07 09:18:17', '2021-04-07 09:18:17', 3),
(713, 'Pacocha', 'Ardith', 'jerrod06@example.com', '2021-04-07 09:18:17', '$2y$10$92IXUNpkjO0rOQ5byMi.Ye4oKoEa3Ro9llC/.og/at2.uheWG/igi', '1234567890', '2007-09-24', '4800 Krystina Alley Suite 191\nKelliechester, WI 38672-8936', '27393 Reynolds Loaf Suite 811\nLaishaborough, WV 39970', 'actif', NULL, NULL, '2021-04-07 09:18:17', '2021-04-07 09:18:17', 3),
(714, 'Collier', 'Destiney', 'jacobi.arvilla@example.com', '2021-04-07 09:18:17', '$2y$10$92IXUNpkjO0rOQ5byMi.Ye4oKoEa3Ro9llC/.og/at2.uheWG/igi', '1234567890', '2008-12-31', '2666 Khalid Squares Suite 643\nPort Hattie, VT 06964-9585', '21731 Alysa Fall\nNorth Benjamin, IA 37961-7239', 'actif', NULL, NULL, '2021-04-07 09:18:17', '2021-04-07 09:18:17', 3),
(715, 'Gerlach', 'Ciara', 'halvorson.evans@example.com', '2021-04-07 09:18:17', '$2y$10$92IXUNpkjO0rOQ5byMi.Ye4oKoEa3Ro9llC/.og/at2.uheWG/igi', '1234567890', '2001-07-25', '8112 Jay Run\nEast Dewitt, VT 25016', '9343 Hirthe Court\nLowetown, MS 51638', 'actif', NULL, NULL, '2021-04-07 09:18:17', '2021-04-07 09:18:17', 3),
(716, 'Murray', 'Nicola', 'weichmann@example.net', '2021-04-07 09:18:17', '$2y$10$92IXUNpkjO0rOQ5byMi.Ye4oKoEa3Ro9llC/.og/at2.uheWG/igi', '1234567890', '2004-09-11', '2082 Greenfelder Expressway\nWeberhaven, OK 81829', '360 Harmony Station Apt. 535\nNicklausview, MA 68306', 'actif', NULL, NULL, '2021-04-07 09:18:17', '2021-04-07 09:18:17', 3),
(717, 'Kemmer', 'Newell', 'donny.walter@example.com', '2021-04-07 09:18:17', '$2y$10$92IXUNpkjO0rOQ5byMi.Ye4oKoEa3Ro9llC/.og/at2.uheWG/igi', '1234567890', '2020-09-18', '408 Tiara Rapids Apt. 666\nHeidenreichport, WA 71253-7073', '23031 Sarina Springs Suite 800\nShanahanfurt, VT 85913', 'actif', NULL, NULL, '2021-04-07 09:18:17', '2021-04-07 09:18:17', 3),
(718, 'Haag', 'Keshaun', 'mabel.muller@example.net', '2021-04-07 09:18:17', '$2y$10$92IXUNpkjO0rOQ5byMi.Ye4oKoEa3Ro9llC/.og/at2.uheWG/igi', '1234567890', '2019-01-19', '2791 Liliane Rue Suite 065\nEast Dannie, ID 10777-5415', '20816 Hills Lodge\nNew Reymundofort, NM 26671-2319', 'ancien', NULL, NULL, '2021-04-07 09:18:17', '2021-04-07 09:18:17', 3),
(719, 'Smith', 'Dorcas', 'beahan.francisco@example.com', '2021-04-07 09:18:17', '$2y$10$92IXUNpkjO0rOQ5byMi.Ye4oKoEa3Ro9llC/.og/at2.uheWG/igi', '1234567890', '2013-08-14', '1572 Beer Spurs\nLake Jonton, NM 57323', '5350 Lura Park\nFraneckiborough, CO 82291', 'actif', NULL, NULL, '2021-04-07 09:18:17', '2021-04-07 09:18:17', 3),
(720, 'Romaguera', 'Cicero', 'chasity.trantow@example.org', '2021-04-07 09:18:17', '$2y$10$92IXUNpkjO0rOQ5byMi.Ye4oKoEa3Ro9llC/.og/at2.uheWG/igi', '1234567890', '2016-07-19', '14588 Ankunding Fork Suite 303\nGiaport, OR 54124', '82482 Giovanni Valley Suite 684\nBeverlymouth, ID 77941', 'actif', NULL, NULL, '2021-04-07 09:18:17', '2021-04-07 09:18:17', 3),
(721, 'Klocko', 'Henri', 'gusikowski.estevan@example.org', '2021-04-07 09:18:17', '$2y$10$92IXUNpkjO0rOQ5byMi.Ye4oKoEa3Ro9llC/.og/at2.uheWG/igi', '1234567890', '2005-04-26', '5955 Johnson Crossing\nAronview, OH 18732', '561 Roob Lights Apt. 299\nOdellborough, NH 18993-0358', 'actif', NULL, NULL, '2021-04-07 09:18:17', '2021-04-07 09:18:17', 3),
(722, 'Greenholt', 'Toni', 'hschulist@example.com', '2021-04-07 09:18:17', '$2y$10$92IXUNpkjO0rOQ5byMi.Ye4oKoEa3Ro9llC/.og/at2.uheWG/igi', '1234567890', '2016-11-07', '9712 Shields Island\nSouth Krystalstad, NV 64330-5275', '84798 Fadel Walks\nAltenwerthland, SC 68737-4323', 'actif', NULL, NULL, '2021-04-07 09:18:17', '2021-04-07 09:18:17', 3);
INSERT INTO `cactus_etudiants` (`id`, `nom`, `prenom`, `email`, `email_verified_at`, `password`, `cin`, `date_naissance`, `lieu_naissance`, `adresse`, `status`, `photo`, `remember_token`, `created_at`, `updated_at`, `parcours_id`) VALUES
(723, 'McCullough', 'Vivien', 'esther.goyette@example.com', '2021-04-07 09:18:17', '$2y$10$92IXUNpkjO0rOQ5byMi.Ye4oKoEa3Ro9llC/.og/at2.uheWG/igi', '1234567890', '2002-11-12', '9662 Cloyd Parkways Apt. 181\nAufderhartown, MA 28542', '2971 Hauck Field\nLake Althea, IN 51542-9143', 'ancien', NULL, NULL, '2021-04-07 09:18:17', '2021-04-07 09:18:17', 3),
(724, 'Lockman', 'Kaylie', 'mozelle89@example.net', '2021-04-07 09:18:17', '$2y$10$92IXUNpkjO0rOQ5byMi.Ye4oKoEa3Ro9llC/.og/at2.uheWG/igi', '1234567890', '2013-01-07', '553 John Manors Suite 873\nWest Delphia, OH 31181', '8232 Hettinger Plaza Apt. 842\nHoppechester, NY 01275-4462', 'actif', NULL, NULL, '2021-04-07 09:18:17', '2021-04-07 09:18:17', 3),
(725, 'Wisoky', 'Davion', 'vickie.jacobson@example.org', '2021-04-07 09:18:17', '$2y$10$92IXUNpkjO0rOQ5byMi.Ye4oKoEa3Ro9llC/.og/at2.uheWG/igi', '1234567890', '2007-12-14', '235 Lauren Hollow\nLowemouth, NY 14726', '54537 Erdman Crossing Apt. 121\nLake Nestor, WV 93721', 'ancien', NULL, NULL, '2021-04-07 09:18:17', '2021-04-07 09:18:17', 3),
(726, 'Nader', 'Timmy', 'jaida.senger@example.com', '2021-04-07 09:18:17', '$2y$10$92IXUNpkjO0rOQ5byMi.Ye4oKoEa3Ro9llC/.og/at2.uheWG/igi', '1234567890', '2005-06-18', '49631 Robb Estate\nTomasberg, CO 28395-3315', '206 Balistreri Run\nNew Elinorport, AL 12370-8389', 'ancien', NULL, NULL, '2021-04-07 09:18:17', '2021-04-07 09:18:17', 3),
(727, 'Berge', 'Kaylie', 'shanny25@example.org', '2021-04-07 09:18:17', '$2y$10$92IXUNpkjO0rOQ5byMi.Ye4oKoEa3Ro9llC/.og/at2.uheWG/igi', '1234567890', '2016-06-16', '97832 Brandyn Prairie Suite 757\nTillmanland, RI 05927', '6785 Marquardt Park\nWest Isaishire, MA 25306', 'actif', NULL, NULL, '2021-04-07 09:18:17', '2021-04-07 09:18:17', 3),
(728, 'Little', 'Juliet', 'ledner.favian@example.org', '2021-04-07 09:18:17', '$2y$10$92IXUNpkjO0rOQ5byMi.Ye4oKoEa3Ro9llC/.og/at2.uheWG/igi', '1234567890', '2004-02-28', '9568 Noble Stravenue\nHarrisbury, IA 11109', '686 Cecilia Plaza\nMarksstad, NJ 13956-9672', 'actif', NULL, NULL, '2021-04-07 09:18:17', '2021-04-07 09:18:17', 3),
(729, 'Sipes', 'Gay', 'vgislason@example.org', '2021-04-07 09:18:18', '$2y$10$92IXUNpkjO0rOQ5byMi.Ye4oKoEa3Ro9llC/.og/at2.uheWG/igi', '1234567890', '2007-10-03', '623 Kara Burgs\nEast Tressaport, WA 22261', '99497 Mitchell Shoal Suite 750\nOrafurt, DE 88741', 'actif', NULL, NULL, '2021-04-07 09:18:18', '2021-04-07 09:18:18', 3),
(730, 'Crooks', 'Pattie', 'maggio.elyse@example.org', '2021-04-07 09:18:18', '$2y$10$92IXUNpkjO0rOQ5byMi.Ye4oKoEa3Ro9llC/.og/at2.uheWG/igi', '1234567890', '2013-09-14', '52276 D\'Amore Wall\nWest Orval, WY 19222-6063', '5932 Shanahan Passage\nNorth Laney, GA 64336-2447', 'actif', NULL, NULL, '2021-04-07 09:18:18', '2021-04-07 09:18:18', 3),
(731, 'Nikolaus', 'Fannie', 'hilpert.ulises@example.com', '2021-04-07 09:18:18', '$2y$10$92IXUNpkjO0rOQ5byMi.Ye4oKoEa3Ro9llC/.og/at2.uheWG/igi', '1234567890', '2008-10-15', '6826 Gusikowski Land\nEloyview, TN 72179', '58648 Rempel Bridge\nLindgrenhaven, SC 01215-6214', 'actif', NULL, NULL, '2021-04-07 09:18:18', '2021-04-07 09:18:18', 3),
(732, 'Streich', 'Caesar', 'langworth.jovani@example.org', '2021-04-07 09:18:18', '$2y$10$92IXUNpkjO0rOQ5byMi.Ye4oKoEa3Ro9llC/.og/at2.uheWG/igi', '1234567890', '2004-12-28', '84881 Raquel Islands Suite 312\nAmericomouth, SC 60778', '84660 Schuppe Tunnel Apt. 877\nWest Larry, MI 95164', 'ancien', NULL, NULL, '2021-04-07 09:18:18', '2021-04-07 09:18:18', 3),
(733, 'Little', 'Onie', 'mikel28@example.com', '2021-04-07 09:18:18', '$2y$10$92IXUNpkjO0rOQ5byMi.Ye4oKoEa3Ro9llC/.og/at2.uheWG/igi', '1234567890', '2013-10-06', '385 Mitchell Shoals Apt. 632\nLake Alexport, ND 75272', '6296 Jaylan Courts Apt. 684\nLegrosborough, DE 38606', 'actif', NULL, NULL, '2021-04-07 09:18:18', '2021-04-07 09:18:18', 3),
(734, 'Wehner', 'Tomasa', 'zbrakus@example.org', '2021-04-07 09:18:18', '$2y$10$92IXUNpkjO0rOQ5byMi.Ye4oKoEa3Ro9llC/.og/at2.uheWG/igi', '1234567890', '2020-03-04', '896 Larson Valley\nNorth Liamburgh, PA 93165', '6810 Kaley Coves\nBaumbachton, FL 71512', 'actif', NULL, NULL, '2021-04-07 09:18:18', '2021-04-07 09:18:18', 3),
(735, 'Mayert', 'Elyssa', 'pklein@example.com', '2021-04-07 09:18:18', '$2y$10$92IXUNpkjO0rOQ5byMi.Ye4oKoEa3Ro9llC/.og/at2.uheWG/igi', '1234567890', '2017-12-28', '2168 Tatyana Ville\nSouth Gracie, RI 58131-4610', '306 Melvina Inlet Suite 674\nEast Lou, DC 27807', 'ancien', NULL, NULL, '2021-04-07 09:18:18', '2021-04-07 09:18:18', 3),
(736, 'Borer', 'Emmalee', 'berenice82@example.net', '2021-04-07 09:18:18', '$2y$10$92IXUNpkjO0rOQ5byMi.Ye4oKoEa3Ro9llC/.og/at2.uheWG/igi', '1234567890', '2007-07-17', '393 Ed Glens Suite 521\nSchneiderton, NM 71883-2178', '7379 Jannie Station Apt. 697\nJacobshaven, CO 04017-7921', 'actif', NULL, NULL, '2021-04-07 09:18:18', '2021-04-07 09:18:18', 3),
(737, 'Wisoky', 'Eli', 'mbergstrom@example.net', '2021-04-07 09:18:18', '$2y$10$92IXUNpkjO0rOQ5byMi.Ye4oKoEa3Ro9llC/.og/at2.uheWG/igi', '1234567890', '2004-01-01', '7510 Brekke Court Apt. 377\nKrajcikbury, MO 63193-5638', '9487 Kub Plain\nSouth Jon, MO 07019', 'ancien', NULL, NULL, '2021-04-07 09:18:18', '2021-04-07 09:18:18', 3),
(738, 'Deckow', 'Wilhelmine', 'tbeier@example.com', '2021-04-07 09:18:18', '$2y$10$92IXUNpkjO0rOQ5byMi.Ye4oKoEa3Ro9llC/.og/at2.uheWG/igi', '1234567890', '2011-11-07', '3656 Walter Plains\nGranvillemouth, CA 89219', '2160 Triston Row Apt. 151\nLorineport, RI 47000-2978', 'actif', NULL, NULL, '2021-04-07 09:18:18', '2021-04-07 09:18:18', 3),
(739, 'Olson', 'Darrick', 'edyth03@example.org', '2021-04-07 09:18:18', '$2y$10$92IXUNpkjO0rOQ5byMi.Ye4oKoEa3Ro9llC/.og/at2.uheWG/igi', '1234567890', '2009-09-01', '57458 Wilderman Glen\nHarberbury, WY 88322-6925', '7568 Roob Union\nNew Solon, ME 30795-1933', 'actif', NULL, NULL, '2021-04-07 09:18:18', '2021-04-07 09:18:18', 3),
(740, 'Hill', 'Lindsey', 'lucious28@example.com', '2021-04-07 09:18:18', '$2y$10$92IXUNpkjO0rOQ5byMi.Ye4oKoEa3Ro9llC/.og/at2.uheWG/igi', '1234567890', '2008-04-08', '2242 Greenfelder Union\nRosenbaumland, NJ 23091-2889', '3604 Gerhold Square Suite 595\nTurnerton, RI 26944', 'actif', NULL, NULL, '2021-04-07 09:18:18', '2021-04-07 09:18:18', 3),
(741, 'Gutmann', 'Wilhelm', 'chadrick.okuneva@example.net', '2021-04-07 09:18:18', '$2y$10$92IXUNpkjO0rOQ5byMi.Ye4oKoEa3Ro9llC/.og/at2.uheWG/igi', '1234567890', '2010-08-30', '8259 Ortiz Prairie\nSouth Melisa, OK 41613-9509', '802 Garnett Hollow Suite 612\nSchowalterfort, AR 37336-2688', 'actif', NULL, NULL, '2021-04-07 09:18:18', '2021-04-07 09:18:18', 3),
(742, 'Carter', 'Michaela', 'mohammad59@example.net', '2021-04-07 09:18:18', '$2y$10$92IXUNpkjO0rOQ5byMi.Ye4oKoEa3Ro9llC/.og/at2.uheWG/igi', '1234567890', '2011-08-18', '6615 Richard Tunnel\nLake Jayson, ME 04646', '73175 Lindgren Corners\nWestbury, ID 42636-0423', 'actif', NULL, NULL, '2021-04-07 09:18:18', '2021-04-07 09:18:18', 3),
(743, 'Harvey', 'Harvey', 'kassulke.mose@example.com', '2021-04-07 09:18:18', '$2y$10$92IXUNpkjO0rOQ5byMi.Ye4oKoEa3Ro9llC/.og/at2.uheWG/igi', '1234567890', '2009-10-06', '99027 Satterfield Roads Apt. 398\nBlandatown, ID 37011-2362', '475 Timothy Rue Suite 564\nJaydonshire, MO 77709', 'ancien', NULL, NULL, '2021-04-07 09:18:18', '2021-04-07 09:18:18', 3),
(744, 'Crooks', 'Randal', 'dandre20@example.com', '2021-04-07 09:18:18', '$2y$10$92IXUNpkjO0rOQ5byMi.Ye4oKoEa3Ro9llC/.og/at2.uheWG/igi', '1234567890', '2003-03-14', '957 Dortha Place\nEast Maida, OR 47175-9178', '5150 Margarete Mountain Apt. 532\nNew Ryleigh, NM 84083', 'ancien', NULL, NULL, '2021-04-07 09:18:18', '2021-04-07 09:18:18', 3),
(745, 'Mann', 'Brenda', 'bgoyette@example.net', '2021-04-07 09:18:18', '$2y$10$92IXUNpkjO0rOQ5byMi.Ye4oKoEa3Ro9llC/.og/at2.uheWG/igi', '1234567890', '2020-04-19', '8881 Nienow Vista\nAshamouth, IN 36821', '7329 Kshlerin Flats\nKarsonside, NY 83212-4152', 'actif', NULL, NULL, '2021-04-07 09:18:18', '2021-04-07 09:18:18', 3),
(746, 'Cronin', 'Zion', 'marty39@example.net', '2021-04-07 09:18:18', '$2y$10$92IXUNpkjO0rOQ5byMi.Ye4oKoEa3Ro9llC/.og/at2.uheWG/igi', '1234567890', '2004-02-17', '4600 Kaylie Keys Apt. 453\nDallasside, AL 85124', '124 Williamson Corners Apt. 048\nWest Floyland, AZ 95365', 'actif', NULL, NULL, '2021-04-07 09:18:18', '2021-04-07 09:18:18', 3),
(747, 'Kuhn', 'Jacynthe', 'hoppe.hubert@example.com', '2021-04-07 09:18:18', '$2y$10$92IXUNpkjO0rOQ5byMi.Ye4oKoEa3Ro9llC/.og/at2.uheWG/igi', '1234567890', '2001-04-30', '454 Durgan Squares Suite 812\nBernhardborough, OK 11747-4406', '9156 Dach Hollow Suite 085\nSouth Lanefurt, GA 83126', 'ancien', NULL, NULL, '2021-04-07 09:18:18', '2021-04-07 09:18:18', 3),
(748, 'Medhurst', 'Savanna', 'quitzon.walker@example.com', '2021-04-07 09:18:18', '$2y$10$92IXUNpkjO0rOQ5byMi.Ye4oKoEa3Ro9llC/.og/at2.uheWG/igi', '1234567890', '2020-10-07', '213 Geoffrey Pines\nEast Jacques, IA 14901-8029', '17249 Lowell Inlet Apt. 129\nLake Albertberg, MT 05671', 'actif', NULL, NULL, '2021-04-07 09:18:18', '2021-04-07 09:18:18', 3),
(749, 'Corwin', 'Buford', 'maggio.kayden@example.com', '2021-04-07 09:18:18', '$2y$10$92IXUNpkjO0rOQ5byMi.Ye4oKoEa3Ro9llC/.og/at2.uheWG/igi', '1234567890', '2015-05-06', '307 Fahey Dale\nNorth Natalie, IA 61925-8185', '6659 Raymundo Track\nEast Augustineberg, KS 28902', 'actif', NULL, NULL, '2021-04-07 09:18:18', '2021-04-07 09:18:18', 3),
(750, 'Roob', 'Haylie', 'bahringer.enid@example.com', '2021-04-07 09:18:18', '$2y$10$92IXUNpkjO0rOQ5byMi.Ye4oKoEa3Ro9llC/.og/at2.uheWG/igi', '1234567890', '2019-05-04', '6562 Lynch Viaduct\nNew Emmetport, ID 18793-0971', '61639 Schamberger Pines\nSwiftmouth, UT 46847', 'ancien', NULL, NULL, '2021-04-07 09:18:18', '2021-04-07 09:18:18', 3);

-- --------------------------------------------------------

--
-- Table structure for table `cactus_evenements`
--

CREATE TABLE `cactus_evenements` (
  `id` bigint(20) UNSIGNED NOT NULL,
  `titre` varchar(255) COLLATE utf8mb4_unicode_ci NOT NULL,
  `description` longtext COLLATE utf8mb4_unicode_ci NOT NULL,
  `date_creation` datetime NOT NULL,
  `posteur` varchar(255) COLLATE utf8mb4_unicode_ci NOT NULL,
  `slug` varchar(255) COLLATE utf8mb4_unicode_ci NOT NULL,
  `type` enum('actualite','nouvelle') COLLATE utf8mb4_unicode_ci NOT NULL DEFAULT 'nouvelle',
  `image` varchar(255) COLLATE utf8mb4_unicode_ci DEFAULT NULL,
  `galerie` varchar(255) COLLATE utf8mb4_unicode_ci DEFAULT NULL,
  `created_at` timestamp NULL DEFAULT NULL,
  `updated_at` timestamp NULL DEFAULT NULL
) ENGINE=InnoDB DEFAULT CHARSET=utf8mb4 COLLATE=utf8mb4_unicode_ci;

--
-- Dumping data for table `cactus_evenements`
--

INSERT INTO `cactus_evenements` (`id`, `titre`, `description`, `date_creation`, `posteur`, `slug`, `type`, `image`, `galerie`, `created_at`, `updated_at`) VALUES
(1, 'cumque', 'Quod libero sunt ipsam veniam.', '2021-04-07 12:18:18', 'Chad Fritsch', 'temporibus-ducimus-veritatis-omnis-veritatis-nulla-deleniti-ab-veritatis', 'actualite', NULL, NULL, '2021-04-07 09:18:19', '2021-04-07 09:18:19'),
(2, 'illum', 'Voluptatem enim dolorum cupiditate et corporis facilis est.', '2021-04-07 12:18:18', 'Cody Gerhold', 'impedit-incidunt-nemo-deleniti-corporis-enim', 'actualite', NULL, NULL, '2021-04-07 09:18:19', '2021-04-07 09:18:19'),
(3, 'dolores', 'Rerum nam in sit distinctio qui.', '2021-04-07 12:18:19', 'Gillian Stracke', 'quia-eum-et-qui-quasi', 'actualite', NULL, NULL, '2021-04-07 09:18:19', '2021-04-07 09:18:19'),
(4, 'omnis', 'Ut sapiente repellendus voluptas veniam voluptas aliquid possimus sit.', '2021-04-07 12:18:19', 'Dr. Manuel Gaylord II', 'et-eum-voluptatem-veniam-non', 'actualite', NULL, NULL, '2021-04-07 09:18:19', '2021-04-07 09:18:19'),
(5, 'nisi', 'Cum doloremque modi et labore.', '2021-04-07 12:18:19', 'Miss Kaycee Stanton', 'cumque-labore-occaecati-quaerat-adipisci', 'nouvelle', NULL, NULL, '2021-04-07 09:18:19', '2021-04-07 09:18:19'),
(6, 'molestiae', 'Ducimus quisquam eveniet vel.', '2021-04-07 12:18:19', 'Dr. Alexanne Dickinson Sr.', 'voluptatem-vero-dolores-veritatis-quisquam', 'actualite', NULL, NULL, '2021-04-07 09:18:19', '2021-04-07 09:18:19'),
(7, 'doloribus', 'Necessitatibus nostrum illo consequatur id aliquam consequatur.', '2021-04-07 12:18:19', 'Christ Ruecker', 'qui-minima-officiis-molestias-dignissimos-sequi', 'nouvelle', NULL, NULL, '2021-04-07 09:18:19', '2021-04-07 09:18:19'),
(8, 'facilis', 'Voluptatibus eius eaque minima sit voluptatem quia vel.', '2021-04-07 12:18:19', 'Melissa Dooley', 'omnis-hic-esse-possimus-quod-occaecati', 'nouvelle', NULL, NULL, '2021-04-07 09:18:19', '2021-04-07 09:18:19'),
(9, 'sint', 'Vel commodi dolore eaque sint iusto impedit at.', '2021-04-07 12:18:19', 'Jacynthe Luettgen', 'omnis-libero-et-consectetur-in-pariatur-omnis', 'actualite', NULL, NULL, '2021-04-07 09:18:19', '2021-04-07 09:18:19'),
(10, 'quo', 'Dolore consequatur voluptas dolorem ab similique et.', '2021-04-07 12:18:19', 'Mrs. Odessa Kuvalis V', 'harum-deserunt-laudantium-hic-repellat-voluptatem-perferendis-deleniti', 'actualite', NULL, NULL, '2021-04-07 09:18:19', '2021-04-07 09:18:19'),
(11, 'qui', 'Iste delectus et doloribus soluta.', '2021-04-07 12:18:19', 'Vickie Pagac', 'earum-illo-dolor-sed-eaque-vel', 'actualite', NULL, NULL, '2021-04-07 09:18:19', '2021-04-07 09:18:19'),
(12, 'vitae', 'Assumenda explicabo quia optio.', '2021-04-07 12:18:19', 'Dr. Felipe Feil', 'voluptatum-consequuntur-voluptas-iusto-sit-ut-et-unde', 'actualite', NULL, NULL, '2021-04-07 09:18:19', '2021-04-07 09:18:19'),
(13, 'voluptatem', 'Nisi sed in magnam voluptatem consequatur dignissimos.', '2021-04-07 12:18:19', 'Morton Schmeler', 'omnis-aut-deleniti-perferendis-assumenda', 'nouvelle', NULL, NULL, '2021-04-07 09:18:19', '2021-04-07 09:18:19'),
(14, 'repellendus', 'Et earum corrupti labore aut.', '2021-04-07 12:18:19', 'Armand Maggio DDS', 'ea-iste-quo-omnis-et-placeat-consequatur', 'actualite', NULL, NULL, '2021-04-07 09:18:19', '2021-04-07 09:18:19'),
(15, 'aliquid', 'Nulla beatae optio at ullam fuga.', '2021-04-07 12:18:19', 'Kara Sauer MD', 'omnis-atque-consequatur-molestias-ipsum-sit-in', 'nouvelle', NULL, NULL, '2021-04-07 09:18:19', '2021-04-07 09:18:19'),
(16, 'autem', 'Quis voluptate sed iusto possimus et voluptas.', '2021-04-07 12:18:19', 'Margret Kshlerin', 'nam-illo-magnam-quo-quos', 'actualite', NULL, NULL, '2021-04-07 09:18:19', '2021-04-07 09:18:19'),
(17, 'iusto', 'Ipsa aut exercitationem omnis qui rerum ut omnis.', '2021-04-07 12:18:19', 'Romaine Blanda', 'eveniet-sit-id-consectetur-ea-molestiae-reiciendis-id', 'nouvelle', NULL, NULL, '2021-04-07 09:18:19', '2021-04-07 09:18:19'),
(18, 'ea', 'Placeat enim doloribus quod et iste similique earum doloribus.', '2021-04-07 12:18:19', 'Nickolas Lindgren', 'repellat-id-quo-occaecati-et', 'actualite', NULL, NULL, '2021-04-07 09:18:19', '2021-04-07 09:18:19'),
(19, 'nesciunt', 'Eligendi similique modi qui optio et sed maxime.', '2021-04-07 12:18:19', 'Brandon Kreiger', 'inventore-voluptatem-saepe-blanditiis-explicabo', 'actualite', NULL, NULL, '2021-04-07 09:18:19', '2021-04-07 09:18:19'),
(20, 'sapiente', 'Ullam maxime et quae non aspernatur quibusdam corporis dolores.', '2021-04-07 12:18:19', 'Janiya Turcotte V', 'sit-dolore-soluta-deleniti-vel-et-tenetur-quas-incidunt', 'actualite', NULL, NULL, '2021-04-07 09:18:19', '2021-04-07 09:18:19');

-- --------------------------------------------------------

--
-- Table structure for table `cactus_formations`
--

CREATE TABLE `cactus_formations` (
  `id` bigint(20) UNSIGNED NOT NULL,
  `libelle` varchar(255) COLLATE utf8mb4_unicode_ci NOT NULL,
  `description` longtext COLLATE utf8mb4_unicode_ci NOT NULL,
  `slug` varchar(255) COLLATE utf8mb4_unicode_ci NOT NULL,
  `photo` varchar(255) COLLATE utf8mb4_unicode_ci DEFAULT NULL
) ENGINE=InnoDB DEFAULT CHARSET=utf8mb4 COLLATE=utf8mb4_unicode_ci;

--
-- Dumping data for table `cactus_formations`
--

INSERT INTO `cactus_formations` (`id`, `libelle`, `description`, `slug`, `photo`) VALUES
(1, 'Licence', 'Lorem Ipsum is simply dummy text of the printing and typesetting industry. Lorem Ipsum has been the industry\'s standard dummy text ever since the 1500s, when an unknown printer took a galley of type and scrambled it to make a type specimen book. It has survived not only five centuries, but also the leap into electronic typesetting, remaining essentially unchanged. It was popularised in the 1960s with the release of Letraset sheets containing Lorem Ipsum passages, and more recently with desktop publishing software like Aldus PageMaker including versions of Lorem Ipsum.', 'licence-framework', NULL),
(2, 'Master', 'Lorem Ipsum is simply dummy text of the printing and typesetting industry. Lorem Ipsum has been the industry\'s standard dummy text ever since the 1500s, when an unknown printer took a galley of type and scrambled it to make a type specimen book. It has survived not only five centuries, but also the leap into electronic typesetting, remaining essentially unchanged. It was popularised in the 1960s with the release of Letraset sheets containing Lorem Ipsum passages, and more recently with desktop publishing software like Aldus PageMaker including versions of Lorem Ipsum.', 'master-framework', NULL);

-- --------------------------------------------------------

--
-- Table structure for table `cactus_journals`
--

CREATE TABLE `cactus_journals` (
  `id` bigint(20) UNSIGNED NOT NULL,
  `ip` varchar(255) COLLATE utf8mb4_unicode_ci NOT NULL,
  `date_debut` datetime NOT NULL,
  `action` varchar(255) COLLATE utf8mb4_unicode_ci NOT NULL,
  `created_at` timestamp NULL DEFAULT NULL,
  `updated_at` timestamp NULL DEFAULT NULL
) ENGINE=InnoDB DEFAULT CHARSET=utf8mb4 COLLATE=utf8mb4_unicode_ci;

-- --------------------------------------------------------

--
-- Table structure for table `cactus_langues`
--

CREATE TABLE `cactus_langues` (
  `id` bigint(20) UNSIGNED NOT NULL,
  `libelle` varchar(255) COLLATE utf8mb4_unicode_ci NOT NULL,
  `flag` varchar(255) COLLATE utf8mb4_unicode_ci NOT NULL,
  `code` varchar(255) COLLATE utf8mb4_unicode_ci NOT NULL,
  `created_at` timestamp NULL DEFAULT NULL,
  `updated_at` timestamp NULL DEFAULT NULL
) ENGINE=InnoDB DEFAULT CHARSET=utf8mb4 COLLATE=utf8mb4_unicode_ci;

--
-- Dumping data for table `cactus_langues`
--

INSERT INTO `cactus_langues` (`id`, `libelle`, `flag`, `code`, `created_at`, `updated_at`) VALUES
(1, 'English', 'en', 'en', NULL, NULL),
(2, 'French', 'fr', 'fr', NULL, NULL);

-- --------------------------------------------------------

--
-- Table structure for table `cactus_messages`
--

CREATE TABLE `cactus_messages` (
  `id` bigint(20) UNSIGNED NOT NULL,
  `email` varchar(255) COLLATE utf8mb4_unicode_ci NOT NULL,
  `objet` varchar(255) COLLATE utf8mb4_unicode_ci NOT NULL,
  `message` longtext COLLATE utf8mb4_unicode_ci NOT NULL,
  `telephone` varchar(255) COLLATE utf8mb4_unicode_ci NOT NULL,
  `created_at` timestamp NULL DEFAULT NULL,
  `updated_at` timestamp NULL DEFAULT NULL
) ENGINE=InnoDB DEFAULT CHARSET=utf8mb4 COLLATE=utf8mb4_unicode_ci;

-- --------------------------------------------------------

--
-- Table structure for table `cactus_newsletters`
--

CREATE TABLE `cactus_newsletters` (
  `id` bigint(20) UNSIGNED NOT NULL,
  `email` varchar(255) COLLATE utf8mb4_unicode_ci NOT NULL,
  `created_at` timestamp NULL DEFAULT NULL,
  `updated_at` timestamp NULL DEFAULT NULL
) ENGINE=InnoDB DEFAULT CHARSET=utf8mb4 COLLATE=utf8mb4_unicode_ci;

--
-- Dumping data for table `cactus_newsletters`
--

INSERT INTO `cactus_newsletters` (`id`, `email`, `created_at`, `updated_at`) VALUES
(1, 'lafayette.rogahn@example.org', '2021-04-07 09:18:18', '2021-04-07 09:18:18'),
(2, 'mkemmer@example.org', '2021-04-07 09:18:18', '2021-04-07 09:18:18'),
(3, 'cmcclure@example.net', '2021-04-07 09:18:18', '2021-04-07 09:18:18'),
(4, 'cschamberger@example.org', '2021-04-07 09:18:18', '2021-04-07 09:18:18'),
(5, 'ymarquardt@example.com', '2021-04-07 09:18:18', '2021-04-07 09:18:18');

-- --------------------------------------------------------

--
-- Table structure for table `cactus_niveaux`
--

CREATE TABLE `cactus_niveaux` (
  `id` bigint(20) UNSIGNED NOT NULL,
  `libelle` varchar(255) COLLATE utf8mb4_unicode_ci NOT NULL,
  `tag` varchar(255) COLLATE utf8mb4_unicode_ci NOT NULL,
  `formation_id` bigint(20) UNSIGNED NOT NULL
) ENGINE=InnoDB DEFAULT CHARSET=utf8mb4 COLLATE=utf8mb4_unicode_ci;

--
-- Dumping data for table `cactus_niveaux`
--

INSERT INTO `cactus_niveaux` (`id`, `libelle`, `tag`, `formation_id`) VALUES
(1, 'Licence 1', 'L1', 1),
(2, 'Licence 2', 'L2', 1),
(3, 'Licence 3', 'IG', 1),
(4, 'Master 1', 'M1', 2),
(5, 'Master 2', 'M2', 2);

-- --------------------------------------------------------

--
-- Table structure for table `cactus_notification_cactus`
--

CREATE TABLE `cactus_notification_cactus` (
  `id` bigint(20) UNSIGNED NOT NULL,
  `titre` varchar(255) COLLATE utf8mb4_unicode_ci NOT NULL,
  `message` varchar(255) COLLATE utf8mb4_unicode_ci NOT NULL,
  `destinataire` varchar(255) COLLATE utf8mb4_unicode_ci NOT NULL DEFAULT '*',
  `destinateur` varchar(255) COLLATE utf8mb4_unicode_ci NOT NULL,
  `created_at` timestamp NULL DEFAULT NULL,
  `updated_at` timestamp NULL DEFAULT NULL
) ENGINE=InnoDB DEFAULT CHARSET=utf8mb4 COLLATE=utf8mb4_unicode_ci;

-- --------------------------------------------------------

--
-- Table structure for table `cactus_parcours`
--

CREATE TABLE `cactus_parcours` (
  `id` bigint(20) UNSIGNED NOT NULL,
  `libelle` varchar(255) COLLATE utf8mb4_unicode_ci NOT NULL,
  `tag` varchar(255) COLLATE utf8mb4_unicode_ci NOT NULL
) ENGINE=InnoDB DEFAULT CHARSET=utf8mb4 COLLATE=utf8mb4_unicode_ci;

--
-- Dumping data for table `cactus_parcours`
--

INSERT INTO `cactus_parcours` (`id`, `libelle`, `tag`) VALUES
(1, 'Genie Logiciel et Base des donnees', 'GB'),
(2, 'Administration et Systeme de reseaux', 'SR'),
(3, 'Informatique general [Hybride]', 'IG');

-- --------------------------------------------------------

--
-- Table structure for table `cactus_roles`
--

CREATE TABLE `cactus_roles` (
  `id` bigint(20) UNSIGNED NOT NULL,
  `libelle` varchar(255) COLLATE utf8mb4_unicode_ci NOT NULL,
  `description` longtext COLLATE utf8mb4_unicode_ci NOT NULL
) ENGINE=InnoDB DEFAULT CHARSET=utf8mb4 COLLATE=utf8mb4_unicode_ci;

-- --------------------------------------------------------

--
-- Table structure for table `cactus_staff`
--

CREATE TABLE `cactus_staff` (
  `id` bigint(20) UNSIGNED NOT NULL,
  `type` enum('leader','membre') COLLATE utf8mb4_unicode_ci NOT NULL DEFAULT 'membre',
  `created_at` timestamp NULL DEFAULT NULL,
  `updated_at` timestamp NULL DEFAULT NULL,
  `club_id` bigint(20) UNSIGNED NOT NULL,
  `etudiant_id` bigint(20) UNSIGNED NOT NULL
) ENGINE=InnoDB DEFAULT CHARSET=utf8mb4 COLLATE=utf8mb4_unicode_ci;

-- --------------------------------------------------------

--
-- Table structure for table `cactus_users`
--

CREATE TABLE `cactus_users` (
  `id` bigint(20) UNSIGNED NOT NULL,
  `identifiant` varchar(255) COLLATE utf8mb4_unicode_ci NOT NULL,
  `email` varchar(255) COLLATE utf8mb4_unicode_ci NOT NULL,
  `email_verified_at` timestamp NULL DEFAULT NULL,
  `password` varchar(255) COLLATE utf8mb4_unicode_ci NOT NULL,
  `role` enum('user','redacteur','admin','annonceur','pedagogique') COLLATE utf8mb4_unicode_ci NOT NULL DEFAULT 'user',
  `photo` varchar(255) COLLATE utf8mb4_unicode_ci DEFAULT NULL,
  `remember_token` varchar(100) COLLATE utf8mb4_unicode_ci DEFAULT NULL,
  `created_at` timestamp NULL DEFAULT NULL,
  `updated_at` timestamp NULL DEFAULT NULL
) ENGINE=InnoDB DEFAULT CHARSET=utf8mb4 COLLATE=utf8mb4_unicode_ci;

--
-- Dumping data for table `cactus_users`
--

INSERT INTO `cactus_users` (`id`, `identifiant`, `email`, `email_verified_at`, `password`, `role`, `photo`, `remember_token`, `created_at`, `updated_at`) VALUES
(1, 'shanon-russel', 'kayleigh64@example.com', '2021-04-07 09:17:55', '$2y$10$92IXUNpkjO0rOQ5byMi.Ye4oKoEa3Ro9llC/.og/at2.uheWG/igi', 'admin', NULL, 'PxGVMEcUba', '2021-04-07 09:17:55', '2021-04-07 09:17:55'),
(2, 'elian-prosacco', 'ygerhold@example.org', '2021-04-07 09:17:55', '$2y$10$92IXUNpkjO0rOQ5byMi.Ye4oKoEa3Ro9llC/.og/at2.uheWG/igi', 'redacteur', NULL, 'YjcebOjPc1', '2021-04-07 09:17:55', '2021-04-07 09:17:55'),
(3, 'andrew-spinka-dvm', 'hodkiewicz.karley@example.net', '2021-04-07 09:17:55', '$2y$10$92IXUNpkjO0rOQ5byMi.Ye4oKoEa3Ro9llC/.og/at2.uheWG/igi', 'redacteur', NULL, 'lQD4xNG2C1', '2021-04-07 09:17:55', '2021-04-07 09:17:55'),
(4, 'jacky-littel-iii', 'lziemann@example.com', '2021-04-07 09:17:55', '$2y$10$92IXUNpkjO0rOQ5byMi.Ye4oKoEa3Ro9llC/.og/at2.uheWG/igi', 'annonceur', NULL, 'd0pIzSHQGA', '2021-04-07 09:17:55', '2021-04-07 09:17:55'),
(5, 'kathryn-abshire', 'madisen.kessler@example.org', '2021-04-07 09:17:55', '$2y$10$92IXUNpkjO0rOQ5byMi.Ye4oKoEa3Ro9llC/.og/at2.uheWG/igi', 'annonceur', NULL, 'U3ndVGui5p', '2021-04-07 09:17:55', '2021-04-07 09:17:55'),
(6, 'dr-jesse-koelpin-ii', 'schroeder.kadin@example.com', '2021-04-07 09:17:55', '$2y$10$92IXUNpkjO0rOQ5byMi.Ye4oKoEa3Ro9llC/.og/at2.uheWG/igi', 'pedagogique', NULL, 'iy5pUcntN9', '2021-04-07 09:17:55', '2021-04-07 09:17:55'),
(7, 'karley-rippin-iv', 'hugh.kris@example.net', '2021-04-07 09:17:55', '$2y$10$92IXUNpkjO0rOQ5byMi.Ye4oKoEa3Ro9llC/.og/at2.uheWG/igi', 'pedagogique', NULL, 'HYg0prUfNR', '2021-04-07 09:17:55', '2021-04-07 09:17:55'),
(8, 'mrs-carolyn-tillman', 'zemlak.melody@example.net', '2021-04-07 09:17:55', '$2y$10$92IXUNpkjO0rOQ5byMi.Ye4oKoEa3Ro9llC/.og/at2.uheWG/igi', 'user', NULL, 'nMEy1xZoXU', '2021-04-07 09:17:55', '2021-04-07 09:17:55'),
(9, 'dorian-littel', 'billie.streich@example.net', '2021-04-07 09:17:55', '$2y$10$92IXUNpkjO0rOQ5byMi.Ye4oKoEa3Ro9llC/.og/at2.uheWG/igi', 'user', NULL, 'dfl6iTDlEa', '2021-04-07 09:17:55', '2021-04-07 09:17:55');

-- --------------------------------------------------------

--
-- Table structure for table `failed_jobs`
--

CREATE TABLE `failed_jobs` (
  `id` bigint(20) UNSIGNED NOT NULL,
  `uuid` varchar(255) COLLATE utf8mb4_unicode_ci NOT NULL,
  `connection` text COLLATE utf8mb4_unicode_ci NOT NULL,
  `queue` text COLLATE utf8mb4_unicode_ci NOT NULL,
  `payload` longtext COLLATE utf8mb4_unicode_ci NOT NULL,
  `exception` longtext COLLATE utf8mb4_unicode_ci NOT NULL,
  `failed_at` timestamp NOT NULL DEFAULT current_timestamp()
) ENGINE=InnoDB DEFAULT CHARSET=utf8mb4 COLLATE=utf8mb4_unicode_ci;

-- --------------------------------------------------------

--
-- Table structure for table `migrations`
--

CREATE TABLE `migrations` (
  `id` int(10) UNSIGNED NOT NULL,
  `migration` varchar(255) COLLATE utf8mb4_unicode_ci NOT NULL,
  `batch` int(11) NOT NULL
) ENGINE=InnoDB DEFAULT CHARSET=utf8mb4 COLLATE=utf8mb4_unicode_ci;

--
-- Dumping data for table `migrations`
--

INSERT INTO `migrations` (`id`, `migration`, `batch`) VALUES
(1, '2014_10_12_000000_create_users_table', 1),
(2, '2014_10_12_100000_create_password_resets_table', 1),
(3, '2019_08_19_000000_create_failed_jobs_table', 1),
(4, '2021_04_05_184807_create_formations_table', 1),
(5, '2021_04_05_184901_create_niveaux_table', 1),
(6, '2021_04_05_184929_create_parcours_table', 1),
(7, '2021_04_05_185002_create_configuration_table', 1),
(8, '2021_04_05_185120_create_emploi_temps_table', 1),
(9, '2021_04_05_185246_create_evenements_table', 1),
(10, '2021_04_05_185306_create_annonces_table', 1),
(11, '2021_04_05_185347_create_apropos_table', 1),
(12, '2021_04_05_185412_create_langues_table', 1),
(13, '2021_04_05_185441_create_journals_table', 1),
(14, '2021_04_05_185727_create_newsletters_table', 1),
(15, '2021_04_05_185759_create_albums_table', 1),
(16, '2021_04_06_162427_create_messages_table', 1),
(17, '2021_04_06_162515_create_enseignants_table', 1),
(18, '2021_04_06_162601_create_emploi_temps_items_table', 1),
(19, '2021_04_06_162623_create_roles_table', 1),
(20, '2021_04_06_162646_create_notifications_table', 1),
(21, '2021_04_06_175113_create_notification_cacti_table', 1),
(22, '2021_04_06_185853_create_espace_numeriques_table', 1),
(23, '2021_04_07_095811_create_annee_universitaire_libelles_table', 1),
(24, '2021_04_07_184653_create_etudiants_table', 1),
(25, '2021_04_07_185515_create_clubs_table', 1),
(26, '2021_04_07_185516_create_articles_table', 1),
(27, '2021_04_07_185549_create_staff_table', 1),
(28, '2021_04_07_192538_create_annee_universitaires_table', 1);

-- --------------------------------------------------------

--
-- Table structure for table `notifications`
--

CREATE TABLE `notifications` (
  `id` char(36) COLLATE utf8mb4_unicode_ci NOT NULL,
  `type` varchar(255) COLLATE utf8mb4_unicode_ci NOT NULL,
  `notifiable_type` varchar(255) COLLATE utf8mb4_unicode_ci NOT NULL,
  `notifiable_id` bigint(20) UNSIGNED NOT NULL,
  `data` text COLLATE utf8mb4_unicode_ci NOT NULL,
  `read_at` timestamp NULL DEFAULT NULL,
  `created_at` timestamp NULL DEFAULT NULL,
  `updated_at` timestamp NULL DEFAULT NULL
) ENGINE=InnoDB DEFAULT CHARSET=utf8mb4 COLLATE=utf8mb4_unicode_ci;

-- --------------------------------------------------------

--
-- Table structure for table `password_resets`
--

CREATE TABLE `password_resets` (
  `email` varchar(255) COLLATE utf8mb4_unicode_ci NOT NULL,
  `token` varchar(255) COLLATE utf8mb4_unicode_ci NOT NULL,
  `created_at` timestamp NULL DEFAULT NULL
) ENGINE=InnoDB DEFAULT CHARSET=utf8mb4 COLLATE=utf8mb4_unicode_ci;

--
-- Indexes for dumped tables
--

--
-- Indexes for table `cactus_albums`
--
ALTER TABLE `cactus_albums`
  ADD PRIMARY KEY (`id`);

--
-- Indexes for table `cactus_annee_universitaires`
--
ALTER TABLE `cactus_annee_universitaires`
  ADD PRIMARY KEY (`id`),
  ADD KEY `cactus_annee_universitaires_niveau_id_foreign` (`niveau_id`),
  ADD KEY `cactus_annee_universitaires_etudiant_id_foreign` (`etudiant_id`),
  ADD KEY `cactus_annee_universitaires_annee_id_foreign` (`annee_id`);

--
-- Indexes for table `cactus_annee_universitaire_libelles`
--
ALTER TABLE `cactus_annee_universitaire_libelles`
  ADD PRIMARY KEY (`id`);

--
-- Indexes for table `cactus_annonces`
--
ALTER TABLE `cactus_annonces`
  ADD PRIMARY KEY (`id`);

--
-- Indexes for table `cactus_apropos`
--
ALTER TABLE `cactus_apropos`
  ADD PRIMARY KEY (`id`);

--
-- Indexes for table `cactus_articles`
--
ALTER TABLE `cactus_articles`
  ADD PRIMARY KEY (`id`),
  ADD KEY `cactus_articles_club_id_foreign` (`club_id`);

--
-- Indexes for table `cactus_clubs`
--
ALTER TABLE `cactus_clubs`
  ADD PRIMARY KEY (`id`);

--
-- Indexes for table `cactus_configurations`
--
ALTER TABLE `cactus_configurations`
  ADD PRIMARY KEY (`id`);

--
-- Indexes for table `cactus_emploi_du_temps`
--
ALTER TABLE `cactus_emploi_du_temps`
  ADD PRIMARY KEY (`id`);

--
-- Indexes for table `cactus_emploi_du_temps_items`
--
ALTER TABLE `cactus_emploi_du_temps_items`
  ADD PRIMARY KEY (`id`),
  ADD KEY `cactus_emploi_du_temps_items_emploi_du_temps_id_foreign` (`emploi_du_temps_id`),
  ADD KEY `cactus_emploi_du_temps_items_niveau_id_foreign` (`niveau_id`),
  ADD KEY `cactus_emploi_du_temps_items_parcours_id_foreign` (`parcours_id`),
  ADD KEY `cactus_emploi_du_temps_items_enseignant_id_foreign` (`enseignant_id`);

--
-- Indexes for table `cactus_enseignants`
--
ALTER TABLE `cactus_enseignants`
  ADD PRIMARY KEY (`id`);

--
-- Indexes for table `cactus_espace_numeriques`
--
ALTER TABLE `cactus_espace_numeriques`
  ADD PRIMARY KEY (`id`),
  ADD KEY `cactus_espace_numeriques_niveau_id_foreign` (`niveau_id`),
  ADD KEY `cactus_espace_numeriques_parcours_id_foreign` (`parcours_id`),
  ADD KEY `cactus_espace_numeriques_enseignant_id_foreign` (`enseignant_id`);

--
-- Indexes for table `cactus_etudiants`
--
ALTER TABLE `cactus_etudiants`
  ADD PRIMARY KEY (`id`),
  ADD UNIQUE KEY `cactus_etudiants_email_unique` (`email`),
  ADD KEY `cactus_etudiants_parcours_id_foreign` (`parcours_id`);

--
-- Indexes for table `cactus_evenements`
--
ALTER TABLE `cactus_evenements`
  ADD PRIMARY KEY (`id`);

--
-- Indexes for table `cactus_formations`
--
ALTER TABLE `cactus_formations`
  ADD PRIMARY KEY (`id`);

--
-- Indexes for table `cactus_journals`
--
ALTER TABLE `cactus_journals`
  ADD PRIMARY KEY (`id`);

--
-- Indexes for table `cactus_langues`
--
ALTER TABLE `cactus_langues`
  ADD PRIMARY KEY (`id`);

--
-- Indexes for table `cactus_messages`
--
ALTER TABLE `cactus_messages`
  ADD PRIMARY KEY (`id`);

--
-- Indexes for table `cactus_newsletters`
--
ALTER TABLE `cactus_newsletters`
  ADD PRIMARY KEY (`id`);

--
-- Indexes for table `cactus_niveaux`
--
ALTER TABLE `cactus_niveaux`
  ADD PRIMARY KEY (`id`),
  ADD KEY `cactus_niveaux_formation_id_foreign` (`formation_id`);

--
-- Indexes for table `cactus_notification_cactus`
--
ALTER TABLE `cactus_notification_cactus`
  ADD PRIMARY KEY (`id`);

--
-- Indexes for table `cactus_parcours`
--
ALTER TABLE `cactus_parcours`
  ADD PRIMARY KEY (`id`);

--
-- Indexes for table `cactus_roles`
--
ALTER TABLE `cactus_roles`
  ADD PRIMARY KEY (`id`);

--
-- Indexes for table `cactus_staff`
--
ALTER TABLE `cactus_staff`
  ADD PRIMARY KEY (`id`),
  ADD KEY `cactus_staff_club_id_foreign` (`club_id`),
  ADD KEY `cactus_staff_etudiant_id_foreign` (`etudiant_id`);

--
-- Indexes for table `cactus_users`
--
ALTER TABLE `cactus_users`
  ADD PRIMARY KEY (`id`),
  ADD UNIQUE KEY `cactus_users_email_unique` (`email`);

--
-- Indexes for table `failed_jobs`
--
ALTER TABLE `failed_jobs`
  ADD PRIMARY KEY (`id`),
  ADD UNIQUE KEY `failed_jobs_uuid_unique` (`uuid`);

--
-- Indexes for table `migrations`
--
ALTER TABLE `migrations`
  ADD PRIMARY KEY (`id`);

--
-- Indexes for table `notifications`
--
ALTER TABLE `notifications`
  ADD PRIMARY KEY (`id`),
  ADD KEY `notifications_notifiable_type_notifiable_id_index` (`notifiable_type`,`notifiable_id`);

--
-- Indexes for table `password_resets`
--
ALTER TABLE `password_resets`
  ADD KEY `password_resets_email_index` (`email`);

--
-- AUTO_INCREMENT for dumped tables
--

--
-- AUTO_INCREMENT for table `cactus_albums`
--
ALTER TABLE `cactus_albums`
  MODIFY `id` bigint(20) UNSIGNED NOT NULL AUTO_INCREMENT;

--
-- AUTO_INCREMENT for table `cactus_annee_universitaires`
--
ALTER TABLE `cactus_annee_universitaires`
  MODIFY `id` bigint(20) UNSIGNED NOT NULL AUTO_INCREMENT, AUTO_INCREMENT=751;

--
-- AUTO_INCREMENT for table `cactus_annee_universitaire_libelles`
--
ALTER TABLE `cactus_annee_universitaire_libelles`
  MODIFY `id` bigint(20) UNSIGNED NOT NULL AUTO_INCREMENT, AUTO_INCREMENT=5;

--
-- AUTO_INCREMENT for table `cactus_annonces`
--
ALTER TABLE `cactus_annonces`
  MODIFY `id` bigint(20) UNSIGNED NOT NULL AUTO_INCREMENT, AUTO_INCREMENT=11;

--
-- AUTO_INCREMENT for table `cactus_apropos`
--
ALTER TABLE `cactus_apropos`
  MODIFY `id` bigint(20) UNSIGNED NOT NULL AUTO_INCREMENT;

--
-- AUTO_INCREMENT for table `cactus_articles`
--
ALTER TABLE `cactus_articles`
  MODIFY `id` bigint(20) UNSIGNED NOT NULL AUTO_INCREMENT, AUTO_INCREMENT=21;

--
-- AUTO_INCREMENT for table `cactus_clubs`
--
ALTER TABLE `cactus_clubs`
  MODIFY `id` bigint(20) UNSIGNED NOT NULL AUTO_INCREMENT, AUTO_INCREMENT=5;

--
-- AUTO_INCREMENT for table `cactus_configurations`
--
ALTER TABLE `cactus_configurations`
  MODIFY `id` bigint(20) UNSIGNED NOT NULL AUTO_INCREMENT, AUTO_INCREMENT=12;

--
-- AUTO_INCREMENT for table `cactus_emploi_du_temps`
--
ALTER TABLE `cactus_emploi_du_temps`
  MODIFY `id` bigint(20) UNSIGNED NOT NULL AUTO_INCREMENT;

--
-- AUTO_INCREMENT for table `cactus_emploi_du_temps_items`
--
ALTER TABLE `cactus_emploi_du_temps_items`
  MODIFY `id` bigint(20) UNSIGNED NOT NULL AUTO_INCREMENT;

--
-- AUTO_INCREMENT for table `cactus_enseignants`
--
ALTER TABLE `cactus_enseignants`
  MODIFY `id` bigint(20) UNSIGNED NOT NULL AUTO_INCREMENT, AUTO_INCREMENT=21;

--
-- AUTO_INCREMENT for table `cactus_espace_numeriques`
--
ALTER TABLE `cactus_espace_numeriques`
  MODIFY `id` bigint(20) UNSIGNED NOT NULL AUTO_INCREMENT;

--
-- AUTO_INCREMENT for table `cactus_etudiants`
--
ALTER TABLE `cactus_etudiants`
  MODIFY `id` bigint(20) UNSIGNED NOT NULL AUTO_INCREMENT, AUTO_INCREMENT=751;

--
-- AUTO_INCREMENT for table `cactus_evenements`
--
ALTER TABLE `cactus_evenements`
  MODIFY `id` bigint(20) UNSIGNED NOT NULL AUTO_INCREMENT, AUTO_INCREMENT=21;

--
-- AUTO_INCREMENT for table `cactus_formations`
--
ALTER TABLE `cactus_formations`
  MODIFY `id` bigint(20) UNSIGNED NOT NULL AUTO_INCREMENT, AUTO_INCREMENT=3;

--
-- AUTO_INCREMENT for table `cactus_journals`
--
ALTER TABLE `cactus_journals`
  MODIFY `id` bigint(20) UNSIGNED NOT NULL AUTO_INCREMENT;

--
-- AUTO_INCREMENT for table `cactus_langues`
--
ALTER TABLE `cactus_langues`
  MODIFY `id` bigint(20) UNSIGNED NOT NULL AUTO_INCREMENT, AUTO_INCREMENT=3;

--
-- AUTO_INCREMENT for table `cactus_messages`
--
ALTER TABLE `cactus_messages`
  MODIFY `id` bigint(20) UNSIGNED NOT NULL AUTO_INCREMENT;

--
-- AUTO_INCREMENT for table `cactus_newsletters`
--
ALTER TABLE `cactus_newsletters`
  MODIFY `id` bigint(20) UNSIGNED NOT NULL AUTO_INCREMENT, AUTO_INCREMENT=6;

--
-- AUTO_INCREMENT for table `cactus_niveaux`
--
ALTER TABLE `cactus_niveaux`
  MODIFY `id` bigint(20) UNSIGNED NOT NULL AUTO_INCREMENT, AUTO_INCREMENT=6;

--
-- AUTO_INCREMENT for table `cactus_notification_cactus`
--
ALTER TABLE `cactus_notification_cactus`
  MODIFY `id` bigint(20) UNSIGNED NOT NULL AUTO_INCREMENT;

--
-- AUTO_INCREMENT for table `cactus_parcours`
--
ALTER TABLE `cactus_parcours`
  MODIFY `id` bigint(20) UNSIGNED NOT NULL AUTO_INCREMENT, AUTO_INCREMENT=4;

--
-- AUTO_INCREMENT for table `cactus_roles`
--
ALTER TABLE `cactus_roles`
  MODIFY `id` bigint(20) UNSIGNED NOT NULL AUTO_INCREMENT;

--
-- AUTO_INCREMENT for table `cactus_staff`
--
ALTER TABLE `cactus_staff`
  MODIFY `id` bigint(20) UNSIGNED NOT NULL AUTO_INCREMENT;

--
-- AUTO_INCREMENT for table `cactus_users`
--
ALTER TABLE `cactus_users`
  MODIFY `id` bigint(20) UNSIGNED NOT NULL AUTO_INCREMENT, AUTO_INCREMENT=10;

--
-- AUTO_INCREMENT for table `failed_jobs`
--
ALTER TABLE `failed_jobs`
  MODIFY `id` bigint(20) UNSIGNED NOT NULL AUTO_INCREMENT;

--
-- AUTO_INCREMENT for table `migrations`
--
ALTER TABLE `migrations`
  MODIFY `id` int(10) UNSIGNED NOT NULL AUTO_INCREMENT, AUTO_INCREMENT=29;

--
-- Constraints for dumped tables
--

--
-- Constraints for table `cactus_annee_universitaires`
--
ALTER TABLE `cactus_annee_universitaires`
  ADD CONSTRAINT `cactus_annee_universitaires_annee_id_foreign` FOREIGN KEY (`annee_id`) REFERENCES `cactus_annee_universitaire_libelles` (`id`),
  ADD CONSTRAINT `cactus_annee_universitaires_etudiant_id_foreign` FOREIGN KEY (`etudiant_id`) REFERENCES `cactus_etudiants` (`id`),
  ADD CONSTRAINT `cactus_annee_universitaires_niveau_id_foreign` FOREIGN KEY (`niveau_id`) REFERENCES `cactus_niveaux` (`id`);

--
-- Constraints for table `cactus_articles`
--
ALTER TABLE `cactus_articles`
  ADD CONSTRAINT `cactus_articles_club_id_foreign` FOREIGN KEY (`club_id`) REFERENCES `cactus_clubs` (`id`);

--
-- Constraints for table `cactus_emploi_du_temps_items`
--
ALTER TABLE `cactus_emploi_du_temps_items`
  ADD CONSTRAINT `cactus_emploi_du_temps_items_emploi_du_temps_id_foreign` FOREIGN KEY (`emploi_du_temps_id`) REFERENCES `cactus_emploi_du_temps` (`id`),
  ADD CONSTRAINT `cactus_emploi_du_temps_items_enseignant_id_foreign` FOREIGN KEY (`enseignant_id`) REFERENCES `cactus_enseignants` (`id`),
  ADD CONSTRAINT `cactus_emploi_du_temps_items_niveau_id_foreign` FOREIGN KEY (`niveau_id`) REFERENCES `cactus_niveaux` (`id`),
  ADD CONSTRAINT `cactus_emploi_du_temps_items_parcours_id_foreign` FOREIGN KEY (`parcours_id`) REFERENCES `cactus_parcours` (`id`);

--
-- Constraints for table `cactus_espace_numeriques`
--
ALTER TABLE `cactus_espace_numeriques`
  ADD CONSTRAINT `cactus_espace_numeriques_enseignant_id_foreign` FOREIGN KEY (`enseignant_id`) REFERENCES `cactus_enseignants` (`id`),
  ADD CONSTRAINT `cactus_espace_numeriques_niveau_id_foreign` FOREIGN KEY (`niveau_id`) REFERENCES `cactus_niveaux` (`id`),
  ADD CONSTRAINT `cactus_espace_numeriques_parcours_id_foreign` FOREIGN KEY (`parcours_id`) REFERENCES `cactus_parcours` (`id`);

--
-- Constraints for table `cactus_etudiants`
--
ALTER TABLE `cactus_etudiants`
  ADD CONSTRAINT `cactus_etudiants_parcours_id_foreign` FOREIGN KEY (`parcours_id`) REFERENCES `cactus_parcours` (`id`);

--
-- Constraints for table `cactus_niveaux`
--
ALTER TABLE `cactus_niveaux`
  ADD CONSTRAINT `cactus_niveaux_formation_id_foreign` FOREIGN KEY (`formation_id`) REFERENCES `cactus_formations` (`id`);

--
-- Constraints for table `cactus_staff`
--
ALTER TABLE `cactus_staff`
  ADD CONSTRAINT `cactus_staff_club_id_foreign` FOREIGN KEY (`club_id`) REFERENCES `cactus_clubs` (`id`),
  ADD CONSTRAINT `cactus_staff_etudiant_id_foreign` FOREIGN KEY (`etudiant_id`) REFERENCES `cactus_etudiants` (`id`);
COMMIT;

/*!40101 SET CHARACTER_SET_CLIENT=@OLD_CHARACTER_SET_CLIENT */;
/*!40101 SET CHARACTER_SET_RESULTS=@OLD_CHARACTER_SET_RESULTS */;
/*!40101 SET COLLATION_CONNECTION=@OLD_COLLATION_CONNECTION */;
